Ejercicio,Fecha de inicio del periodo que se informa,Fecha de término del periodo que se informa,Ámbito(catálogo): Local/Federal,Tipo de programa (catálogo),Denominación del programa o subprograma,"Denominación del subprograma, vertiente o modalidad a la que pertenece la persona beneficiaria, en su caso.","Hipervínculo a la información estadística, en su caso.La información debe publicarse con perspectiva de género, es decir, desagregando la información por sexo.","Área(s) responsable(s) que genera(n), posee(n), publica(n) y actualizan la información",Nombre del(a) funcionario(a) responsable de generar la información,Fecha de validación,Fecha de actualización,Nota,Personas beneficiarias Nombre(s),Personas beneficiarias Primer apellido,Personas beneficiarias Segundo apellido,Personas beneficiarias Denominación social,Personas beneficiarias Sexo (catálogo),Personas beneficiarias Género con el que se identifica la persona (catálogo),Personas beneficiarias Fecha en que la persona se volvió beneficiaria del programa ,"Personas beneficiarias Monto, recurso, beneficio o apoyo (en dinero o en especie) otorgado",Personas beneficiarias Monto en pesos del beneficio o apoyo en especie entregado,Personas beneficiarias Unidad territorial ,Personas beneficiarias Edad (en su caso),"Personas beneficiarias Sexo, en su caso. (catálogo)"
2025,2025-01-01T00:00:00Z,2025-03-31T00:00:00Z,,,,,,Secretaría Técnica,Miguel Ángel Jiménez Vázquez,,2025-03-31T00:00:00Z,"El Instituto Poblano de Pueblos Indígenas informa que no cuenta con padrón de beneficiarios de programas sociales, programas de subsidios, estímulos y apoyos, en el que se deba informar respecto de los programas de transferencias, de servicios, de infraestructura social, y de subsidios por lo que no generó información durante el periodo reportado.",,,,,,,,,,,,
2025,2025-04-01T00:00:00Z,2025-06-30T00:00:00Z,,,,,,Secretaría Técnica,Miguel Ángel Jiménez Vázquez,,2025-06-30T00:00:00Z,"El Instituto Poblano de Pueblos Indígenas informa que no cuenta con padrón de beneficiarios de programas sociales, programas de subsidios, estímulos y apoyos, en el que se deba informar respecto de los programas de transferencias, de servicios, de infraestructura social, y de subsidios por lo que no generó información durante el periodo reportado.",,,,,,,,,,,,
2025,2025-07-01T00:00:00Z,2025-09-30T00:00:00Z,,,,,,Secretaría Técnica,Miguel Ángel Jiménez Vázquez,,2025-09-30T00:00:00Z,"El Instituto Poblano de Pueblos Indígenas informa que no cuenta con padrón de beneficiarios de programas sociales, programas de subsidios, estímulos y apoyos, en el que se deba informar respecto de los programas de transferencias, de servicios, de infraestructura social, y de subsidios por lo que no generó información durante el periodo reportado.",,,,,,,,,,,,
2025,2025-10-01T00:00:00Z,2025-12-31T00:00:00Z,Local,Programas de servicios,Programa para el Desarrollo Integral de los Pueblos Indígenas (E088),"A Participar en el Componente de Apoyo al Desarrollo de la Identidad Indígena en la Vertiente: ""Fortalecimiento a las Economías Indígenas y Afromexicanas: Acompañamiento Técnico a Iniciativas de Valor Agregado y/o Comercialización de Productos de los Pueblos y Comunidades Indígenas del Estado de Puebla"".",,Dirección de Desarrollo con Identidad Indígena,Luz Teresa Méndez Santos,,2025-12-31T00:00:00Z,"El Instituto Poblano de los Pueblos Indígenas informa que respecto a la columna “Edad (en su caso)” se encuentra vacía ya que no se cuenta con la información y respecto a la columna “Hipervínculo a la información estadística, en su caso. La información debe publicarse con perspectiva de género, es decir, desagregando la información por sexo.” se encuentra vacía ya que no se generó la información durante el periodo reportado.",Alexandra,Cruz,Porras,"A Participar en el Componente de Apoyo al Desarrollo de la Identidad Indígena en la Vertiente: ""Fortalecimiento a las Economías Indígenas y Afromexicanas: Acompañamiento Técnico a Iniciativas de Valor Agregado y/o Comercialización de Productos de los Pueblos y Comunidades Indígenas del Estado de Puebla"".",Mujer,Mujer cisgénero,2025-07-22T00:00:00Z,60000,60000,Puebla,,
2025,2025-10-01T00:00:00Z,2025-12-31T00:00:00Z,Local,Programas de servicios,Programa para el Desarrollo Integral de los Pueblos Indígenas (E088),"A Participar en el Componente de Apoyo al Desarrollo de la Identidad Indígena en la Vertiente: ""Fortalecimiento a las Economías Indígenas y Afromexicanas: Acompañamiento Técnico a Iniciativas de Valor Agregado y/o Comercialización de Productos de los Pueblos y Comunidades Indígenas del Estado de Puebla"".",,Dirección de Desarrollo con Identidad Indígena,Luz Teresa Méndez Santos,,2025-12-31T00:00:00Z,"El Instituto Poblano de los Pueblos Indígenas informa que respecto a la columna “Edad (en su caso)” se encuentra vacía ya que no se cuenta con la información y respecto a la columna “Hipervínculo a la información estadística, en su caso. La información debe publicarse con perspectiva de género, es decir, desagregando la información por sexo.” se encuentra vacía ya que no se generó la información durante el periodo reportado.",Sergio,Postrero,Barranco,"A Participar en el Componente de Apoyo al Desarrollo de la Identidad Indígena en la Vertiente: ""Fortalecimiento a las Economías Indígenas y Afromexicanas: Acompañamiento Técnico a Iniciativas de Valor Agregado y/o Comercialización de Productos de los Pueblos y Comunidades Indígenas del Estado de Puebla"".",Hombre,Hombre cisgénero,2025-07-22T00:00:00Z,60000,60000,Puebla,,
2025,2025-10-01T00:00:00Z,2025-12-31T00:00:00Z,Local,Programas de servicios,Programa para el Desarrollo Integral de los Pueblos Indígenas (E088),"A Participar en el Componente de Apoyo al Desarrollo de la Identidad Indígena en la Vertiente: ""Fortalecimiento a las Economías Indígenas y Afromexicanas: Acompañamiento Técnico a Iniciativas de Valor Agregado y/o Comercialización de Productos de los Pueblos y Comunidades Indígenas del Estado de Puebla"".",,Dirección de Desarrollo con Identidad Indígena,Luz Teresa Méndez Santos,,2025-12-31T00:00:00Z,"El Instituto Poblano de los Pueblos Indígenas informa que respecto a la columna “Edad (en su caso)” se encuentra vacía ya que no se cuenta con la información y respecto a la columna “Hipervínculo a la información estadística, en su caso. La información debe publicarse con perspectiva de género, es decir, desagregando la información por sexo.” se encuentra vacía ya que no se generó la información durante el periodo reportado.",Gonzalo,Gaona,Gaona,"A Participar en el Componente de Apoyo al Desarrollo de la Identidad Indígena en la Vertiente: ""Fortalecimiento a las Economías Indígenas y Afromexicanas: Acompañamiento Técnico a Iniciativas de Valor Agregado y/o Comercialización de Productos de los Pueblos y Comunidades Indígenas del Estado de Puebla"".",Hombre,Hombre cisgénero,2025-07-22T00:00:00Z,60000,60000,Puebla,,
2025,2025-10-01T00:00:00Z,2025-12-31T00:00:00Z,Local,Programas de servicios,Programa para el Desarrollo Integral de los Pueblos Indígenas (E088),"A Participar en el Componente de Apoyo al Desarrollo de la Identidad Indígena en la Vertiente: ""Fortalecimiento a las Economías Indígenas y Afromexicanas: Acompañamiento Técnico a Iniciativas de Valor Agregado y/o Comercialización de Productos de los Pueblos y Comunidades Indígenas del Estado de Puebla"".",,Dirección de Desarrollo con Identidad Indígena,Luz Teresa Méndez Santos,,2025-12-31T00:00:00Z,"El Instituto Poblano de los Pueblos Indígenas informa que respecto a la columna “Edad (en su caso)” se encuentra vacía ya que no se cuenta con la información y respecto a la columna “Hipervínculo a la información estadística, en su caso. La información debe publicarse con perspectiva de género, es decir, desagregando la información por sexo.” se encuentra vacía ya que no se generó la información durante el periodo reportado.",Benita,Santana,Montalvan,"A Participar en el Componente de Apoyo al Desarrollo de la Identidad Indígena en la Vertiente: ""Fortalecimiento a las Economías Indígenas y Afromexicanas: Acompañamiento Técnico a Iniciativas de Valor Agregado y/o Comercialización de Productos de los Pueblos y Comunidades Indígenas del Estado de Puebla"".",Mujer,Mujer cisgénero,2025-07-22T00:00:00Z,60000,60000,Puebla,,
2025,2025-10-01T00:00:00Z,2025-12-31T00:00:00Z,Local,Programas de servicios,Programa para el Desarrollo Integral de los Pueblos Indígenas (E088),"A Participar en el Componente de Apoyo al Desarrollo de la Identidad Indígena en la Vertiente:  ""Fortalecimiento a las Economías Indígenas y Afromexicanas: Fortalecimiento a Iniciativas de Valor Agregado y/o Comercialización en Pueblos y Comunidades Indígenas del Estado de Puebla"".",,Dirección de Desarrollo con Identidad Indígena,Luz Teresa Méndez Santos,,2025-12-31T00:00:00Z,"El Instituto Poblano de los Pueblos Indígenas informa que respecto a la columna “Edad (en su caso)” se encuentra vacía ya que no se cuenta con la información y respecto a la columna “Hipervínculo a la información estadística, en su caso. La información debe publicarse con perspectiva de género, es decir, desagregando la información por sexo.” se encuentra vacía ya que no se generó la información durante el periodo reportado.",Lidia,Lima,Salazar,"A Participar en el Componente de Apoyo al Desarrollo de la Identidad Indígena en la Vertiente:  ""Fortalecimiento a las Economías Indígenas y Afromexicanas: Fortalecimiento a Iniciativas de Valor Agregado y/o Comercialización en Pueblos y Comunidades Indígenas del Estado de Puebla"".",Mujer,Mujer cisgénero,2025-07-22T00:00:00Z,60000,60000,Puebla,,
2025,2025-10-01T00:00:00Z,2025-12-31T00:00:00Z,Local,Programas de servicios,Programa para el Desarrollo Integral de los Pueblos Indígenas (E088),"A Participar en el Componente de Apoyo al Desarrollo de la Identidad Indígena en la Vertiente:  ""Fortalecimiento a las Economías Indígenas y Afromexicanas: Fortalecimiento a Iniciativas de Valor Agregado y/o Comercialización en Pueblos y Comunidades Indígenas del Estado de Puebla"".",,Dirección de Desarrollo con Identidad Indígena,Luz Teresa Méndez Santos,,2025-12-31T00:00:00Z,"El Instituto Poblano de los Pueblos Indígenas informa que respecto a la columna “Edad (en su caso)” se encuentra vacía ya que no se cuenta con la información y respecto a la columna “Hipervínculo a la información estadística, en su caso. La información debe publicarse con perspectiva de género, es decir, desagregando la información por sexo.” se encuentra vacía ya que no se generó la información durante el periodo reportado.",Karina,Hernández,García,"A Participar en el Componente de Apoyo al Desarrollo de la Identidad Indígena en la Vertiente:  ""Fortalecimiento a las Economías Indígenas y Afromexicanas: Fortalecimiento a Iniciativas de Valor Agregado y/o Comercialización en Pueblos y Comunidades Indígenas del Estado de Puebla"".",Mujer,Mujer cisgénero,2025-07-22T00:00:00Z,60000,60000,Puebla,,
2025,2025-10-01T00:00:00Z,2025-12-31T00:00:00Z,Local,Programas de servicios,Programa para el Desarrollo Integral de los Pueblos Indígenas (E088),"A Participar en el Componente de Apoyo al Desarrollo de la Identidad Indígena en la Vertiente:  ""Fortalecimiento a las Economías Indígenas y Afromexicanas: Fortalecimiento a Iniciativas de Valor Agregado y/o Comercialización en Pueblos y Comunidades Indígenas del Estado de Puebla"".",,Dirección de Desarrollo con Identidad Indígena,Luz Teresa Méndez Santos,,2025-12-31T00:00:00Z,"El Instituto Poblano de los Pueblos Indígenas informa que respecto a la columna “Edad (en su caso)” se encuentra vacía ya que no se cuenta con la información y respecto a la columna “Hipervínculo a la información estadística, en su caso. La información debe publicarse con perspectiva de género, es decir, desagregando la información por sexo.” se encuentra vacía ya que no se generó la información durante el periodo reportado.",Beny Antonio,Pérez,Alcántara,"A Participar en el Componente de Apoyo al Desarrollo de la Identidad Indígena en la Vertiente:  ""Fortalecimiento a las Economías Indígenas y Afromexicanas: Fortalecimiento a Iniciativas de Valor Agregado y/o Comercialización en Pueblos y Comunidades Indígenas del Estado de Puebla"".",Hombre,Hombre cisgénero,2025-07-22T00:00:00Z,60000,60000,Puebla,,
2025,2025-10-01T00:00:00Z,2025-12-31T00:00:00Z,Local,Programas de servicios,Programa para el Desarrollo Integral de los Pueblos Indígenas (E088),"A Participar en el Componente de Apoyo al Desarrollo de la Identidad Indígena en la Vertiente:  ""Fortalecimiento a las Economías Indígenas y Afromexicanas: Fortalecimiento a Iniciativas de Valor Agregado y/o Comercialización en Pueblos y Comunidades Indígenas del Estado de Puebla"".",,Dirección de Desarrollo con Identidad Indígena,Luz Teresa Méndez Santos,,2025-12-31T00:00:00Z,"El Instituto Poblano de los Pueblos Indígenas informa que respecto a la columna “Edad (en su caso)” se encuentra vacía ya que no se cuenta con la información y respecto a la columna “Hipervínculo a la información estadística, en su caso. La información debe publicarse con perspectiva de género, es decir, desagregando la información por sexo.” se encuentra vacía ya que no se generó la información durante el periodo reportado.",Marycarmen,Huerta,Gómez,"A Participar en el Componente de Apoyo al Desarrollo de la Identidad Indígena en la Vertiente:  ""Fortalecimiento a las Economías Indígenas y Afromexicanas: Fortalecimiento a Iniciativas de Valor Agregado y/o Comercialización en Pueblos y Comunidades Indígenas del Estado de Puebla"".",Mujer,Mujer cisgénero,2025-07-22T00:00:00Z,60000,60000,Puebla,,
2025,2025-10-01T00:00:00Z,2025-12-31T00:00:00Z,Local,Programas de servicios,Programa para el Desarrollo Integral de los Pueblos Indígenas (E088),"A Participar en el Componente de Apoyo al Desarrollo de la Identidad Indígena en la Vertiente:  ""Planeación Participativa con Pertinencia Intercultural: Apoyo para el Desarrollo de Capacidades en Planeación Participativa, Identificación y Diseño de Proyectos con Pertinencia Cultural"".",,Dirección de Desarrollo con Identidad Indígena,Luz Teresa Méndez Santos,,2025-12-31T00:00:00Z,"El Instituto Poblano de los Pueblos Indígenas informa que respecto a la columna “Edad (en su caso)” se encuentra vacía ya que no se cuenta con la información y respecto a la columna “Hipervínculo a la información estadística, en su caso. La información debe publicarse con perspectiva de género, es decir, desagregando la información por sexo.” se encuentra vacía ya que no se generó la información durante el periodo reportado.",Alejandro,Castro,Carrera,"A Participar en el Componente de Apoyo al Desarrollo de la Identidad Indígena en la Vertiente:  ""Planeación Participativa con Pertinencia Intercultural: Apoyo para el Desarrollo de Capacidades en Planeación Participativa, Identificación y Diseño de Proyectos con Pertinencia Cultural"".",Hombre,Hombre cisgénero,2025-07-22T00:00:00Z,60000,60000,Puebla,,
2025,2025-10-01T00:00:00Z,2025-12-31T00:00:00Z,Local,Programas de servicios,Programa para el Desarrollo Integral de los Pueblos Indígenas (E088),"A Participar en el Componente de Apoyo al Desarrollo de la Identidad Indígena en la Vertiente:  ""Planeación Participativa con Pertinencia Intercultural: Apoyo para el Desarrollo de Capacidades en Planeación Participativa, Identificación y Diseño de Proyectos con Pertinencia Cultural"".",,Dirección de Desarrollo con Identidad Indígena,Luz Teresa Méndez Santos,,2025-12-31T00:00:00Z,"El Instituto Poblano de los Pueblos Indígenas informa que respecto a la columna “Edad (en su caso)” se encuentra vacía ya que no se cuenta con la información y respecto a la columna “Hipervínculo a la información estadística, en su caso. La información debe publicarse con perspectiva de género, es decir, desagregando la información por sexo.” se encuentra vacía ya que no se generó la información durante el periodo reportado.",Valentín Alejandro,Torres,López,"A Participar en el Componente de Apoyo al Desarrollo de la Identidad Indígena en la Vertiente:  ""Planeación Participativa con Pertinencia Intercultural: Apoyo para el Desarrollo de Capacidades en Planeación Participativa, Identificación y Diseño de Proyectos con Pertinencia Cultural"".",Hombre,Hombre cisgénero,2025-07-22T00:00:00Z,60000,60000,Puebla,,
2025,2025-10-01T00:00:00Z,2025-12-31T00:00:00Z,Local,Programas de servicios,Programa para el Desarrollo Integral de los Pueblos Indígenas (E088),"A Participar en el Componente de Apoyo al Desarrollo de la Identidad Indígena en la Vertiente:  ""Planeación Participativa con Pertinencia Intercultural: Apoyo para el Desarrollo de Capacidades en Planeación Participativa, Identificación y Diseño de Proyectos con Pertinencia Cultural"".",,Dirección de Desarrollo con Identidad Indígena,Luz Teresa Méndez Santos,,2025-12-31T00:00:00Z,"El Instituto Poblano de los Pueblos Indígenas informa que respecto a la columna “Edad (en su caso)” se encuentra vacía ya que no se cuenta con la información y respecto a la columna “Hipervínculo a la información estadística, en su caso. La información debe publicarse con perspectiva de género, es decir, desagregando la información por sexo.” se encuentra vacía ya que no se generó la información durante el periodo reportado.",Omar Elihu,Ortíz,Sánchez,"A Participar en el Componente de Apoyo al Desarrollo de la Identidad Indígena en la Vertiente:  ""Planeación Participativa con Pertinencia Intercultural: Apoyo para el Desarrollo de Capacidades en Planeación Participativa, Identificación y Diseño de Proyectos con Pertinencia Cultural"".",Hombre,Hombre cisgénero,2025-07-22T00:00:00Z,60000,60000,Puebla,,
2025,2025-10-01T00:00:00Z,2025-12-31T00:00:00Z,Local,Programas de servicios,Programa para el Desarrollo Integral de los Pueblos Indígenas (E088),"A Participar en el Componente de Apoyo al Desarrollo de la Identidad Indígena en la Vertiente:  ""Planeación Participativa con Pertinencia Intercultural: Apoyo para el Desarrollo de Capacidades en Planeación Participativa, Identificación y Diseño de Proyectos con Pertinencia Cultural"".",,Dirección de Desarrollo con Identidad Indígena,Luz Teresa Méndez Santos,,2025-12-31T00:00:00Z,"El Instituto Poblano de los Pueblos Indígenas informa que respecto a la columna “Edad (en su caso)” se encuentra vacía ya que no se cuenta con la información y respecto a la columna “Hipervínculo a la información estadística, en su caso. La información debe publicarse con perspectiva de género, es decir, desagregando la información por sexo.” se encuentra vacía ya que no se generó la información durante el periodo reportado.",Marlen Yulisa,Antilano,Trujillo,"A Participar en el Componente de Apoyo al Desarrollo de la Identidad Indígena en la Vertiente:  ""Planeación Participativa con Pertinencia Intercultural: Apoyo para el Desarrollo de Capacidades en Planeación Participativa, Identificación y Diseño de Proyectos con Pertinencia Cultural"".",Mujer,Mujer cisgénero,2025-07-22T00:00:00Z,60000,60000,Puebla,,
2025,2025-10-01T00:00:00Z,2025-12-31T00:00:00Z,Local,Programas de servicios,Programa para el Desarrollo Integral de los Pueblos Indígenas (E088),"A Participar en el Componente de Apoyo al Desarrollo de la Identidad Indígena en la Vertiente:  ""Planeación Participativa con Pertinencia Intercultural: Apoyo para el Desarrollo de Capacidades en Planeación Participativa, Identificación y Diseño de Proyectos con Pertinencia Cultural"".",,Dirección de Desarrollo con Identidad Indígena,Luz Teresa Méndez Santos,,2025-12-31T00:00:00Z,"El Instituto Poblano de los Pueblos Indígenas informa que respecto a la columna “Edad (en su caso)” se encuentra vacía ya que no se cuenta con la información y respecto a la columna “Hipervínculo a la información estadística, en su caso. La información debe publicarse con perspectiva de género, es decir, desagregando la información por sexo.” se encuentra vacía ya que no se generó la información durante el periodo reportado.",Mónica,Morales,Hernández,"A Participar en el Componente de Apoyo al Desarrollo de la Identidad Indígena en la Vertiente:  ""Planeación Participativa con Pertinencia Intercultural: Apoyo para el Desarrollo de Capacidades en Planeación Participativa, Identificación y Diseño de Proyectos con Pertinencia Cultural"".",Mujer,Mujer cisgénero,2025-07-22T00:00:00Z,60000,60000,Puebla,,
2025,2025-10-01T00:00:00Z,2025-12-31T00:00:00Z,Local,Programas de servicios,Programa para el Desarrollo Integral de los Pueblos Indígenas (E088),"A Participar en el Componente de Apoyo al Desarrollo de la Identidad Indígena en la Vertiente:  ""Planeación Participativa con Pertinencia Intercultural: Apoyo para el Desarrollo de Capacidades en Planeación Participativa, Identificación y Diseño de Proyectos con Pertinencia Cultural"".",,Dirección de Desarrollo con Identidad Indígena,Luz Teresa Méndez Santos,,2025-12-31T00:00:00Z,"El Instituto Poblano de los Pueblos Indígenas informa que respecto a la columna “Edad (en su caso)” se encuentra vacía ya que no se cuenta con la información y respecto a la columna “Hipervínculo a la información estadística, en su caso. La información debe publicarse con perspectiva de género, es decir, desagregando la información por sexo.” se encuentra vacía ya que no se generó la información durante el periodo reportado.",María Esther,Nieto,Sánchez,"A Participar en el Componente de Apoyo al Desarrollo de la Identidad Indígena en la Vertiente:  ""Planeación Participativa con Pertinencia Intercultural: Apoyo para el Desarrollo de Capacidades en Planeación Participativa, Identificación y Diseño de Proyectos con Pertinencia Cultural"".",Mujer,Mujer cisgénero,2025-07-22T00:00:00Z,60000,60000,Puebla,,
2025,2025-10-01T00:00:00Z,2025-12-31T00:00:00Z,Local,Programas de servicios,Programa para el Desarrollo Integral de los Pueblos Indígenas (E088),"A Participar en el Componente de Apoyo al Desarrollo de la Identidad Indígena en la Vertiente:  ""Planeación Participativa con Pertinencia Intercultural: Apoyo para el Desarrollo de Capacidades en Planeación Participativa, Identificación y Diseño de Proyectos con Pertinencia Cultural"".",,Dirección de Desarrollo con Identidad Indígena,Luz Teresa Méndez Santos,,2025-12-31T00:00:00Z,"El Instituto Poblano de los Pueblos Indígenas informa que respecto a la columna “Edad (en su caso)” se encuentra vacía ya que no se cuenta con la información y respecto a la columna “Hipervínculo a la información estadística, en su caso. La información debe publicarse con perspectiva de género, es decir, desagregando la información por sexo.” se encuentra vacía ya que no se generó la información durante el periodo reportado.",Bernabé,Alba,Martínez,"A Participar en el Componente de Apoyo al Desarrollo de la Identidad Indígena en la Vertiente:  ""Planeación Participativa con Pertinencia Intercultural: Apoyo para el Desarrollo de Capacidades en Planeación Participativa, Identificación y Diseño de Proyectos con Pertinencia Cultural"".",Hombre,Hombre cisgénero,2025-07-22T00:00:00Z,60000,60000,Puebla,,
2025,2025-10-01T00:00:00Z,2025-12-31T00:00:00Z,Local,Programas de servicios,Programa para el Desarrollo Integral de los Pueblos Indígenas (E088),"A Participar en el Componente de Apoyo al Desarrollo de la Identidad Indígena en la Vertiente:  ""Planeación Participativa con Pertinencia Intercultural: Apoyo para el Desarrollo de Capacidades en Planeación Participativa, Identificación y Diseño de Proyectos con Pertinencia Cultural"".",,Dirección de Desarrollo con Identidad Indígena,Luz Teresa Méndez Santos,,2025-12-31T00:00:00Z,"El Instituto Poblano de los Pueblos Indígenas informa que respecto a la columna “Edad (en su caso)” se encuentra vacía ya que no se cuenta con la información y respecto a la columna “Hipervínculo a la información estadística, en su caso. La información debe publicarse con perspectiva de género, es decir, desagregando la información por sexo.” se encuentra vacía ya que no se generó la información durante el periodo reportado.",Mario Gumercindo,Flores,Pastelín,"A Participar en el Componente de Apoyo al Desarrollo de la Identidad Indígena en la Vertiente:  ""Planeación Participativa con Pertinencia Intercultural: Apoyo para el Desarrollo de Capacidades en Planeación Participativa, Identificación y Diseño de Proyectos con Pertinencia Cultural"".",Hombre,Hombre cisgénero,2025-07-22T00:00:00Z,60000,60000,Puebla,,
2025,2025-10-01T00:00:00Z,2025-12-31T00:00:00Z,Local,Programas de servicios,Programa para el Desarrollo Integral de los Pueblos Indígenas (E088),"A Participar en el Componente de Apoyo al Desarrollo de la Identidad Indígena en la Vertiente:  ""Planeación Participativa con Pertinencia Intercultural: Apoyo para el Desarrollo de Capacidades en Planeación Participativa, Identificación y Diseño de Proyectos con Pertinencia Cultural"".",,Dirección de Desarrollo con Identidad Indígena,Luz Teresa Méndez Santos,,2025-12-31T00:00:00Z,"El Instituto Poblano de los Pueblos Indígenas informa que respecto a la columna “Edad (en su caso)” se encuentra vacía ya que no se cuenta con la información y respecto a la columna “Hipervínculo a la información estadística, en su caso. La información debe publicarse con perspectiva de género, es decir, desagregando la información por sexo.” se encuentra vacía ya que no se generó la información durante el periodo reportado.",Aurelia,Luisa,Pérez,"A Participar en el Componente de Apoyo al Desarrollo de la Identidad Indígena en la Vertiente:  ""Planeación Participativa con Pertinencia Intercultural: Apoyo para el Desarrollo de Capacidades en Planeación Participativa, Identificación y Diseño de Proyectos con Pertinencia Cultural"".",Mujer,Mujer cisgénero,2025-07-22T00:00:00Z,60000,60000,Puebla,,
2025,2025-10-01T00:00:00Z,2025-12-31T00:00:00Z,Local,Programas de servicios,Programa para el Desarrollo Integral de los Pueblos Indígenas (E088),"A Participar en el Componente de Apoyo al Desarrollo de la Identidad Indígena en la Vertiente: ""Proyectos con Pertinencia Intercultural: Apoyo para la Implementación de Proyectos con Pertinencia Cultural"".",,Dirección de Desarrollo con Identidad Indígena,Luz Teresa Méndez Santos,,2025-12-31T00:00:00Z,"El Instituto Poblano de los Pueblos Indígenas informa que respecto a la columna “Edad (en su caso)” se encuentra vacía ya que no se cuenta con la información respecto a la columna “Hipervínculo a la información estadística, en su caso. La información debe publicarse con perspectiva de género, es decir, desagregando la información por sexo.” se encuentra vacía ya que no se generó la información durante el periodo reportado.",Ruben,Hernández,Diaz,"A Participar en el Componente de Apoyo al Desarrollo de la Identidad Indígena en la Vertiente: ""Proyectos con Pertinencia Intercultural: Apoyo para la Implementación de Proyectos con Pertinencia Cultural"".",Hombre,Hombre cisgénero,2025-07-22T00:00:00Z,40000,40000,Puebla,,
2025,2025-10-01T00:00:00Z,2025-12-31T00:00:00Z,Local,Programas de servicios,Programa para el Desarrollo Integral de los Pueblos Indígenas (E088),"A Participar en el Componente de Apoyo al Desarrollo de la Identidad Indígena en la Vertiente: ""Proyectos con Pertinencia Intercultural: Apoyo para la Implementación de Proyectos con Pertinencia Cultural"".",,Dirección de Desarrollo con Identidad Indígena,Luz Teresa Méndez Santos,,2025-12-31T00:00:00Z,"El Instituto Poblano de los Pueblos Indígenas informa que respecto a la columna “Edad (en su caso)” se encuentra vacía ya que no se cuenta con la información respecto a la columna “Hipervínculo a la información estadística, en su caso. La información debe publicarse con perspectiva de género, es decir, desagregando la información por sexo.” se encuentra vacía ya que no se generó la información durante el periodo reportado.",Bartolo,Sánchez,Vázquez,"A Participar en el Componente de Apoyo al Desarrollo de la Identidad Indígena en la Vertiente: ""Proyectos con Pertinencia Intercultural: Apoyo para la Implementación de Proyectos con Pertinencia Cultural"".",Hombre,Hombre cisgénero,2025-07-22T00:00:00Z,40000,40000,Puebla,,
2025,2025-10-01T00:00:00Z,2025-12-31T00:00:00Z,Local,Programas de servicios,Programa para el Desarrollo Integral de los Pueblos Indígenas (E088),"A Participar en el Componente de Apoyo al Desarrollo de la Identidad Indígena en la Vertiente: ""Proyectos con Pertinencia Intercultural: Apoyo para la Implementación de Proyectos con Pertinencia Cultural"".",,Dirección de Desarrollo con Identidad Indígena,Luz Teresa Méndez Santos,,2025-12-31T00:00:00Z,"El Instituto Poblano de los Pueblos Indígenas informa que respecto a la columna “Edad (en su caso)” se encuentra vacía ya que no se cuenta con la información respecto a la columna “Hipervínculo a la información estadística, en su caso. La información debe publicarse con perspectiva de género, es decir, desagregando la información por sexo.” se encuentra vacía ya que no se generó la información durante el periodo reportado.",Cirenia,Hernández,de Jesús,"A Participar en el Componente de Apoyo al Desarrollo de la Identidad Indígena en la Vertiente: ""Proyectos con Pertinencia Intercultural: Apoyo para la Implementación de Proyectos con Pertinencia Cultural"".",Mujer,Mujer cisgénero,2025-07-22T00:00:00Z,40000,40000,Puebla,,
2025,2025-10-01T00:00:00Z,2025-12-31T00:00:00Z,Local,Programas de servicios,Programa para el Desarrollo Integral de los Pueblos Indígenas (E088),"A Participar en el Componente de Apoyo al Desarrollo de la Identidad Indígena en la Vertiente: ""Proyectos con Pertinencia Intercultural: Apoyo para la Implementación de Proyectos con Pertinencia Cultural"".",,Dirección de Desarrollo con Identidad Indígena,Luz Teresa Méndez Santos,,2025-12-31T00:00:00Z,"El Instituto Poblano de los Pueblos Indígenas informa que respecto a la columna “Edad (en su caso)” se encuentra vacía ya que no se cuenta con la información respecto a la columna “Hipervínculo a la información estadística, en su caso. La información debe publicarse con perspectiva de género, es decir, desagregando la información por sexo.” se encuentra vacía ya que no se generó la información durante el periodo reportado.",Lucia,Flores,Romero,"A Participar en el Componente de Apoyo al Desarrollo de la Identidad Indígena en la Vertiente: ""Proyectos con Pertinencia Intercultural: Apoyo para la Implementación de Proyectos con Pertinencia Cultural"".",Mujer,Mujer cisgénero,2025-07-22T00:00:00Z,40000,40000,Puebla,,
2025,2025-10-01T00:00:00Z,2025-12-31T00:00:00Z,Local,Programas de servicios,Programa para el Desarrollo Integral de los Pueblos Indígenas (E088),"A Participar en la Vertiente ""Premio Estatal a la Mujer Indígena"" del Componente de Apoyo al Patrimonio Cultural con Enfoque de Igualdad Sustantiva.",,Direccion de Patrimonio Cultural Investigacion y Educacion para la Equidad,Pablo Ruiz Gonzalez,,2025-12-31T00:00:00Z,"El Instituto Poblano de los Pueblos Indígenas informa que Cabe precisa que el C. Pablo Ruiz Gonzalez, desempeñó el cargo de Director de Patrimonio Cultural Investigacion y Educacion para la Equidad  del Instituto Poblano de los Pueblos Indígenas del 01 de enero al 15 de octubre de 2025, por renuncia voluntaria, por lo que se informa que del 16 de octubre al 31 de diciembre de 2025 se encuentra sin titular dicha Unidad.",Guadalupe,Hernandez,Arellano,"A Participar en la Vertiente ""Premio Estatal a la Mujer Indígena"" del Componente de Apoyo al Patrimonio Cultural con Enfoque de Igualdad Sustantiva.",Mujer,Mujer cisgénero,2025-08-27T00:00:00Z,25000,25000,Puebla,,
2025,2025-10-01T00:00:00Z,2025-12-31T00:00:00Z,Local,Programas de servicios,Programa para el Desarrollo Integral de los Pueblos Indígenas (E088),"A Participar en la Vertiente ""Premio Estatal a la Mujer Indígena"" del Componente de Apoyo al Patrimonio Cultural con Enfoque de Igualdad Sustantiva.",,Direccion de Patrimonio Cultural Investigacion y Educacion para la Equidad,Pablo Ruiz Gonzalez,,2025-12-31T00:00:00Z,"El Instituto Poblano de los Pueblos Indígenas informa que Cabe precisa que el C. Pablo Ruiz Gonzalez, desempeñó el cargo de Director de Patrimonio Cultural Investigacion y Educacion para la Equidad  del Instituto Poblano de los Pueblos Indígenas del 01 de enero al 15 de octubre de 2025, por renuncia voluntaria, por lo que se informa que del 16 de octubre al 31 de diciembre de 2025 se encuentra sin titular dicha Unidad.",Rufina,Rosas,Arriaga,"A Participar en la Vertiente ""Premio Estatal a la Mujer Indígena"" del Componente de Apoyo al Patrimonio Cultural con Enfoque de Igualdad Sustantiva.",Mujer,Mujer cisgénero,2025-08-27T00:00:00Z,25000,25000,Puebla,,
2025,2025-10-01T00:00:00Z,2025-12-31T00:00:00Z,Local,Programas de servicios,Programa para el Desarrollo Integral de los Pueblos Indígenas (E088),"A Participar en la Vertiente ""Premio Estatal a la Mujer Indígena"" del Componente de Apoyo al Patrimonio Cultural con Enfoque de Igualdad Sustantiva.",,Direccion de Patrimonio Cultural Investigacion y Educacion para la Equidad,Pablo Ruiz Gonzalez,,2025-12-31T00:00:00Z,"El Instituto Poblano de los Pueblos Indígenas informa que Cabe precisa que el C. Pablo Ruiz Gonzalez, desempeñó el cargo de Director de Patrimonio Cultural Investigacion y Educacion para la Equidad  del Instituto Poblano de los Pueblos Indígenas del 01 de enero al 15 de octubre de 2025, por renuncia voluntaria, por lo que se informa que del 16 de octubre al 31 de diciembre de 2025 se encuentra sin titular dicha Unidad.",Irma,Vargas,Vargas,"A Participar en la Vertiente ""Premio Estatal a la Mujer Indígena"" del Componente de Apoyo al Patrimonio Cultural con Enfoque de Igualdad Sustantiva.",Mujer,Mujer cisgénero,2025-08-27T00:00:00Z,25000,25000,Puebla,,
2025,2025-10-01T00:00:00Z,2025-12-31T00:00:00Z,Local,Programas de servicios,Programa para el Desarrollo Integral de los Pueblos Indígenas (E088),"A Participar en la Vertiente ""Premio Estatal a la Mujer Indígena"" del Componente de Apoyo al Patrimonio Cultural con Enfoque de Igualdad Sustantiva.",,Direccion de Patrimonio Cultural Investigacion y Educacion para la Equidad,Pablo Ruiz Gonzalez,,2025-12-31T00:00:00Z,"El Instituto Poblano de los Pueblos Indígenas informa que Cabe precisa que el C. Pablo Ruiz Gonzalez, desempeñó el cargo de Director de Patrimonio Cultural Investigacion y Educacion para la Equidad  del Instituto Poblano de los Pueblos Indígenas del 01 de enero al 15 de octubre de 2025, por renuncia voluntaria, por lo que se informa que del 16 de octubre al 31 de diciembre de 2025 se encuentra sin titular dicha Unidad.",Veronica,Sanchez,Garcia,"A Participar en la Vertiente ""Premio Estatal a la Mujer Indígena"" del Componente de Apoyo al Patrimonio Cultural con Enfoque de Igualdad Sustantiva.",Mujer,Mujer cisgénero,2025-08-27T00:00:00Z,25000,25000,Puebla,,
2025,2025-10-01T00:00:00Z,2025-12-31T00:00:00Z,Local,Programas de servicios,Programa para el Desarrollo Integral de los Pueblos Indígenas (E088),"A Participar en la Vertiente ""Premio Estatal a la Mujer Indígena"" del Componente de Apoyo al Patrimonio Cultural con Enfoque de Igualdad Sustantiva.",,Direccion de Patrimonio Cultural Investigacion y Educacion para la Equidad,Pablo Ruiz Gonzalez,,2025-12-31T00:00:00Z,"El Instituto Poblano de los Pueblos Indígenas informa que Cabe precisa que el C. Pablo Ruiz Gonzalez, desempeñó el cargo de Director de Patrimonio Cultural Investigacion y Educacion para la Equidad  del Instituto Poblano de los Pueblos Indígenas del 01 de enero al 15 de octubre de 2025, por renuncia voluntaria, por lo que se informa que del 16 de octubre al 31 de diciembre de 2025 se encuentra sin titular dicha Unidad.",Ocotlan,Salazar,Juarez,"A Participar en la Vertiente ""Premio Estatal a la Mujer Indígena"" del Componente de Apoyo al Patrimonio Cultural con Enfoque de Igualdad Sustantiva.",Mujer,Mujer cisgénero,2025-08-27T00:00:00Z,25000,25000,Puebla,,
2025,2025-10-01T00:00:00Z,2025-12-31T00:00:00Z,Local,Programas de servicios,Programa para el Desarrollo Integral de los Pueblos Indígenas (E088),"A Participar en la Vertiente ""Premio Estatal a la Mujer Indígena"" del Componente de Apoyo al Patrimonio Cultural con Enfoque de Igualdad Sustantiva.",,Direccion de Patrimonio Cultural Investigacion y Educacion para la Equidad,Pablo Ruiz Gonzalez,,2025-12-31T00:00:00Z,"El Instituto Poblano de los Pueblos Indígenas informa que Cabe precisa que el C. Pablo Ruiz Gonzalez, desempeñó el cargo de Director de Patrimonio Cultural Investigacion y Educacion para la Equidad  del Instituto Poblano de los Pueblos Indígenas del 01 de enero al 15 de octubre de 2025, por renuncia voluntaria, por lo que se informa que del 16 de octubre al 31 de diciembre de 2025 se encuentra sin titular dicha Unidad.",Concepcion,Cruz,Lopez,"A Participar en la Vertiente ""Premio Estatal a la Mujer Indígena"" del Componente de Apoyo al Patrimonio Cultural con Enfoque de Igualdad Sustantiva.",Mujer,Mujer cisgénero,2025-08-27T00:00:00Z,25000,25000,Puebla,,
2025,2025-10-01T00:00:00Z,2025-12-31T00:00:00Z,Local,Programas de servicios,Programa para el Desarrollo Integral de los Pueblos Indígenas (E088),"A Participar en la Vertiente  ""Medicina Tradicional"" del Componente de Apoyo al Fortalecimiento al Patrimonio Cultural con Enfoque de Igualdad Sustantiva.",,Direccion de Patrimonio Cultural Investigacion y Educacion para la Equidad,Pablo Ruiz Gonzalez,,2025-12-31T00:00:00Z,"El Instituto Poblano de los Pueblos Indígenas informa que Cabe precisa que el C. Pablo Ruiz Gonzalez, desempeñó el cargo de Director de Patrimonio Cultural Investigacion y Educacion para la Equidad  del Instituto Poblano de los Pueblos Indígenas del 01 de enero al 15 de octubre de 2025, por renuncia voluntaria, por lo que se informa que del 16 de octubre al 31 de diciembre de 2025 se encuentra sin titular dicha Unidad.",Natividad Cravioto Rivera,Cravioto,Rivera,"A Participar en la Vertiente  ""Medicina Tradicional"" del Componente de Apoyo al Fortalecimiento al Patrimonio Cultural con Enfoque de Igualdad Sustantiva.",Mujer,Mujer cisgénero,2025-07-30T00:00:00Z,50000,50000,Puebla,,
2025,2025-10-01T00:00:00Z,2025-12-31T00:00:00Z,Local,Programas de servicios,Programa para el Desarrollo Integral de los Pueblos Indígenas (E088),"A Participar en la Vertiente  ""Medicina Tradicional"" del Componente de Apoyo al Fortalecimiento al Patrimonio Cultural con Enfoque de Igualdad Sustantiva.",,Direccion de Patrimonio Cultural Investigacion y Educacion para la Equidad,Pablo Ruiz Gonzalez,,2025-12-31T00:00:00Z,"El Instituto Poblano de los Pueblos Indígenas informa que Cabe precisa que el C. Pablo Ruiz Gonzalez, desempeñó el cargo de Director de Patrimonio Cultural Investigacion y Educacion para la Equidad  del Instituto Poblano de los Pueblos Indígenas del 01 de enero al 15 de octubre de 2025, por renuncia voluntaria, por lo que se informa que del 16 de octubre al 31 de diciembre de 2025 se encuentra sin titular dicha Unidad.",Rosa Felicitas Calihua Ginez,Calihua,Ginez,"A Participar en la Vertiente  ""Medicina Tradicional"" del Componente de Apoyo al Fortalecimiento al Patrimonio Cultural con Enfoque de Igualdad Sustantiva.",Mujer,Mujer cisgénero,2025-07-30T00:00:00Z,50000,50000,Puebla,,
2025,2025-10-01T00:00:00Z,2025-12-31T00:00:00Z,Local,Programas de servicios,Programa para el Desarrollo Integral de los Pueblos Indígenas (E088),"A Participar en la Vertiente  ""Medicina Tradicional"" del Componente de Apoyo al Fortalecimiento al Patrimonio Cultural con Enfoque de Igualdad Sustantiva.",,Direccion de Patrimonio Cultural Investigacion y Educacion para la Equidad,Pablo Ruiz Gonzalez,,2025-12-31T00:00:00Z,"El Instituto Poblano de los Pueblos Indígenas informa que Cabe precisa que el C. Pablo Ruiz Gonzalez, desempeñó el cargo de Director de Patrimonio Cultural Investigacion y Educacion para la Equidad  del Instituto Poblano de los Pueblos Indígenas del 01 de enero al 15 de octubre de 2025, por renuncia voluntaria, por lo que se informa que del 16 de octubre al 31 de diciembre de 2025 se encuentra sin titular dicha Unidad.",Lidia,Lucas,Bautista,"A Participar en la Vertiente  ""Medicina Tradicional"" del Componente de Apoyo al Fortalecimiento al Patrimonio Cultural con Enfoque de Igualdad Sustantiva.",Mujer,Mujer cisgénero,2025-07-30T00:00:00Z,50000,50000,Puebla,,
2025,2025-10-01T00:00:00Z,2025-12-31T00:00:00Z,Local,Programas de servicios,Programa para el Desarrollo Integral de los Pueblos Indígenas (E088),"A Participar en la Vertiente  ""Medicina Tradicional"" del Componente de Apoyo al Fortalecimiento al Patrimonio Cultural con Enfoque de Igualdad Sustantiva.",,Direccion de Patrimonio Cultural Investigacion y Educacion para la Equidad,Pablo Ruiz Gonzalez,,2025-12-31T00:00:00Z,"El Instituto Poblano de los Pueblos Indígenas informa que Cabe precisa que el C. Pablo Ruiz Gonzalez, desempeñó el cargo de Director de Patrimonio Cultural Investigacion y Educacion para la Equidad  del Instituto Poblano de los Pueblos Indígenas del 01 de enero al 15 de octubre de 2025, por renuncia voluntaria, por lo que se informa que del 16 de octubre al 31 de diciembre de 2025 se encuentra sin titular dicha Unidad.",Salvador,Cruz,De Jesus,"A Participar en la Vertiente  ""Medicina Tradicional"" del Componente de Apoyo al Fortalecimiento al Patrimonio Cultural con Enfoque de Igualdad Sustantiva.",Hombre,Hombre cisgénero,2025-07-30T00:00:00Z,50000,50000,Puebla,,
2025,2025-10-01T00:00:00Z,2025-12-31T00:00:00Z,Local,Programas de servicios,Programa para el Desarrollo Integral de los Pueblos Indígenas (E088),"A Participar en la Vertiente  ""Medicina Tradicional"" del Componente de Apoyo al Fortalecimiento al Patrimonio Cultural con Enfoque de Igualdad Sustantiva.",,Direccion de Patrimonio Cultural Investigacion y Educacion para la Equidad,Pablo Ruiz Gonzalez,,2025-12-31T00:00:00Z,"El Instituto Poblano de los Pueblos Indígenas informa que Cabe precisa que el C. Pablo Ruiz Gonzalez, desempeñó el cargo de Director de Patrimonio Cultural Investigacion y Educacion para la Equidad  del Instituto Poblano de los Pueblos Indígenas del 01 de enero al 15 de octubre de 2025, por renuncia voluntaria, por lo que se informa que del 16 de octubre al 31 de diciembre de 2025 se encuentra sin titular dicha Unidad.",Melquiades,Solano,Mora,"A Participar en la Vertiente  ""Medicina Tradicional"" del Componente de Apoyo al Fortalecimiento al Patrimonio Cultural con Enfoque de Igualdad Sustantiva.",Hombre,Hombre cisgénero,2025-07-30T00:00:00Z,50000,50000,Puebla,,
2025,2025-10-01T00:00:00Z,2025-12-31T00:00:00Z,Local,Programas de servicios,Programa para el Desarrollo Integral de los Pueblos Indígenas (E088),"A Participar en la Vertiente  ""Medicina Tradicional"" del Componente de Apoyo al Fortalecimiento al Patrimonio Cultural con Enfoque de Igualdad Sustantiva.",,Direccion de Patrimonio Cultural Investigacion y Educacion para la Equidad,Pablo Ruiz Gonzalez,,2025-12-31T00:00:00Z,"El Instituto Poblano de los Pueblos Indígenas informa que Cabe precisa que el C. Pablo Ruiz Gonzalez, desempeñó el cargo de Director de Patrimonio Cultural Investigacion y Educacion para la Equidad  del Instituto Poblano de los Pueblos Indígenas del 01 de enero al 15 de octubre de 2025, por renuncia voluntaria, por lo que se informa que del 16 de octubre al 31 de diciembre de 2025 se encuentra sin titular dicha Unidad.",María Isabel Juárez Rodríguez,Juarez,RoDriguez,"A Participar en la Vertiente  ""Medicina Tradicional"" del Componente de Apoyo al Fortalecimiento al Patrimonio Cultural con Enfoque de Igualdad Sustantiva.",Mujer,Mujer cisgénero,2025-07-30T00:00:00Z,50000,50000,Puebla,,
2025,2025-10-01T00:00:00Z,2025-12-31T00:00:00Z,Local,Programas de servicios,Programa para el Desarrollo Integral de los Pueblos Indígenas (E088),"A Participar en la Vertiente  ""Medicina Tradicional"" del Componente de Apoyo al Fortalecimiento al Patrimonio Cultural con Enfoque de Igualdad Sustantiva.",,Direccion de Patrimonio Cultural Investigacion y Educacion para la Equidad,Pablo Ruiz Gonzalez,,2025-12-31T00:00:00Z,"El Instituto Poblano de los Pueblos Indígenas informa que Cabe precisa que el C. Pablo Ruiz Gonzalez, desempeñó el cargo de Director de Patrimonio Cultural Investigacion y Educacion para la Equidad  del Instituto Poblano de los Pueblos Indígenas del 01 de enero al 15 de octubre de 2025, por renuncia voluntaria, por lo que se informa que del 16 de octubre al 31 de diciembre de 2025 se encuentra sin titular dicha Unidad.",Cecilia Adriana,Diaz,Smith,"A Participar en la Vertiente  ""Medicina Tradicional"" del Componente de Apoyo al Fortalecimiento al Patrimonio Cultural con Enfoque de Igualdad Sustantiva.",Mujer,Mujer cisgénero,2025-07-30T00:00:00Z,50000,50000,Puebla,,
2025,2025-10-01T00:00:00Z,2025-12-31T00:00:00Z,Local,Programas de servicios,Programa para el Desarrollo Integral de los Pueblos Indígenas (E088),"A Participar en el Componente de Apoyo a los Mecanismos de Participación y Promoción de los Derechos de las Personas, Pueblos y Comunidades Indígenas y Afromexicanas, Vertiente 1 Capacitación, Promoción, Consolidación y Defensa de los Derechos de las Personas, Pueblos y Comunidades Indígenas y Afromexicanas.",,Dirección de Diálogo y Concertación,Irma Ramírez Vázquez,,2025-12-31T00:00:00Z,"El Instituto Poblano de los Pueblos Indígenas informa que respecto a la columna “Hipervínculo a la información estadística, en su caso. La información debe publicarse con perspectiva de género, es decir, desagregando la información por sexo.” se encuentra vacía ya que no se generó la información durante el periodo reportado.",Yahir de Jesús,Barrios,Posadas,"A Participar en el Componente de Apoyo a los Mecanismos de Participación y Promoción de los Derechos de las Personas, Pueblos y Comunidades Indígenas y Afromexicanas, Vertiente 1 Capacitación, Promoción, Consolidación y Defensa de los Derechos de las Personas, Pueblos y Comunidades Indígenas y Afromexicanas.",Hombre,Hombre cisgénero,2025-06-30T00:00:00Z,24000,24000,Puebla,28,
2025,2025-10-01T00:00:00Z,2025-12-31T00:00:00Z,Local,Programas de servicios,Programa para el Desarrollo Integral de los Pueblos Indígenas (E088),"A Participar en el Componente de Apoyo a los Mecanismos de Participación y Promoción de los Derechos de las Personas, Pueblos y Comunidades Indígenas y Afromexicanas, Vertiente 1 Capacitación, Promoción, Consolidación y Defensa de los Derechos de las Personas, Pueblos y Comunidades Indígenas y Afromexicanas.",,Dirección de Diálogo y Concertación,Irma Ramírez Vázquez,,2025-12-31T00:00:00Z,"El Instituto Poblano de los Pueblos Indígenas informa que respecto a la columna “Hipervínculo a la información estadística, en su caso. La información debe publicarse con perspectiva de género, es decir, desagregando la información por sexo.” se encuentra vacía ya que no se generó la información durante el periodo reportado.",Marisol,Posadas,Zaragoza,"A Participar en el Componente de Apoyo a los Mecanismos de Participación y Promoción de los Derechos de las Personas, Pueblos y Comunidades Indígenas y Afromexicanas, Vertiente 1 Capacitación, Promoción, Consolidación y Defensa de los Derechos de las Personas, Pueblos y Comunidades Indígenas y Afromexicanas.",Mujer,Mujer cisgénero,2025-06-30T00:00:00Z,24000,24000,Puebla,23,
2025,2025-10-01T00:00:00Z,2025-12-31T00:00:00Z,Local,Programas de servicios,Programa para el Desarrollo Integral de los Pueblos Indígenas (E088),"A Participar en el Componente de Apoyo a los Mecanismos de Participación y Promoción de los Derechos de las Personas, Pueblos y Comunidades Indígenas y Afromexicanas, Vertiente 1 Capacitación, Promoción, Consolidación y Defensa de los Derechos de las Personas, Pueblos y Comunidades Indígenas y Afromexicanas.",,Dirección de Diálogo y Concertación,Irma Ramírez Vázquez,,2025-12-31T00:00:00Z,"El Instituto Poblano de los Pueblos Indígenas informa que respecto a la columna “Hipervínculo a la información estadística, en su caso. La información debe publicarse con perspectiva de género, es decir, desagregando la información por sexo.” se encuentra vacía ya que no se generó la información durante el periodo reportado.",Rosa,Vázquez,Ramírez,"A Participar en el Componente de Apoyo a los Mecanismos de Participación y Promoción de los Derechos de las Personas, Pueblos y Comunidades Indígenas y Afromexicanas, Vertiente 1 Capacitación, Promoción, Consolidación y Defensa de los Derechos de las Personas, Pueblos y Comunidades Indígenas y Afromexicanas.",Mujer,Mujer cisgénero,2025-06-30T00:00:00Z,24000,24000,Puebla,28,
2025,2025-10-01T00:00:00Z,2025-12-31T00:00:00Z,Local,Programas de servicios,Programa para el Desarrollo Integral de los Pueblos Indígenas (E088),"A Participar en el Componente de Apoyo a los Mecanismos de Participación y Promoción de los Derechos de las Personas, Pueblos y Comunidades Indígenas y Afromexicanas, Vertiente 1 Capacitación, Promoción, Consolidación y Defensa de los Derechos de las Personas, Pueblos y Comunidades Indígenas y Afromexicanas.",,Dirección de Diálogo y Concertación,Irma Ramírez Vázquez,,2025-12-31T00:00:00Z,"El Instituto Poblano de los Pueblos Indígenas informa que respecto a la columna “Hipervínculo a la información estadística, en su caso. La información debe publicarse con perspectiva de género, es decir, desagregando la información por sexo.” se encuentra vacía ya que no se generó la información durante el periodo reportado.",Miriam,Olivares,Gamboa,"A Participar en el Componente de Apoyo a los Mecanismos de Participación y Promoción de los Derechos de las Personas, Pueblos y Comunidades Indígenas y Afromexicanas, Vertiente 1 Capacitación, Promoción, Consolidación y Defensa de los Derechos de las Personas, Pueblos y Comunidades Indígenas y Afromexicanas.",Mujer,Mujer cisgénero,2025-06-30T00:00:00Z,24000,24000,Puebla,32,
2025,2025-10-01T00:00:00Z,2025-12-31T00:00:00Z,Local,Programas de servicios,Programa para el Desarrollo Integral de los Pueblos Indígenas (E088),"A Participar en el Componente de Apoyo a los Mecanismos de Participación y Promoción de los Derechos de las Personas, Pueblos y Comunidades Indígenas y Afromexicanas, Vertiente 1 Capacitación, Promoción, Consolidación y Defensa de los Derechos de las Personas, Pueblos y Comunidades Indígenas y Afromexicanas.",,Dirección de Diálogo y Concertación,Irma Ramírez Vázquez,,2025-12-31T00:00:00Z,"El Instituto Poblano de los Pueblos Indígenas informa que respecto a la columna “Hipervínculo a la información estadística, en su caso. La información debe publicarse con perspectiva de género, es decir, desagregando la información por sexo.” se encuentra vacía ya que no se generó la información durante el periodo reportado.",Elvia,Pérez,Lucas,"A Participar en el Componente de Apoyo a los Mecanismos de Participación y Promoción de los Derechos de las Personas, Pueblos y Comunidades Indígenas y Afromexicanas, Vertiente 1 Capacitación, Promoción, Consolidación y Defensa de los Derechos de las Personas, Pueblos y Comunidades Indígenas y Afromexicanas.",Mujer,Mujer cisgénero,2025-06-30T00:00:00Z,24000,24000,Puebla,32,
2025,2025-10-01T00:00:00Z,2025-12-31T00:00:00Z,Local,Programas de servicios,Programa para el Desarrollo Integral de los Pueblos Indígenas (E088),"A Participar en el Componente de Apoyo a los Mecanismos de Participación y Promoción de los Derechos de las Personas, Pueblos y Comunidades Indígenas y Afromexicanas, Vertiente 1 Capacitación, Promoción, Consolidación y Defensa de los Derechos de las Personas, Pueblos y Comunidades Indígenas y Afromexicanas.",,Dirección de Diálogo y Concertación,Irma Ramírez Vázquez,,2025-12-31T00:00:00Z,"El Instituto Poblano de los Pueblos Indígenas informa que respecto a la columna “Hipervínculo a la información estadística, en su caso. La información debe publicarse con perspectiva de género, es decir, desagregando la información por sexo.” se encuentra vacía ya que no se generó la información durante el periodo reportado.",Feliciano,Faustino,Palacios,"A Participar en el Componente de Apoyo a los Mecanismos de Participación y Promoción de los Derechos de las Personas, Pueblos y Comunidades Indígenas y Afromexicanas, Vertiente 1 Capacitación, Promoción, Consolidación y Defensa de los Derechos de las Personas, Pueblos y Comunidades Indígenas y Afromexicanas.",Hombre,Hombre cisgénero,2025-06-30T00:00:00Z,24000,24000,Puebla,45,
2025,2025-10-01T00:00:00Z,2025-12-31T00:00:00Z,Local,Programas de servicios,Programa para el Desarrollo Integral de los Pueblos Indígenas (E088),"A Participar en el Componente de Apoyo a los Mecanismos de Participación y Promoción de los Derechos de las Personas, Pueblos y Comunidades Indígenas y Afromexicanas, Vertiente 1 Capacitación, Promoción, Consolidación y Defensa de los Derechos de las Personas, Pueblos y Comunidades Indígenas y Afromexicanas.",,Dirección de Diálogo y Concertación,Irma Ramírez Vázquez,,2025-12-31T00:00:00Z,"El Instituto Poblano de los Pueblos Indígenas informa que respecto a la columna “Hipervínculo a la información estadística, en su caso. La información debe publicarse con perspectiva de género, es decir, desagregando la información por sexo.” se encuentra vacía ya que no se generó la información durante el periodo reportado.",Miguel,Gómez,De Luna,"A Participar en el Componente de Apoyo a los Mecanismos de Participación y Promoción de los Derechos de las Personas, Pueblos y Comunidades Indígenas y Afromexicanas, Vertiente 1 Capacitación, Promoción, Consolidación y Defensa de los Derechos de las Personas, Pueblos y Comunidades Indígenas y Afromexicanas.",Hombre,Hombre cisgénero,2025-06-30T00:00:00Z,24000,24000,Puebla,29,
2025,2025-10-01T00:00:00Z,2025-12-31T00:00:00Z,Local,Programas de servicios,Programa para el Desarrollo Integral de los Pueblos Indígenas (E088),"A Participar en el Componente de Apoyo a los Mecanismos de Participación y Promoción de los Derechos de las Personas, Pueblos y Comunidades Indígenas y Afromexicanas, Vertiente 1 Capacitación, Promoción, Consolidación y Defensa de los Derechos de las Personas, Pueblos y Comunidades Indígenas y Afromexicanas.",,Dirección de Diálogo y Concertación,Irma Ramírez Vázquez,,2025-12-31T00:00:00Z,"El Instituto Poblano de los Pueblos Indígenas informa que respecto a la columna “Hipervínculo a la información estadística, en su caso. La información debe publicarse con perspectiva de género, es decir, desagregando la información por sexo.” se encuentra vacía ya que no se generó la información durante el periodo reportado.",Alejandra de Jesús,Castro,Hernández,"A Participar en el Componente de Apoyo a los Mecanismos de Participación y Promoción de los Derechos de las Personas, Pueblos y Comunidades Indígenas y Afromexicanas, Vertiente 1 Capacitación, Promoción, Consolidación y Defensa de los Derechos de las Personas, Pueblos y Comunidades Indígenas y Afromexicanas.",Mujer,Mujer cisgénero,2025-06-30T00:00:00Z,24000,24000,Puebla,23,
2025,2025-10-01T00:00:00Z,2025-12-31T00:00:00Z,Local,Programas de servicios,Programa para el Desarrollo Integral de los Pueblos Indígenas (E088),"A Participar en el Componente de Apoyo a los Mecanismos de Participación y Promoción de los Derechos de las Personas, Pueblos y Comunidades Indígenas y Afromexicanas, Vertiente 1 Capacitación, Promoción, Consolidación y Defensa de los Derechos de las Personas, Pueblos y Comunidades Indígenas y Afromexicanas.",,Dirección de Diálogo y Concertación,Irma Ramírez Vázquez,,2025-12-31T00:00:00Z,"El Instituto Poblano de los Pueblos Indígenas informa que respecto a la columna “Hipervínculo a la información estadística, en su caso. La información debe publicarse con perspectiva de género, es decir, desagregando la información por sexo.” se encuentra vacía ya que no se generó la información durante el periodo reportado.",Valeria Astrid,Lechuga,Aguilar,"A Participar en el Componente de Apoyo a los Mecanismos de Participación y Promoción de los Derechos de las Personas, Pueblos y Comunidades Indígenas y Afromexicanas, Vertiente 1 Capacitación, Promoción, Consolidación y Defensa de los Derechos de las Personas, Pueblos y Comunidades Indígenas y Afromexicanas.",Mujer,Mujer cisgénero,2025-06-30T00:00:00Z,24000,24000,Puebla,27,
2025,2025-10-01T00:00:00Z,2025-12-31T00:00:00Z,Local,Programas de servicios,Programa para el Desarrollo Integral de los Pueblos Indígenas (E088),"A Participar en el Componente de Apoyo a los Mecanismos de Participación y Promoción de los Derechos de las Personas, Pueblos y Comunidades Indígenas y Afromexicanas, Vertiente 1 Capacitación, Promoción, Consolidación y Defensa de los Derechos de las Personas, Pueblos y Comunidades Indígenas y Afromexicanas.",,Dirección de Diálogo y Concertación,Irma Ramírez Vázquez,,2025-12-31T00:00:00Z,"El Instituto Poblano de los Pueblos Indígenas informa que respecto a la columna “Hipervínculo a la información estadística, en su caso. La información debe publicarse con perspectiva de género, es decir, desagregando la información por sexo.” se encuentra vacía ya que no se generó la información durante el periodo reportado.",Pedro Luis,Vázquez,Baltazar,"A Participar en el Componente de Apoyo a los Mecanismos de Participación y Promoción de los Derechos de las Personas, Pueblos y Comunidades Indígenas y Afromexicanas, Vertiente 1 Capacitación, Promoción, Consolidación y Defensa de los Derechos de las Personas, Pueblos y Comunidades Indígenas y Afromexicanas.",Mujer,Mujer cisgénero,2025-06-30T00:00:00Z,24000,24000,Puebla,31,
2025,2025-10-01T00:00:00Z,2025-12-31T00:00:00Z,Local,Programas de servicios,Programa para el Desarrollo Integral de los Pueblos Indígenas (E088),"A Participar en el Componente de Apoyo a los Mecanismos de Participación y Promoción de los Derechos de las Personas, Pueblos y Comunidades Indígenas y Afromexicanas, Vertiente 1 Capacitación, Promoción, Consolidación y Defensa de los Derechos de las Personas, Pueblos y Comunidades Indígenas y Afromexicanas.",,Dirección de Diálogo y Concertación,Irma Ramírez Vázquez,,2025-12-31T00:00:00Z,"El Instituto Poblano de los Pueblos Indígenas informa que respecto a la columna “Hipervínculo a la información estadística, en su caso. La información debe publicarse con perspectiva de género, es decir, desagregando la información por sexo.” se encuentra vacía ya que no se generó la información durante el periodo reportado.",María Guadalupe,Arellano,Huerta,"A Participar en el Componente de Apoyo a los Mecanismos de Participación y Promoción de los Derechos de las Personas, Pueblos y Comunidades Indígenas y Afromexicanas, Vertiente 1 Capacitación, Promoción, Consolidación y Defensa de los Derechos de las Personas, Pueblos y Comunidades Indígenas y Afromexicanas.",Mujer,Mujer cisgénero,2025-06-30T00:00:00Z,24000,24000,Puebla,43,
2025,2025-10-01T00:00:00Z,2025-12-31T00:00:00Z,Local,Programas de servicios,Programa para el Desarrollo Integral de los Pueblos Indígenas (E088),"A Participar en el Componente de Apoyo a los Mecanismos de Participación y Promoción de los Derechos de las Personas, Pueblos y Comunidades Indígenas y Afromexicanas, Vertiente 1 Capacitación, Promoción, Consolidación y Defensa de los Derechos de las Personas, Pueblos y Comunidades Indígenas y Afromexicanas.",,Dirección de Diálogo y Concertación,Irma Ramírez Vázquez,,2025-12-31T00:00:00Z,"El Instituto Poblano de los Pueblos Indígenas informa que respecto a la columna “Hipervínculo a la información estadística, en su caso. La información debe publicarse con perspectiva de género, es decir, desagregando la información por sexo.” se encuentra vacía ya que no se generó la información durante el periodo reportado.",María Teresa,Gandara,Martínez,"A Participar en el Componente de Apoyo a los Mecanismos de Participación y Promoción de los Derechos de las Personas, Pueblos y Comunidades Indígenas y Afromexicanas, Vertiente 1 Capacitación, Promoción, Consolidación y Defensa de los Derechos de las Personas, Pueblos y Comunidades Indígenas y Afromexicanas.",Mujer,Mujer cisgénero,2025-06-30T00:00:00Z,24000,24000,Puebla,57,
2025,2025-10-01T00:00:00Z,2025-12-31T00:00:00Z,Local,Programas de servicios,Programa para el Desarrollo Integral de los Pueblos Indígenas (E088),"A Participar en el Componente de Apoyo a los Mecanismos de Participación y Promoción de los Derechos de las Personas, Pueblos y Comunidades Indígenas y Afromexicanas, Vertiente 1 Capacitación, Promoción, Consolidación y Defensa de los Derechos de las Personas, Pueblos y Comunidades Indígenas y Afromexicanas.",,Dirección de Diálogo y Concertación,Irma Ramírez Vázquez,,2025-12-31T00:00:00Z,"El Instituto Poblano de los Pueblos Indígenas informa que respecto a la columna “Hipervínculo a la información estadística, en su caso. La información debe publicarse con perspectiva de género, es decir, desagregando la información por sexo.” se encuentra vacía ya que no se generó la información durante el periodo reportado.",Pedro Luis,García,Hernández,"A Participar en el Componente de Apoyo a los Mecanismos de Participación y Promoción de los Derechos de las Personas, Pueblos y Comunidades Indígenas y Afromexicanas, Vertiente 1 Capacitación, Promoción, Consolidación y Defensa de los Derechos de las Personas, Pueblos y Comunidades Indígenas y Afromexicanas.",Hombre,Hombre cisgénero,2025-06-30T00:00:00Z,24000,24000,Puebla,49,
2025,2025-10-01T00:00:00Z,2025-12-31T00:00:00Z,Local,Programas de servicios,Programa para el Desarrollo Integral de los Pueblos Indígenas (E088),"A Participar en el Componente de Apoyo a los Mecanismos de Participación y Promoción de los Derechos de las Personas, Pueblos y Comunidades Indígenas y Afromexicanas, Vertiente 1 Capacitación, Promoción, Consolidación y Defensa de los Derechos de las Personas, Pueblos y Comunidades Indígenas y Afromexicanas.",,Dirección de Diálogo y Concertación,Irma Ramírez Vázquez,,2025-12-31T00:00:00Z,"El Instituto Poblano de los Pueblos Indígenas informa que respecto a la columna “Hipervínculo a la información estadística, en su caso. La información debe publicarse con perspectiva de género, es decir, desagregando la información por sexo.” se encuentra vacía ya que no se generó la información durante el periodo reportado.",Sarahi,Hernández,Ochoa,"A Participar en el Componente de Apoyo a los Mecanismos de Participación y Promoción de los Derechos de las Personas, Pueblos y Comunidades Indígenas y Afromexicanas, Vertiente 1 Capacitación, Promoción, Consolidación y Defensa de los Derechos de las Personas, Pueblos y Comunidades Indígenas y Afromexicanas.",Mujer,Mujer cisgénero,2025-06-30T00:00:00Z,24000,24000,Puebla,36,
2025,2025-10-01T00:00:00Z,2025-12-31T00:00:00Z,Local,Programas de servicios,Programa para el Desarrollo Integral de los Pueblos Indígenas (E088),"A Participar en el Componente de Apoyo a los Mecanismos de Participación y Promoción de los Derechos de las Personas, Pueblos y Comunidades Indígenas y Afromexicanas, Vertiente 1 Capacitación, Promoción, Consolidación y Defensa de los Derechos de las Personas, Pueblos y Comunidades Indígenas y Afromexicanas.",,Dirección de Diálogo y Concertación,Irma Ramírez Vázquez,,2025-12-31T00:00:00Z,"El Instituto Poblano de los Pueblos Indígenas informa que respecto a la columna “Hipervínculo a la información estadística, en su caso. La información debe publicarse con perspectiva de género, es decir, desagregando la información por sexo.” se encuentra vacía ya que no se generó la información durante el periodo reportado.",Yanet,Cortés+C:J,Martínez,"A Participar en el Componente de Apoyo a los Mecanismos de Participación y Promoción de los Derechos de las Personas, Pueblos y Comunidades Indígenas y Afromexicanas, Vertiente 1 Capacitación, Promoción, Consolidación y Defensa de los Derechos de las Personas, Pueblos y Comunidades Indígenas y Afromexicanas.",Mujer,Mujer cisgénero,2025-06-30T00:00:00Z,24000,24000,Puebla,30,
2025,2025-10-01T00:00:00Z,2025-12-31T00:00:00Z,Local,Programas de servicios,Programa para el Desarrollo Integral de los Pueblos Indígenas (E088),"A Participar en el Componente de Apoyo a los Mecanismos de Participación y Promoción de los Derechos de las Personas, Pueblos y Comunidades Indígenas y Afromexicanas, Vertiente 1 Capacitación, Promoción, Consolidación y Defensa de los Derechos de las Personas, Pueblos y Comunidades Indígenas y Afromexicanas.",,Dirección de Diálogo y Concertación,Irma Ramírez Vázquez,,2025-12-31T00:00:00Z,"El Instituto Poblano de los Pueblos Indígenas informa que respecto a la columna “Hipervínculo a la información estadística, en su caso. La información debe publicarse con perspectiva de género, es decir, desagregando la información por sexo.” se encuentra vacía ya que no se generó la información durante el periodo reportado.",Alberto,Carrillo,Salvador,"A Participar en el Componente de Apoyo a los Mecanismos de Participación y Promoción de los Derechos de las Personas, Pueblos y Comunidades Indígenas y Afromexicanas, Vertiente 1 Capacitación, Promoción, Consolidación y Defensa de los Derechos de las Personas, Pueblos y Comunidades Indígenas y Afromexicanas.",Hombre,Hombre cisgénero,2025-06-30T00:00:00Z,24000,24000,Puebla,45,
2025,2025-10-01T00:00:00Z,2025-12-31T00:00:00Z,Local,Programas de servicios,Programa para el Desarrollo Integral de los Pueblos Indígenas (E088),"A Participar en el Componente de Apoyo a los Mecanismos de Participación y Promoción de los Derechos de las Personas, Pueblos y Comunidades Indígenas y Afromexicanas, Vertiente 1 Capacitación, Promoción, Consolidación y Defensa de los Derechos de las Personas, Pueblos y Comunidades Indígenas y Afromexicanas.",,Dirección de Diálogo y Concertación,Irma Ramírez Vázquez,,2025-12-31T00:00:00Z,"El Instituto Poblano de los Pueblos Indígenas informa que respecto a la columna “Hipervínculo a la información estadística, en su caso. La información debe publicarse con perspectiva de género, es decir, desagregando la información por sexo.” se encuentra vacía ya que no se generó la información durante el periodo reportado.",Morandy,Luna,Sampayo,"A Participar en el Componente de Apoyo a los Mecanismos de Participación y Promoción de los Derechos de las Personas, Pueblos y Comunidades Indígenas y Afromexicanas, Vertiente 1 Capacitación, Promoción, Consolidación y Defensa de los Derechos de las Personas, Pueblos y Comunidades Indígenas y Afromexicanas.",Mujer,Mujer cisgénero,2025-06-30T00:00:00Z,24000,24000,Puebla,26,
2025,2025-10-01T00:00:00Z,2025-12-31T00:00:00Z,Local,Programas de servicios,Programa para el Desarrollo Integral de los Pueblos Indígenas (E088),"A Participar en el Componente de Apoyo a los Mecanismos de Participación y Promoción de los Derechos de las Personas, Pueblos y Comunidades Indígenas y Afromexicanas, Vertiente 1 Capacitación, Promoción, Consolidación y Defensa de los Derechos de las Personas, Pueblos y Comunidades Indígenas y Afromexicanas.",,Dirección de Diálogo y Concertación,Irma Ramírez Vázquez,,2025-12-31T00:00:00Z,"El Instituto Poblano de los Pueblos Indígenas informa que respecto a la columna “Hipervínculo a la información estadística, en su caso. La información debe publicarse con perspectiva de género, es decir, desagregando la información por sexo.” se encuentra vacía ya que no se generó la información durante el periodo reportado.",Clarissa,Jiménez,Cruz,"A Participar en el Componente de Apoyo a los Mecanismos de Participación y Promoción de los Derechos de las Personas, Pueblos y Comunidades Indígenas y Afromexicanas, Vertiente 1 Capacitación, Promoción, Consolidación y Defensa de los Derechos de las Personas, Pueblos y Comunidades Indígenas y Afromexicanas.",Mujer,Mujer cisgénero,2025-06-30T00:00:00Z,24000,24000,Puebla,29,
2025,2025-10-01T00:00:00Z,2025-12-31T00:00:00Z,Local,Programas de servicios,Programa para el Desarrollo Integral de los Pueblos Indígenas (E088),"A Participar en el Componente de Apoyo a los Mecanismos de Participación y Promoción de los Derechos de las Personas, Pueblos y Comunidades Indígenas y Afromexicanas, Vertiente 1 Capacitación, Promoción, Consolidación y Defensa de los Derechos de las Personas, Pueblos y Comunidades Indígenas y Afromexicanas.",,Dirección de Diálogo y Concertación,Irma Ramírez Vázquez,,2025-12-31T00:00:00Z,"El Instituto Poblano de los Pueblos Indígenas informa que respecto a la columna “Hipervínculo a la información estadística, en su caso. La información debe publicarse con perspectiva de género, es decir, desagregando la información por sexo.” se encuentra vacía ya que no se generó la información durante el periodo reportado.",Lorena,Rosales,Vazquez,"A Participar en el Componente de Apoyo a los Mecanismos de Participación y Promoción de los Derechos de las Personas, Pueblos y Comunidades Indígenas y Afromexicanas, Vertiente 1 Capacitación, Promoción, Consolidación y Defensa de los Derechos de las Personas, Pueblos y Comunidades Indígenas y Afromexicanas.",Mujer,Mujer cisgénero,2025-06-30T00:00:00Z,24000,24000,Puebla,26,
2025,2025-10-01T00:00:00Z,2025-12-31T00:00:00Z,Local,Programas de servicios,Programa para el Desarrollo Integral de los Pueblos Indígenas (E088),"A Participar en el Componente de Apoyo a los Mecanismos de Participación y Promoción de los Derechos de las Personas, Pueblos y Comunidades Indígenas y Afromexicanas, Vertiente 1 Capacitación, Promoción, Consolidación y Defensa de los Derechos de las Personas, Pueblos y Comunidades Indígenas y Afromexicanas.",,Dirección de Diálogo y Concertación,Irma Ramírez Vázquez,,2025-12-31T00:00:00Z,"El Instituto Poblano de los Pueblos Indígenas informa que respecto a la columna “Hipervínculo a la información estadística, en su caso. La información debe publicarse con perspectiva de género, es decir, desagregando la información por sexo.” se encuentra vacía ya que no se generó la información durante el periodo reportado.",Edith,García,Alcaide,"A Participar en el Componente de Apoyo a los Mecanismos de Participación y Promoción de los Derechos de las Personas, Pueblos y Comunidades Indígenas y Afromexicanas, Vertiente 1 Capacitación, Promoción, Consolidación y Defensa de los Derechos de las Personas, Pueblos y Comunidades Indígenas y Afromexicanas.",Mujer,Mujer cisgénero,2025-06-30T00:00:00Z,24000,24000,Puebla,37,
2025,2025-10-01T00:00:00Z,2025-12-31T00:00:00Z,Local,Programas de servicios,Programa para el Desarrollo Integral de los Pueblos Indígenas (E088),"A Participar en el Componente de Apoyo a los Mecanismos de Participación y Promoción de los Derechos de las Personas, Pueblos y Comunidades Indígenas y Afromexicanas: Vertiente 2: Poblaciones Afromexicana, Indígena Migrante y Niñas, Niños y Adolescentes.",,Dirección de Diálogo y Concertación,Irma Ramírez Vázquez,,2025-12-31T00:00:00Z,"El Instituto Poblano de los Pueblos Indígenas informa que respecto a la columna “Hipervínculo a la información estadística, en su caso. La información debe publicarse con perspectiva de género, es decir, desagregando la información por sexo.” se encuentra vacía ya que no se generó la información durante el periodo reportado.",Araceli,Marquez,Espinosa,"A Participar en el Componente de Apoyo a los Mecanismos de Participación y Promoción de los Derechos de las Personas, Pueblos y Comunidades Indígenas y Afromexicanas: Vertiente 2: Poblaciones Afromexicana, Indígena Migrante y Niñas, Niños y Adolescentes.",Mujer,Mujer cisgénero,2025-07-30T00:00:00Z,75000,75000,Puebla,48,
2025,2025-10-01T00:00:00Z,2025-12-31T00:00:00Z,Local,Programas de servicios,Programa para el Desarrollo Integral de los Pueblos Indígenas (E088),"A Participar en el Componente de Apoyo a los Mecanismos de Participación y Promoción de los Derechos de las Personas, Pueblos y Comunidades Indígenas y Afromexicanas: Vertiente 2: Poblaciones Afromexicana, Indígena Migrante y Niñas, Niños y Adolescentes.",,Dirección de Diálogo y Concertación,Irma Ramírez Vázquez,,2025-12-31T00:00:00Z,"El Instituto Poblano de los Pueblos Indígenas informa que respecto a la columna “Hipervínculo a la información estadística, en su caso. La información debe publicarse con perspectiva de género, es decir, desagregando la información por sexo.” se encuentra vacía ya que no se generó la información durante el periodo reportado.",Carla Irene,Rios,Calleja,"A Participar en el Componente de Apoyo a los Mecanismos de Participación y Promoción de los Derechos de las Personas, Pueblos y Comunidades Indígenas y Afromexicanas: Vertiente 2: Poblaciones Afromexicana, Indígena Migrante y Niñas, Niños y Adolescentes.",Mujer,Mujer cisgénero,2025-07-30T00:00:00Z,75000,75000,Puebla,53,
2025,2025-10-01T00:00:00Z,2025-12-31T00:00:00Z,Local,Programas de servicios,Programa para el Desarrollo Integral de los Pueblos Indígenas (E088),"A Participar en los Proyectos Nido de Lenguas, Paisaje Lingüístico y Promotores Lingüísticos para la Difusión y Conservación de las Lenguas Indígenas del Componente 4 ""Promoción de Acciones sobre Lenguas Indígenas, Derechos Lingüísticos, Formación de Intérpretes y Traductores”, Vertiente Procesos de Traducción en Lenguas Indígenas:  Apoyo a Grupos de Promotores Lingüísticos para Participar en los Procesos de Traducción y Difusión de Lenguas Indígenas.”",https://transparencia.puebla.gob.mx/docs2024/adjuntos/43/1228_1768850142_b502d9800e29b6e50fb185e3ff5aa1db.pdf,Dirección de la Academia de Lenguas Indígenas,Lucero Salas Pérez,,2025-12-31T00:00:00Z,El Instituto Poblano de los Pueblos Indígenas informa que respecto a la columna “Edad (en su caso)” se encuentra vacía ya que no se cuenta con la información.,Marlene,Garrido,Ramos,"A Participar en los Proyectos Nido de Lenguas, Paisaje Lingüístico y Promotores Lingüísticos para la Difusión y Conservación de las Lenguas Indígenas del Componente 4 ""Promoción de Acciones sobre Lenguas Indígenas, Derechos Lingüísticos, Formación de Intérpretes y Traductores”, Vertiente Procesos de Traducción en Lenguas Indígenas:  Apoyo a Grupos de Promotores Lingüísticos para Participar en los Procesos de Traducción y Difusión de Lenguas Indígenas.”",Mujer,Mujer cisgénero,2025-08-01T00:00:00Z,7500,7500,Puebla,26,
2025,2025-10-01T00:00:00Z,2025-12-31T00:00:00Z,Local,Programas de servicios,Programa para el Desarrollo Integral de los Pueblos Indígenas (E088),"A Participar en los Proyectos Nido de Lenguas, Paisaje Lingüístico y Promotores Lingüísticos para la Difusión y Conservación de las Lenguas Indígenas del Componente 4 ""Promoción de Acciones sobre Lenguas Indígenas, Derechos Lingüísticos, Formación de Intérpretes y Traductores”, Vertiente Procesos de Traducción en Lenguas Indígenas:  Apoyo a Grupos de Promotores Lingüísticos para Participar en los Procesos de Traducción y Difusión de Lenguas Indígenas.”",https://transparencia.puebla.gob.mx/docs2024/adjuntos/43/1228_1768850142_b502d9800e29b6e50fb185e3ff5aa1db.pdf,Dirección de la Academia de Lenguas Indígenas,Lucero Salas Pérez,,2025-12-31T00:00:00Z,El Instituto Poblano de los Pueblos Indígenas informa que respecto a la columna “Edad (en su caso)” se encuentra vacía ya que no se cuenta con la información.,Angelica,Noriega,Iniestra,"A Participar en los Proyectos Nido de Lenguas, Paisaje Lingüístico y Promotores Lingüísticos para la Difusión y Conservación de las Lenguas Indígenas del Componente 4 ""Promoción de Acciones sobre Lenguas Indígenas, Derechos Lingüísticos, Formación de Intérpretes y Traductores”, Vertiente Procesos de Traducción en Lenguas Indígenas:  Apoyo a Grupos de Promotores Lingüísticos para Participar en los Procesos de Traducción y Difusión de Lenguas Indígenas.”",Mujer,Mujer cisgénero,2025-08-01T00:00:00Z,7500,7500,Puebla,39,
2025,2025-10-01T00:00:00Z,2025-12-31T00:00:00Z,Local,Programas de servicios,Programa para el Desarrollo Integral de los Pueblos Indígenas (E088),"A Participar en los Proyectos Nido de Lenguas, Paisaje Lingüístico y Promotores Lingüísticos para la Difusión y Conservación de las Lenguas Indígenas del Componente 4 ""Promoción de Acciones sobre Lenguas Indígenas, Derechos Lingüísticos, Formación de Intérpretes y Traductores”, Vertiente Procesos de Traducción en Lenguas Indígenas:  Apoyo a Grupos de Promotores Lingüísticos para Participar en los Procesos de Traducción y Difusión de Lenguas Indígenas.”",https://transparencia.puebla.gob.mx/docs2024/adjuntos/43/1228_1768850142_b502d9800e29b6e50fb185e3ff5aa1db.pdf,Dirección de la Academia de Lenguas Indígenas,Lucero Salas Pérez,,2025-12-31T00:00:00Z,El Instituto Poblano de los Pueblos Indígenas informa que respecto a la columna “Edad (en su caso)” se encuentra vacía ya que no se cuenta con la información.,Martha,Martínez,Hernández,"A Participar en los Proyectos Nido de Lenguas, Paisaje Lingüístico y Promotores Lingüísticos para la Difusión y Conservación de las Lenguas Indígenas del Componente 4 ""Promoción de Acciones sobre Lenguas Indígenas, Derechos Lingüísticos, Formación de Intérpretes y Traductores”, Vertiente Procesos de Traducción en Lenguas Indígenas:  Apoyo a Grupos de Promotores Lingüísticos para Participar en los Procesos de Traducción y Difusión de Lenguas Indígenas.”",Mujer,Mujer cisgénero,2025-08-01T00:00:00Z,7500,7500,Puebla,28,
2025,2025-10-01T00:00:00Z,2025-12-31T00:00:00Z,Local,Programas de servicios,Programa para el Desarrollo Integral de los Pueblos Indígenas (E088),"A Participar en los Proyectos Nido de Lenguas, Paisaje Lingüístico y Promotores Lingüísticos para la Difusión y Conservación de las Lenguas Indígenas del Componente 4 ""Promoción de Acciones sobre Lenguas Indígenas, Derechos Lingüísticos, Formación de Intérpretes y Traductores”, Vertiente Procesos de Traducción en Lenguas Indígenas:  Apoyo a Grupos de Promotores Lingüísticos para Participar en los Procesos de Traducción y Difusión de Lenguas Indígenas.”",https://transparencia.puebla.gob.mx/docs2024/adjuntos/43/1228_1768850142_b502d9800e29b6e50fb185e3ff5aa1db.pdf,Dirección de la Academia de Lenguas Indígenas,Lucero Salas Pérez,,2025-12-31T00:00:00Z,El Instituto Poblano de los Pueblos Indígenas informa que respecto a la columna “Edad (en su caso)” se encuentra vacía ya que no se cuenta con la información.,Guadalupe,García,Hernández,"A Participar en los Proyectos Nido de Lenguas, Paisaje Lingüístico y Promotores Lingüísticos para la Difusión y Conservación de las Lenguas Indígenas del Componente 4 ""Promoción de Acciones sobre Lenguas Indígenas, Derechos Lingüísticos, Formación de Intérpretes y Traductores”, Vertiente Procesos de Traducción en Lenguas Indígenas:  Apoyo a Grupos de Promotores Lingüísticos para Participar en los Procesos de Traducción y Difusión de Lenguas Indígenas.”",Mujer,Mujer cisgénero,2025-08-01T00:00:00Z,7500,7500,Puebla,30,
2025,2025-10-01T00:00:00Z,2025-12-31T00:00:00Z,Local,Programas de servicios,Programa para el Desarrollo Integral de los Pueblos Indígenas (E088),"A Participar en los Proyectos Nido de Lenguas, Paisaje Lingüístico y Promotores Lingüísticos para la Difusión y Conservación de las Lenguas Indígenas del Componente 4 ""Promoción de Acciones sobre Lenguas Indígenas, Derechos Lingüísticos, Formación de Intérpretes y Traductores”, Vertiente Procesos de Traducción en Lenguas Indígenas:  Apoyo a Grupos de Promotores Lingüísticos para Participar en los Procesos de Traducción y Difusión de Lenguas Indígenas.”",https://transparencia.puebla.gob.mx/docs2024/adjuntos/43/1228_1768850142_b502d9800e29b6e50fb185e3ff5aa1db.pdf,Dirección de la Academia de Lenguas Indígenas,Lucero Salas Pérez,,2025-12-31T00:00:00Z,El Instituto Poblano de los Pueblos Indígenas informa que respecto a la columna “Edad (en su caso)” se encuentra vacía ya que no se cuenta con la información.,Placido,Domínguez,Velázquez,"A Participar en los Proyectos Nido de Lenguas, Paisaje Lingüístico y Promotores Lingüísticos para la Difusión y Conservación de las Lenguas Indígenas del Componente 4 ""Promoción de Acciones sobre Lenguas Indígenas, Derechos Lingüísticos, Formación de Intérpretes y Traductores”, Vertiente Procesos de Traducción en Lenguas Indígenas:  Apoyo a Grupos de Promotores Lingüísticos para Participar en los Procesos de Traducción y Difusión de Lenguas Indígenas.”",Hombre,Hombre cisgénero,2025-08-01T00:00:00Z,7500,7500,Puebla,32,
2025,2025-10-01T00:00:00Z,2025-12-31T00:00:00Z,Local,Programas de servicios,Programa para el Desarrollo Integral de los Pueblos Indígenas (E088),"A Participar en los Proyectos Nido de Lenguas, Paisaje Lingüístico y Promotores Lingüísticos para la Difusión y Conservación de las Lenguas Indígenas del Componente 4 ""Promoción de Acciones sobre Lenguas Indígenas, Derechos Lingüísticos, Formación de Intérpretes y Traductores”, Vertiente Procesos de Traducción en Lenguas Indígenas:  Apoyo a Grupos de Promotores Lingüísticos para Participar en los Procesos de Traducción y Difusión de Lenguas Indígenas.”",https://transparencia.puebla.gob.mx/docs2024/adjuntos/43/1228_1768850142_b502d9800e29b6e50fb185e3ff5aa1db.pdf,Dirección de la Academia de Lenguas Indígenas,Lucero Salas Pérez,,2025-12-31T00:00:00Z,El Instituto Poblano de los Pueblos Indígenas informa que respecto a la columna “Edad (en su caso)” se encuentra vacía ya que no se cuenta con la información.,Julieta,Herrero,Galindo,"A Participar en los Proyectos Nido de Lenguas, Paisaje Lingüístico y Promotores Lingüísticos para la Difusión y Conservación de las Lenguas Indígenas del Componente 4 ""Promoción de Acciones sobre Lenguas Indígenas, Derechos Lingüísticos, Formación de Intérpretes y Traductores”, Vertiente Procesos de Traducción en Lenguas Indígenas:  Apoyo a Grupos de Promotores Lingüísticos para Participar en los Procesos de Traducción y Difusión de Lenguas Indígenas.”",Mujer,Mujer cisgénero,2025-08-01T00:00:00Z,7500,7500,Puebla,26,
2025,2025-10-01T00:00:00Z,2025-12-31T00:00:00Z,Local,Programas de servicios,Programa para el Desarrollo Integral de los Pueblos Indígenas (E088),"A Participar en los Proyectos Nido de Lenguas, Paisaje Lingüístico y Promotores Lingüísticos para la Difusión y Conservación de las Lenguas Indígenas del Componente 4 ""Promoción de Acciones sobre Lenguas Indígenas, Derechos Lingüísticos, Formación de Intérpretes y Traductores”, Vertiente Procesos de Traducción en Lenguas Indígenas:  Apoyo a Grupos de Promotores Lingüísticos para Participar en los Procesos de Traducción y Difusión de Lenguas Indígenas.”",https://transparencia.puebla.gob.mx/docs2024/adjuntos/43/1228_1768850142_b502d9800e29b6e50fb185e3ff5aa1db.pdf,Dirección de la Academia de Lenguas Indígenas,Lucero Salas Pérez,,2025-12-31T00:00:00Z,El Instituto Poblano de los Pueblos Indígenas informa que respecto a la columna “Edad (en su caso)” se encuentra vacía ya que no se cuenta con la información.,Wilfrido David,Sánchez,Méndez,"A Participar en los Proyectos Nido de Lenguas, Paisaje Lingüístico y Promotores Lingüísticos para la Difusión y Conservación de las Lenguas Indígenas del Componente 4 ""Promoción de Acciones sobre Lenguas Indígenas, Derechos Lingüísticos, Formación de Intérpretes y Traductores”, Vertiente Procesos de Traducción en Lenguas Indígenas:  Apoyo a Grupos de Promotores Lingüísticos para Participar en los Procesos de Traducción y Difusión de Lenguas Indígenas.”",Hombre,Hombre cisgénero,2025-08-01T00:00:00Z,7500,7500,Puebla,73,
2025,2025-10-01T00:00:00Z,2025-12-31T00:00:00Z,Local,Programas de servicios,Programa para el Desarrollo Integral de los Pueblos Indígenas (E088),"A Participar en los Proyectos Nido de Lenguas, Paisaje Lingüístico y Promotores Lingüísticos para la Difusión y Conservación de las Lenguas Indígenas del Componente 4 ""Promoción de Acciones sobre Lenguas Indígenas, Derechos Lingüísticos, Formación de Intérpretes y Traductores”, Vertiente Procesos de Traducción en Lenguas Indígenas:  Apoyo a Grupos de Promotores Lingüísticos para Participar en los Procesos de Traducción y Difusión de Lenguas Indígenas.”",https://transparencia.puebla.gob.mx/docs2024/adjuntos/43/1228_1768850142_b502d9800e29b6e50fb185e3ff5aa1db.pdf,Dirección de la Academia de Lenguas Indígenas,Lucero Salas Pérez,,2025-12-31T00:00:00Z,El Instituto Poblano de los Pueblos Indígenas informa que respecto a la columna “Edad (en su caso)” se encuentra vacía ya que no se cuenta con la información.,Amaira,Cabanzo,Sánchez,"A Participar en los Proyectos Nido de Lenguas, Paisaje Lingüístico y Promotores Lingüísticos para la Difusión y Conservación de las Lenguas Indígenas del Componente 4 ""Promoción de Acciones sobre Lenguas Indígenas, Derechos Lingüísticos, Formación de Intérpretes y Traductores”, Vertiente Procesos de Traducción en Lenguas Indígenas:  Apoyo a Grupos de Promotores Lingüísticos para Participar en los Procesos de Traducción y Difusión de Lenguas Indígenas.”",Mujer,Mujer cisgénero,2025-08-01T00:00:00Z,7500,7500,Puebla,31,
2025,2025-10-01T00:00:00Z,2025-12-31T00:00:00Z,Local,Programas de servicios,Programa para el Desarrollo Integral de los Pueblos Indígenas (E088),"A Participar en los Proyectos Nido de Lenguas, Paisaje Lingüístico y Promotores Lingüísticos para la Difusión y Conservación de las Lenguas Indígenas del Componente 4 ""Promoción de Acciones sobre Lenguas Indígenas, Derechos Lingüísticos, Formación de Intérpretes y Traductores”, Vertiente Procesos de Traducción en Lenguas Indígenas:  Apoyo a Grupos de Promotores Lingüísticos para Participar en los Procesos de Traducción y Difusión de Lenguas Indígenas.”",https://transparencia.puebla.gob.mx/docs2024/adjuntos/43/1228_1768850142_b502d9800e29b6e50fb185e3ff5aa1db.pdf,Dirección de la Academia de Lenguas Indígenas,Lucero Salas Pérez,,2025-12-31T00:00:00Z,El Instituto Poblano de los Pueblos Indígenas informa que respecto a la columna “Edad (en su caso)” se encuentra vacía ya que no se cuenta con la información.,Geremías,Arista,Gómez,"A Participar en los Proyectos Nido de Lenguas, Paisaje Lingüístico y Promotores Lingüísticos para la Difusión y Conservación de las Lenguas Indígenas del Componente 4 ""Promoción de Acciones sobre Lenguas Indígenas, Derechos Lingüísticos, Formación de Intérpretes y Traductores”, Vertiente Procesos de Traducción en Lenguas Indígenas:  Apoyo a Grupos de Promotores Lingüísticos para Participar en los Procesos de Traducción y Difusión de Lenguas Indígenas.”",Hombre,Hombre cisgénero,2025-08-01T00:00:00Z,7500,7500,Puebla,21,
2025,2025-10-01T00:00:00Z,2025-12-31T00:00:00Z,Local,Programas de servicios,Programa para el Desarrollo Integral de los Pueblos Indígenas (E088),"A Participar en los Proyectos Nido de Lenguas, Paisaje Lingüístico y Promotores Lingüísticos para la Difusión y Conservación de las Lenguas Indígenas del Componente 4 ""Promoción de Acciones sobre Lenguas Indígenas, Derechos Lingüísticos, Formación de Intérpretes y Traductores”, Vertiente Procesos de Traducción en Lenguas Indígenas:  Apoyo a Grupos de Promotores Lingüísticos para Participar en los Procesos de Traducción y Difusión de Lenguas Indígenas.”",https://transparencia.puebla.gob.mx/docs2024/adjuntos/43/1228_1768850142_b502d9800e29b6e50fb185e3ff5aa1db.pdf,Dirección de la Academia de Lenguas Indígenas,Lucero Salas Pérez,,2025-12-31T00:00:00Z,El Instituto Poblano de los Pueblos Indígenas informa que respecto a la columna “Edad (en su caso)” se encuentra vacía ya que no se cuenta con la información.,Diego,Arista,Gómez,"A Participar en los Proyectos Nido de Lenguas, Paisaje Lingüístico y Promotores Lingüísticos para la Difusión y Conservación de las Lenguas Indígenas del Componente 4 ""Promoción de Acciones sobre Lenguas Indígenas, Derechos Lingüísticos, Formación de Intérpretes y Traductores”, Vertiente Procesos de Traducción en Lenguas Indígenas:  Apoyo a Grupos de Promotores Lingüísticos para Participar en los Procesos de Traducción y Difusión de Lenguas Indígenas.”",Hombre,Hombre cisgénero,2025-08-01T00:00:00Z,7500,7500,Puebla,29,
2025,2025-10-01T00:00:00Z,2025-12-31T00:00:00Z,Local,Programas de servicios,Programa para el Desarrollo Integral de los Pueblos Indígenas (E088),"A Participar en los Proyectos Nido de Lenguas, Paisaje Lingüístico y Promotores Lingüísticos para la Difusión y Conservación de las Lenguas Indígenas del Componente 4 ""Promoción de Acciones sobre Lenguas Indígenas, Derechos Lingüísticos, Formación de Intérpretes y Traductores”, Vertiente Procesos de Traducción en Lenguas Indígenas:  Apoyo a Grupos de Promotores Lingüísticos para Participar en los Procesos de Traducción y Difusión de Lenguas Indígenas.”",https://transparencia.puebla.gob.mx/docs2024/adjuntos/43/1228_1768850142_b502d9800e29b6e50fb185e3ff5aa1db.pdf,Dirección de la Academia de Lenguas Indígenas,Lucero Salas Pérez,,2025-12-31T00:00:00Z,El Instituto Poblano de los Pueblos Indígenas informa que respecto a la columna “Edad (en su caso)” se encuentra vacía ya que no se cuenta con la información.,Arely,López,Pérez,"A Participar en los Proyectos Nido de Lenguas, Paisaje Lingüístico y Promotores Lingüísticos para la Difusión y Conservación de las Lenguas Indígenas del Componente 4 ""Promoción de Acciones sobre Lenguas Indígenas, Derechos Lingüísticos, Formación de Intérpretes y Traductores”, Vertiente Procesos de Traducción en Lenguas Indígenas:  Apoyo a Grupos de Promotores Lingüísticos para Participar en los Procesos de Traducción y Difusión de Lenguas Indígenas.”",Mujer,Mujer cisgénero,2025-08-01T00:00:00Z,7500,7500,Puebla,22,
2025,2025-10-01T00:00:00Z,2025-12-31T00:00:00Z,Local,Programas de servicios,Programa para el Desarrollo Integral de los Pueblos Indígenas (E088),"A Participar en los Proyectos Nido de Lenguas, Paisaje Lingüístico y Promotores Lingüísticos para la Difusión y Conservación de las Lenguas Indígenas del Componente 4 ""Promoción de Acciones sobre Lenguas Indígenas, Derechos Lingüísticos, Formación de Intérpretes y Traductores”, Vertiente Procesos de Traducción en Lenguas Indígenas:  Apoyo a Grupos de Promotores Lingüísticos para Participar en los Procesos de Traducción y Difusión de Lenguas Indígenas.”",https://transparencia.puebla.gob.mx/docs2024/adjuntos/43/1228_1768850142_b502d9800e29b6e50fb185e3ff5aa1db.pdf,Dirección de la Academia de Lenguas Indígenas,Lucero Salas Pérez,,2025-12-31T00:00:00Z,El Instituto Poblano de los Pueblos Indígenas informa que respecto a la columna “Edad (en su caso)” se encuentra vacía ya que no se cuenta con la información.,Ana Deni,López,Pérez,"A Participar en los Proyectos Nido de Lenguas, Paisaje Lingüístico y Promotores Lingüísticos para la Difusión y Conservación de las Lenguas Indígenas del Componente 4 ""Promoción de Acciones sobre Lenguas Indígenas, Derechos Lingüísticos, Formación de Intérpretes y Traductores”, Vertiente Procesos de Traducción en Lenguas Indígenas:  Apoyo a Grupos de Promotores Lingüísticos para Participar en los Procesos de Traducción y Difusión de Lenguas Indígenas.”",Mujer,Mujer cisgénero,2025-08-01T00:00:00Z,7500,7500,Puebla,20,
2025,2025-10-01T00:00:00Z,2025-12-31T00:00:00Z,Local,Programas de servicios,Programa para el Desarrollo Integral de los Pueblos Indígenas (E088),"A Participar en los Proyectos Nido de Lenguas, Paisaje Lingüístico y Promotores Lingüísticos para la Difusión y Conservación de las Lenguas Indígenas del Componente 4 ""Promoción de Acciones sobre Lenguas Indígenas, Derechos Lingüísticos, Formación de Intérpretes y Traductores”, Vertiente Procesos de Traducción en Lenguas Indígenas:  Apoyo a Grupos de Promotores Lingüísticos para Participar en los Procesos de Traducción y Difusión de Lenguas Indígenas.”",https://transparencia.puebla.gob.mx/docs2024/adjuntos/43/1228_1768850142_b502d9800e29b6e50fb185e3ff5aa1db.pdf,Dirección de la Academia de Lenguas Indígenas,Lucero Salas Pérez,,2025-12-31T00:00:00Z,El Instituto Poblano de los Pueblos Indígenas informa que respecto a la columna “Edad (en su caso)” se encuentra vacía ya que no se cuenta con la información.,Aurelio,García,Ponce,"A Participar en los Proyectos Nido de Lenguas, Paisaje Lingüístico y Promotores Lingüísticos para la Difusión y Conservación de las Lenguas Indígenas del Componente 4 ""Promoción de Acciones sobre Lenguas Indígenas, Derechos Lingüísticos, Formación de Intérpretes y Traductores”, Vertiente Procesos de Traducción en Lenguas Indígenas:  Apoyo a Grupos de Promotores Lingüísticos para Participar en los Procesos de Traducción y Difusión de Lenguas Indígenas.”",Hombre,Hombre cisgénero,2025-08-01T00:00:00Z,7500,7500,Puebla,28,
2025,2025-10-01T00:00:00Z,2025-12-31T00:00:00Z,Local,Programas de servicios,Programa para el Desarrollo Integral de los Pueblos Indígenas (E088),"A Participar en los Proyectos Nido de Lenguas, Paisaje Lingüístico y Promotores Lingüísticos para la Difusión y Conservación de las Lenguas Indígenas del Componente 4 ""Promoción de Acciones sobre Lenguas Indígenas, Derechos Lingüísticos, Formación de Intérpretes y Traductores”, Vertiente Procesos de Traducción en Lenguas Indígenas:  Apoyo a Grupos de Promotores Lingüísticos para Participar en los Procesos de Traducción y Difusión de Lenguas Indígenas.”",https://transparencia.puebla.gob.mx/docs2024/adjuntos/43/1228_1768850142_b502d9800e29b6e50fb185e3ff5aa1db.pdf,Dirección de la Academia de Lenguas Indígenas,Lucero Salas Pérez,,2025-12-31T00:00:00Z,El Instituto Poblano de los Pueblos Indígenas informa que respecto a la columna “Edad (en su caso)” se encuentra vacía ya que no se cuenta con la información.,Felicitas,Sánchez,Aparicio,"A Participar en los Proyectos Nido de Lenguas, Paisaje Lingüístico y Promotores Lingüísticos para la Difusión y Conservación de las Lenguas Indígenas del Componente 4 ""Promoción de Acciones sobre Lenguas Indígenas, Derechos Lingüísticos, Formación de Intérpretes y Traductores”, Vertiente Procesos de Traducción en Lenguas Indígenas:  Apoyo a Grupos de Promotores Lingüísticos para Participar en los Procesos de Traducción y Difusión de Lenguas Indígenas.”",Mujer,Mujer cisgénero,2025-08-01T00:00:00Z,7500,7500,Puebla,28,
2025,2025-10-01T00:00:00Z,2025-12-31T00:00:00Z,Local,Programas de servicios,Programa para el Desarrollo Integral de los Pueblos Indígenas (E088),"A Participar en los Proyectos Nido de Lenguas, Paisaje Lingüístico y Promotores Lingüísticos para la Difusión y Conservación de las Lenguas Indígenas del Componente 4 ""Promoción de Acciones sobre Lenguas Indígenas, Derechos Lingüísticos, Formación de Intérpretes y Traductores”, Vertiente Procesos de Traducción en Lenguas Indígenas:  Apoyo a Grupos de Promotores Lingüísticos para Participar en los Procesos de Traducción y Difusión de Lenguas Indígenas.”",https://transparencia.puebla.gob.mx/docs2024/adjuntos/43/1228_1768850142_b502d9800e29b6e50fb185e3ff5aa1db.pdf,Dirección de la Academia de Lenguas Indígenas,Lucero Salas Pérez,,2025-12-31T00:00:00Z,El Instituto Poblano de los Pueblos Indígenas informa que respecto a la columna “Edad (en su caso)” se encuentra vacía ya que no se cuenta con la información.,Elizabeth,Santos,Santos,"A Participar en los Proyectos Nido de Lenguas, Paisaje Lingüístico y Promotores Lingüísticos para la Difusión y Conservación de las Lenguas Indígenas del Componente 4 ""Promoción de Acciones sobre Lenguas Indígenas, Derechos Lingüísticos, Formación de Intérpretes y Traductores”, Vertiente Procesos de Traducción en Lenguas Indígenas:  Apoyo a Grupos de Promotores Lingüísticos para Participar en los Procesos de Traducción y Difusión de Lenguas Indígenas.”",Mujer,Mujer cisgénero,2025-08-01T00:00:00Z,7500,7500,Puebla,30,
2025,2025-10-01T00:00:00Z,2025-12-31T00:00:00Z,Local,Programas de servicios,Programa para el Desarrollo Integral de los Pueblos Indígenas (E088),"A Participar en los Proyectos Nido de Lenguas, Paisaje Lingüístico y Promotores Lingüísticos para la Difusión y Conservación de las Lenguas Indígenas del Componente 4 ""Promoción de Acciones sobre Lenguas Indígenas, Derechos Lingüísticos, Formación de Intérpretes y Traductores”, Vertiente Procesos de Traducción en Lenguas Indígenas:  Apoyo a Grupos de Promotores Lingüísticos para Participar en los Procesos de Traducción y Difusión de Lenguas Indígenas.”",https://transparencia.puebla.gob.mx/docs2024/adjuntos/43/1228_1768850142_b502d9800e29b6e50fb185e3ff5aa1db.pdf,Dirección de la Academia de Lenguas Indígenas,Lucero Salas Pérez,,2025-12-31T00:00:00Z,El Instituto Poblano de los Pueblos Indígenas informa que respecto a la columna “Edad (en su caso)” se encuentra vacía ya que no se cuenta con la información.,Zeferino,Martínez,Márquez,"A Participar en los Proyectos Nido de Lenguas, Paisaje Lingüístico y Promotores Lingüísticos para la Difusión y Conservación de las Lenguas Indígenas del Componente 4 ""Promoción de Acciones sobre Lenguas Indígenas, Derechos Lingüísticos, Formación de Intérpretes y Traductores”, Vertiente Procesos de Traducción en Lenguas Indígenas:  Apoyo a Grupos de Promotores Lingüísticos para Participar en los Procesos de Traducción y Difusión de Lenguas Indígenas.”",Hombre,Hombre cisgénero,2025-08-01T00:00:00Z,7500,7500,Puebla,33,
2025,2025-10-01T00:00:00Z,2025-12-31T00:00:00Z,Local,Programas de servicios,Programa para el Desarrollo Integral de los Pueblos Indígenas (E088),"A Participar en los Proyectos Nido de Lenguas, Paisaje Lingüístico y Promotores Lingüísticos para la Difusión y Conservación de las Lenguas Indígenas del Componente 4 ""Promoción de Acciones sobre Lenguas Indígenas, Derechos Lingüísticos, Formación de Intérpretes y Traductores”, Vertiente “Proyectos de Revitalización de las Lenguas Indígenas: Apoyo a Grupos Comunitarios Interesados en Implementar el Proyecto Nido de Lenguas”",https://transparencia.puebla.gob.mx/docs2024/adjuntos/43/1228_1768850261_01873105e3f2cb1f2f62596510cd6365.pdf,Dirección de la Academia de Lenguas Indígenas,Lucero Salas Pérez,,2025-12-31T00:00:00Z,El Instituto Poblano de los Pueblos Indígenas informa que respecto a la columna “Edad (en su caso)” se encuentra vacía ya que no se cuenta con la información.,Martha Giselle,Rosales,Apolinar,"A Participar en los Proyectos Nido de Lenguas, Paisaje Lingüístico y Promotores Lingüísticos para la Difusión y Conservación de las Lenguas Indígenas del Componente 4 ""Promoción de Acciones sobre Lenguas Indígenas, Derechos Lingüísticos, Formación de Intérpretes y Traductores”, Vertiente “Proyectos de Revitalización de las Lenguas Indígenas: Apoyo a Grupos Comunitarios Interesados en Implementar el Proyecto Nido de Lenguas”",Mujer,Mujer cisgénero,2025-08-01T00:00:00Z,1700,1700,Puebla,,
2025,2025-10-01T00:00:00Z,2025-12-31T00:00:00Z,Local,Programas de servicios,Programa para el Desarrollo Integral de los Pueblos Indígenas (E088),"A Participar en los Proyectos Nido de Lenguas, Paisaje Lingüístico y Promotores Lingüísticos para la Difusión y Conservación de las Lenguas Indígenas del Componente 4 ""Promoción de Acciones sobre Lenguas Indígenas, Derechos Lingüísticos, Formación de Intérpretes y Traductores”, Vertiente “Proyectos de Revitalización de las Lenguas Indígenas: Apoyo a Grupos Comunitarios Interesados en Implementar el Proyecto Nido de Lenguas”",https://transparencia.puebla.gob.mx/docs2024/adjuntos/43/1228_1768850261_01873105e3f2cb1f2f62596510cd6365.pdf,Dirección de la Academia de Lenguas Indígenas,Lucero Salas Pérez,,2025-12-31T00:00:00Z,El Instituto Poblano de los Pueblos Indígenas informa que respecto a la columna “Edad (en su caso)” se encuentra vacía ya que no se cuenta con la información.,Maidelid,Delgado,Ramírez,"A Participar en los Proyectos Nido de Lenguas, Paisaje Lingüístico y Promotores Lingüísticos para la Difusión y Conservación de las Lenguas Indígenas del Componente 4 ""Promoción de Acciones sobre Lenguas Indígenas, Derechos Lingüísticos, Formación de Intérpretes y Traductores”, Vertiente “Proyectos de Revitalización de las Lenguas Indígenas: Apoyo a Grupos Comunitarios Interesados en Implementar el Proyecto Nido de Lenguas”",Mujer,Mujer cisgénero,2025-08-01T00:00:00Z,1700,1700,Puebla,,
2025,2025-10-01T00:00:00Z,2025-12-31T00:00:00Z,Local,Programas de servicios,Programa para el Desarrollo Integral de los Pueblos Indígenas (E088),"A Participar en los Proyectos Nido de Lenguas, Paisaje Lingüístico y Promotores Lingüísticos para la Difusión y Conservación de las Lenguas Indígenas del Componente 4 ""Promoción de Acciones sobre Lenguas Indígenas, Derechos Lingüísticos, Formación de Intérpretes y Traductores”, Vertiente “Proyectos de Revitalización de las Lenguas Indígenas: Apoyo a Grupos Comunitarios Interesados en Implementar el Proyecto Nido de Lenguas”",https://transparencia.puebla.gob.mx/docs2024/adjuntos/43/1228_1768850261_01873105e3f2cb1f2f62596510cd6365.pdf,Dirección de la Academia de Lenguas Indígenas,Lucero Salas Pérez,,2025-12-31T00:00:00Z,El Instituto Poblano de los Pueblos Indígenas informa que respecto a la columna “Edad (en su caso)” se encuentra vacía ya que no se cuenta con la información.,Gabriel Ismael,Delgado,Ramírez,"A Participar en los Proyectos Nido de Lenguas, Paisaje Lingüístico y Promotores Lingüísticos para la Difusión y Conservación de las Lenguas Indígenas del Componente 4 ""Promoción de Acciones sobre Lenguas Indígenas, Derechos Lingüísticos, Formación de Intérpretes y Traductores”, Vertiente “Proyectos de Revitalización de las Lenguas Indígenas: Apoyo a Grupos Comunitarios Interesados en Implementar el Proyecto Nido de Lenguas”",Hombre,Hombre cisgénero,2025-08-01T00:00:00Z,1700,1700,Puebla,,
2025,2025-10-01T00:00:00Z,2025-12-31T00:00:00Z,Local,Programas de servicios,Programa para el Desarrollo Integral de los Pueblos Indígenas (E088),"A Participar en los Proyectos Nido de Lenguas, Paisaje Lingüístico y Promotores Lingüísticos para la Difusión y Conservación de las Lenguas Indígenas del Componente 4 ""Promoción de Acciones sobre Lenguas Indígenas, Derechos Lingüísticos, Formación de Intérpretes y Traductores”, Vertiente “Proyectos de Revitalización de las Lenguas Indígenas: Apoyo a Grupos Comunitarios Interesados en Implementar el Proyecto Nido de Lenguas”",https://transparencia.puebla.gob.mx/docs2024/adjuntos/43/1228_1768850261_01873105e3f2cb1f2f62596510cd6365.pdf,Dirección de la Academia de Lenguas Indígenas,Lucero Salas Pérez,,2025-12-31T00:00:00Z,El Instituto Poblano de los Pueblos Indígenas informa que respecto a la columna “Edad (en su caso)” se encuentra vacía ya que no se cuenta con la información.,Renata,Victoriano,Alvarado,"A Participar en los Proyectos Nido de Lenguas, Paisaje Lingüístico y Promotores Lingüísticos para la Difusión y Conservación de las Lenguas Indígenas del Componente 4 ""Promoción de Acciones sobre Lenguas Indígenas, Derechos Lingüísticos, Formación de Intérpretes y Traductores”, Vertiente “Proyectos de Revitalización de las Lenguas Indígenas: Apoyo a Grupos Comunitarios Interesados en Implementar el Proyecto Nido de Lenguas”",Mujer,Mujer cisgénero,2025-08-01T00:00:00Z,1700,1700,Puebla,,
2025,2025-10-01T00:00:00Z,2025-12-31T00:00:00Z,Local,Programas de servicios,Programa para el Desarrollo Integral de los Pueblos Indígenas (E088),"A Participar en los Proyectos Nido de Lenguas, Paisaje Lingüístico y Promotores Lingüísticos para la Difusión y Conservación de las Lenguas Indígenas del Componente 4 ""Promoción de Acciones sobre Lenguas Indígenas, Derechos Lingüísticos, Formación de Intérpretes y Traductores”, Vertiente “Proyectos de Revitalización de las Lenguas Indígenas: Apoyo a Grupos Comunitarios Interesados en Implementar el Proyecto Nido de Lenguas”",https://transparencia.puebla.gob.mx/docs2024/adjuntos/43/1228_1768850261_01873105e3f2cb1f2f62596510cd6365.pdf,Dirección de la Academia de Lenguas Indígenas,Lucero Salas Pérez,,2025-12-31T00:00:00Z,El Instituto Poblano de los Pueblos Indígenas informa que respecto a la columna “Edad (en su caso)” se encuentra vacía ya que no se cuenta con la información.,Alonso,Rodríguez,Albino,"A Participar en los Proyectos Nido de Lenguas, Paisaje Lingüístico y Promotores Lingüísticos para la Difusión y Conservación de las Lenguas Indígenas del Componente 4 ""Promoción de Acciones sobre Lenguas Indígenas, Derechos Lingüísticos, Formación de Intérpretes y Traductores”, Vertiente “Proyectos de Revitalización de las Lenguas Indígenas: Apoyo a Grupos Comunitarios Interesados en Implementar el Proyecto Nido de Lenguas”",Hombre,Hombre cisgénero,2025-08-01T00:00:00Z,1700,1700,Puebla,,
2025,2025-10-01T00:00:00Z,2025-12-31T00:00:00Z,Local,Programas de servicios,Programa para el Desarrollo Integral de los Pueblos Indígenas (E088),"A Participar en los Proyectos Nido de Lenguas, Paisaje Lingüístico y Promotores Lingüísticos para la Difusión y Conservación de las Lenguas Indígenas del Componente 4 ""Promoción de Acciones sobre Lenguas Indígenas, Derechos Lingüísticos, Formación de Intérpretes y Traductores”, Vertiente “Proyectos de Revitalización de las Lenguas Indígenas: Apoyo a Grupos Comunitarios Interesados en Implementar el Proyecto Nido de Lenguas”",https://transparencia.puebla.gob.mx/docs2024/adjuntos/43/1228_1768850261_01873105e3f2cb1f2f62596510cd6365.pdf,Dirección de la Academia de Lenguas Indígenas,Lucero Salas Pérez,,2025-12-31T00:00:00Z,El Instituto Poblano de los Pueblos Indígenas informa que respecto a la columna “Edad (en su caso)” se encuentra vacía ya que no se cuenta con la información.,Marcos,Santiago,Márquez,"A Participar en los Proyectos Nido de Lenguas, Paisaje Lingüístico y Promotores Lingüísticos para la Difusión y Conservación de las Lenguas Indígenas del Componente 4 ""Promoción de Acciones sobre Lenguas Indígenas, Derechos Lingüísticos, Formación de Intérpretes y Traductores”, Vertiente “Proyectos de Revitalización de las Lenguas Indígenas: Apoyo a Grupos Comunitarios Interesados en Implementar el Proyecto Nido de Lenguas”",Hombre,Hombre cisgénero,2025-08-01T00:00:00Z,1700,1700,Puebla,,
2025,2025-10-01T00:00:00Z,2025-12-31T00:00:00Z,Local,Programas de servicios,Programa para el Desarrollo Integral de los Pueblos Indígenas (E088),"A Participar en los Proyectos Nido de Lenguas, Paisaje Lingüístico y Promotores Lingüísticos para la Difusión y Conservación de las Lenguas Indígenas del Componente 4 ""Promoción de Acciones sobre Lenguas Indígenas, Derechos Lingüísticos, Formación de Intérpretes y Traductores”, Vertiente “Proyectos de Revitalización de las Lenguas Indígenas: Apoyo a Grupos Comunitarios Interesados en Implementar el Proyecto Nido de Lenguas”",https://transparencia.puebla.gob.mx/docs2024/adjuntos/43/1228_1768850261_01873105e3f2cb1f2f62596510cd6365.pdf,Dirección de la Academia de Lenguas Indígenas,Lucero Salas Pérez,,2025-12-31T00:00:00Z,El Instituto Poblano de los Pueblos Indígenas informa que respecto a la columna “Edad (en su caso)” se encuentra vacía ya que no se cuenta con la información.,Jesús Alexander,Ángel,Antonio,"A Participar en los Proyectos Nido de Lenguas, Paisaje Lingüístico y Promotores Lingüísticos para la Difusión y Conservación de las Lenguas Indígenas del Componente 4 ""Promoción de Acciones sobre Lenguas Indígenas, Derechos Lingüísticos, Formación de Intérpretes y Traductores”, Vertiente “Proyectos de Revitalización de las Lenguas Indígenas: Apoyo a Grupos Comunitarios Interesados en Implementar el Proyecto Nido de Lenguas”",Hombre,Hombre cisgénero,2025-08-01T00:00:00Z,1700,1700,Puebla,,
2025,2025-10-01T00:00:00Z,2025-12-31T00:00:00Z,Local,Programas de servicios,Programa para el Desarrollo Integral de los Pueblos Indígenas (E088),"A Participar en los Proyectos Nido de Lenguas, Paisaje Lingüístico y Promotores Lingüísticos para la Difusión y Conservación de las Lenguas Indígenas del Componente 4 ""Promoción de Acciones sobre Lenguas Indígenas, Derechos Lingüísticos, Formación de Intérpretes y Traductores”, Vertiente “Proyectos de Revitalización de las Lenguas Indígenas: Apoyo a Grupos Comunitarios Interesados en Implementar el Proyecto Nido de Lenguas”",https://transparencia.puebla.gob.mx/docs2024/adjuntos/43/1228_1768850261_01873105e3f2cb1f2f62596510cd6365.pdf,Dirección de la Academia de Lenguas Indígenas,Lucero Salas Pérez,,2025-12-31T00:00:00Z,El Instituto Poblano de los Pueblos Indígenas informa que respecto a la columna “Edad (en su caso)” se encuentra vacía ya que no se cuenta con la información.,María Guadalupe,Pérez,Ramírez,"A Participar en los Proyectos Nido de Lenguas, Paisaje Lingüístico y Promotores Lingüísticos para la Difusión y Conservación de las Lenguas Indígenas del Componente 4 ""Promoción de Acciones sobre Lenguas Indígenas, Derechos Lingüísticos, Formación de Intérpretes y Traductores”, Vertiente “Proyectos de Revitalización de las Lenguas Indígenas: Apoyo a Grupos Comunitarios Interesados en Implementar el Proyecto Nido de Lenguas”",Mujer,Mujer cisgénero,2025-08-01T00:00:00Z,1700,1700,Puebla,,
2025,2025-10-01T00:00:00Z,2025-12-31T00:00:00Z,Local,Programas de servicios,Programa para el Desarrollo Integral de los Pueblos Indígenas (E088),"A Participar en los Proyectos Nido de Lenguas, Paisaje Lingüístico y Promotores Lingüísticos para la Difusión y Conservación de las Lenguas Indígenas del Componente 4 ""Promoción de Acciones sobre Lenguas Indígenas, Derechos Lingüísticos, Formación de Intérpretes y Traductores”, Vertiente “Proyectos de Revitalización de las Lenguas Indígenas: Apoyo a Grupos Comunitarios Interesados en Implementar el Proyecto Nido de Lenguas”",https://transparencia.puebla.gob.mx/docs2024/adjuntos/43/1228_1768850261_01873105e3f2cb1f2f62596510cd6365.pdf,Dirección de la Academia de Lenguas Indígenas,Lucero Salas Pérez,,2025-12-31T00:00:00Z,El Instituto Poblano de los Pueblos Indígenas informa que respecto a la columna “Edad (en su caso)” se encuentra vacía ya que no se cuenta con la información.,Juan Roberto,Gutiérrez,Hernández,"A Participar en los Proyectos Nido de Lenguas, Paisaje Lingüístico y Promotores Lingüísticos para la Difusión y Conservación de las Lenguas Indígenas del Componente 4 ""Promoción de Acciones sobre Lenguas Indígenas, Derechos Lingüísticos, Formación de Intérpretes y Traductores”, Vertiente “Proyectos de Revitalización de las Lenguas Indígenas: Apoyo a Grupos Comunitarios Interesados en Implementar el Proyecto Nido de Lenguas”",Hombre,Hombre cisgénero,2025-08-01T00:00:00Z,1700,1700,Puebla,,
2025,2025-10-01T00:00:00Z,2025-12-31T00:00:00Z,Local,Programas de servicios,Programa para el Desarrollo Integral de los Pueblos Indígenas (E088),"A Participar en los Proyectos Nido de Lenguas, Paisaje Lingüístico y Promotores Lingüísticos para la Difusión y Conservación de las Lenguas Indígenas del Componente 4 ""Promoción de Acciones sobre Lenguas Indígenas, Derechos Lingüísticos, Formación de Intérpretes y Traductores”, Vertiente “Proyectos de Revitalización de las Lenguas Indígenas: Apoyo a Grupos Comunitarios Interesados en Implementar el Proyecto Nido de Lenguas”",https://transparencia.puebla.gob.mx/docs2024/adjuntos/43/1228_1768850261_01873105e3f2cb1f2f62596510cd6365.pdf,Dirección de la Academia de Lenguas Indígenas,Lucero Salas Pérez,,2025-12-31T00:00:00Z,El Instituto Poblano de los Pueblos Indígenas informa que respecto a la columna “Edad (en su caso)” se encuentra vacía ya que no se cuenta con la información.,Joselyn,Juárez,Gutiérrez,"A Participar en los Proyectos Nido de Lenguas, Paisaje Lingüístico y Promotores Lingüísticos para la Difusión y Conservación de las Lenguas Indígenas del Componente 4 ""Promoción de Acciones sobre Lenguas Indígenas, Derechos Lingüísticos, Formación de Intérpretes y Traductores”, Vertiente “Proyectos de Revitalización de las Lenguas Indígenas: Apoyo a Grupos Comunitarios Interesados en Implementar el Proyecto Nido de Lenguas”",Mujer,Mujer cisgénero,2025-08-01T00:00:00Z,1700,1700,Puebla,,
2025,2025-10-01T00:00:00Z,2025-12-31T00:00:00Z,Local,Programas de servicios,Programa para el Desarrollo Integral de los Pueblos Indígenas (E088),"A Participar en los Proyectos Nido de Lenguas, Paisaje Lingüístico y Promotores Lingüísticos para la Difusión y Conservación de las Lenguas Indígenas del Componente 4 ""Promoción de Acciones sobre Lenguas Indígenas, Derechos Lingüísticos, Formación de Intérpretes y Traductores”, Vertiente “Proyectos de Revitalización de las Lenguas Indígenas: Apoyo a Grupos Comunitarios Interesados en Implementar el Proyecto Nido de Lenguas”",https://transparencia.puebla.gob.mx/docs2024/adjuntos/43/1228_1768850261_01873105e3f2cb1f2f62596510cd6365.pdf,Dirección de la Academia de Lenguas Indígenas,Lucero Salas Pérez,,2025-12-31T00:00:00Z,El Instituto Poblano de los Pueblos Indígenas informa que respecto a la columna “Edad (en su caso)” se encuentra vacía ya que no se cuenta con la información.,Erick,Sainos,Rodríguez,"A Participar en los Proyectos Nido de Lenguas, Paisaje Lingüístico y Promotores Lingüísticos para la Difusión y Conservación de las Lenguas Indígenas del Componente 4 ""Promoción de Acciones sobre Lenguas Indígenas, Derechos Lingüísticos, Formación de Intérpretes y Traductores”, Vertiente “Proyectos de Revitalización de las Lenguas Indígenas: Apoyo a Grupos Comunitarios Interesados en Implementar el Proyecto Nido de Lenguas”",Hombre,Hombre cisgénero,2025-08-01T00:00:00Z,1700,1700,Puebla,,
2025,2025-10-01T00:00:00Z,2025-12-31T00:00:00Z,Local,Programas de servicios,Programa para el Desarrollo Integral de los Pueblos Indígenas (E088),"A Participar en los Proyectos Nido de Lenguas, Paisaje Lingüístico y Promotores Lingüísticos para la Difusión y Conservación de las Lenguas Indígenas del Componente 4 ""Promoción de Acciones sobre Lenguas Indígenas, Derechos Lingüísticos, Formación de Intérpretes y Traductores”, Vertiente “Proyectos de Revitalización de las Lenguas Indígenas: Apoyo a Grupos Comunitarios Interesados en Implementar el Proyecto Nido de Lenguas”",https://transparencia.puebla.gob.mx/docs2024/adjuntos/43/1228_1768850261_01873105e3f2cb1f2f62596510cd6365.pdf,Dirección de la Academia de Lenguas Indígenas,Lucero Salas Pérez,,2025-12-31T00:00:00Z,El Instituto Poblano de los Pueblos Indígenas informa que respecto a la columna “Edad (en su caso)” se encuentra vacía ya que no se cuenta con la información.,Salvador,Méndez,Santiago,"A Participar en los Proyectos Nido de Lenguas, Paisaje Lingüístico y Promotores Lingüísticos para la Difusión y Conservación de las Lenguas Indígenas del Componente 4 ""Promoción de Acciones sobre Lenguas Indígenas, Derechos Lingüísticos, Formación de Intérpretes y Traductores”, Vertiente “Proyectos de Revitalización de las Lenguas Indígenas: Apoyo a Grupos Comunitarios Interesados en Implementar el Proyecto Nido de Lenguas”",Hombre,Hombre cisgénero,2025-08-01T00:00:00Z,1700,1700,Puebla,,
2025,2025-10-01T00:00:00Z,2025-12-31T00:00:00Z,Local,Programas de servicios,Programa para el Desarrollo Integral de los Pueblos Indígenas (E088),"A Participar en los Proyectos Nido de Lenguas, Paisaje Lingüístico y Promotores Lingüísticos para la Difusión y Conservación de las Lenguas Indígenas del Componente 4 ""Promoción de Acciones sobre Lenguas Indígenas, Derechos Lingüísticos, Formación de Intérpretes y Traductores”, Vertiente “Proyectos de Revitalización de las Lenguas Indígenas: Apoyo a Grupos Comunitarios Interesados en Implementar el Proyecto Nido de Lenguas”",https://transparencia.puebla.gob.mx/docs2024/adjuntos/43/1228_1768850261_01873105e3f2cb1f2f62596510cd6365.pdf,Dirección de la Academia de Lenguas Indígenas,Lucero Salas Pérez,,2025-12-31T00:00:00Z,El Instituto Poblano de los Pueblos Indígenas informa que respecto a la columna “Edad (en su caso)” se encuentra vacía ya que no se cuenta con la información.,Mauricio,Hernández,Nava,"A Participar en los Proyectos Nido de Lenguas, Paisaje Lingüístico y Promotores Lingüísticos para la Difusión y Conservación de las Lenguas Indígenas del Componente 4 ""Promoción de Acciones sobre Lenguas Indígenas, Derechos Lingüísticos, Formación de Intérpretes y Traductores”, Vertiente “Proyectos de Revitalización de las Lenguas Indígenas: Apoyo a Grupos Comunitarios Interesados en Implementar el Proyecto Nido de Lenguas”",Hombre,Hombre cisgénero,2025-08-01T00:00:00Z,1700,1700,Puebla,,
2025,2025-10-01T00:00:00Z,2025-12-31T00:00:00Z,Local,Programas de servicios,Programa para el Desarrollo Integral de los Pueblos Indígenas (E088),"A Participar en los Proyectos Nido de Lenguas, Paisaje Lingüístico y Promotores Lingüísticos para la Difusión y Conservación de las Lenguas Indígenas del Componente 4 ""Promoción de Acciones sobre Lenguas Indígenas, Derechos Lingüísticos, Formación de Intérpretes y Traductores”, Vertiente “Proyectos de Revitalización de las Lenguas Indígenas: Apoyo a Grupos Comunitarios Interesados en Implementar el Proyecto Nido de Lenguas”",https://transparencia.puebla.gob.mx/docs2024/adjuntos/43/1228_1768850261_01873105e3f2cb1f2f62596510cd6365.pdf,Dirección de la Academia de Lenguas Indígenas,Lucero Salas Pérez,,2025-12-31T00:00:00Z,El Instituto Poblano de los Pueblos Indígenas informa que respecto a la columna “Edad (en su caso)” se encuentra vacía ya que no se cuenta con la información.,Alejandro,Lucas,Santiago,"A Participar en los Proyectos Nido de Lenguas, Paisaje Lingüístico y Promotores Lingüísticos para la Difusión y Conservación de las Lenguas Indígenas del Componente 4 ""Promoción de Acciones sobre Lenguas Indígenas, Derechos Lingüísticos, Formación de Intérpretes y Traductores”, Vertiente “Proyectos de Revitalización de las Lenguas Indígenas: Apoyo a Grupos Comunitarios Interesados en Implementar el Proyecto Nido de Lenguas”",Hombre,Hombre cisgénero,2025-08-01T00:00:00Z,1700,1700,Puebla,,
2025,2025-10-01T00:00:00Z,2025-12-31T00:00:00Z,Local,Programas de servicios,Programa para el Desarrollo Integral de los Pueblos Indígenas (E088),"A Participar en los Proyectos Nido de Lenguas, Paisaje Lingüístico y Promotores Lingüísticos para la Difusión y Conservación de las Lenguas Indígenas del Componente 4 ""Promoción de Acciones sobre Lenguas Indígenas, Derechos Lingüísticos, Formación de Intérpretes y Traductores”, Vertiente “Proyectos de Revitalización de las Lenguas Indígenas: Apoyo a Grupos Comunitarios Interesados en Implementar el Proyecto Nido de Lenguas”",https://transparencia.puebla.gob.mx/docs2024/adjuntos/43/1228_1768850261_01873105e3f2cb1f2f62596510cd6365.pdf,Dirección de la Academia de Lenguas Indígenas,Lucero Salas Pérez,,2025-12-31T00:00:00Z,El Instituto Poblano de los Pueblos Indígenas informa que respecto a la columna “Edad (en su caso)” se encuentra vacía ya que no se cuenta con la información.,Nicolás,Santiago,Salazar,"A Participar en los Proyectos Nido de Lenguas, Paisaje Lingüístico y Promotores Lingüísticos para la Difusión y Conservación de las Lenguas Indígenas del Componente 4 ""Promoción de Acciones sobre Lenguas Indígenas, Derechos Lingüísticos, Formación de Intérpretes y Traductores”, Vertiente “Proyectos de Revitalización de las Lenguas Indígenas: Apoyo a Grupos Comunitarios Interesados en Implementar el Proyecto Nido de Lenguas”",Hombre,Hombre cisgénero,2025-08-01T00:00:00Z,1700,1700,Puebla,,
2025,2025-10-01T00:00:00Z,2025-12-31T00:00:00Z,Local,Programas de servicios,Programa para el Desarrollo Integral de los Pueblos Indígenas (E088),"A Participar en los Proyectos Nido de Lenguas, Paisaje Lingüístico y Promotores Lingüísticos para la Difusión y Conservación de las Lenguas Indígenas del Componente 4 ""Promoción de Acciones sobre Lenguas Indígenas, Derechos Lingüísticos, Formación de Intérpretes y Traductores”, Vertiente “Proyectos de Revitalización de las Lenguas Indígenas: Apoyo a Grupos Comunitarios Interesados en Implementar el Proyecto Nido de Lenguas”",https://transparencia.puebla.gob.mx/docs2024/adjuntos/43/1228_1768850261_01873105e3f2cb1f2f62596510cd6365.pdf,Dirección de la Academia de Lenguas Indígenas,Lucero Salas Pérez,,2025-12-31T00:00:00Z,El Instituto Poblano de los Pueblos Indígenas informa que respecto a la columna “Edad (en su caso)” se encuentra vacía ya que no se cuenta con la información.,Anastacia,Martínez,Ramos,"A Participar en los Proyectos Nido de Lenguas, Paisaje Lingüístico y Promotores Lingüísticos para la Difusión y Conservación de las Lenguas Indígenas del Componente 4 ""Promoción de Acciones sobre Lenguas Indígenas, Derechos Lingüísticos, Formación de Intérpretes y Traductores”, Vertiente “Proyectos de Revitalización de las Lenguas Indígenas: Apoyo a Grupos Comunitarios Interesados en Implementar el Proyecto Nido de Lenguas”",Mujer,Mujer cisgénero,2025-08-01T00:00:00Z,10000,10000,Puebla,,
2025,2025-10-01T00:00:00Z,2025-12-31T00:00:00Z,Local,Programas de servicios,Programa para el Desarrollo Integral de los Pueblos Indígenas (E088),"A Participar en los Proyectos Nido de Lenguas, Paisaje Lingüístico y Promotores Lingüísticos para la Difusión y Conservación de las Lenguas Indígenas del Componente 4 ""Promoción de Acciones sobre Lenguas Indígenas, Derechos Lingüísticos, Formación de Intérpretes y Traductores”, Vertiente “Proyectos de Revitalización de las Lenguas Indígenas: Apoyo a Grupos Comunitarios Interesados en Implementar el Proyecto Nido de Lenguas”",https://transparencia.puebla.gob.mx/docs2024/adjuntos/43/1228_1768850261_01873105e3f2cb1f2f62596510cd6365.pdf,Dirección de la Academia de Lenguas Indígenas,Lucero Salas Pérez,,2025-12-31T00:00:00Z,El Instituto Poblano de los Pueblos Indígenas informa que respecto a la columna “Edad (en su caso)” se encuentra vacía ya que no se cuenta con la información.,Gabriela,Luna,Martínez,"A Participar en los Proyectos Nido de Lenguas, Paisaje Lingüístico y Promotores Lingüísticos para la Difusión y Conservación de las Lenguas Indígenas del Componente 4 ""Promoción de Acciones sobre Lenguas Indígenas, Derechos Lingüísticos, Formación de Intérpretes y Traductores”, Vertiente “Proyectos de Revitalización de las Lenguas Indígenas: Apoyo a Grupos Comunitarios Interesados en Implementar el Proyecto Nido de Lenguas”",Mujer,Mujer cisgénero,2025-08-01T00:00:00Z,10000,10000,Puebla,,
2025,2025-10-01T00:00:00Z,2025-12-31T00:00:00Z,Local,Programas de servicios,Programa para el Desarrollo Integral de los Pueblos Indígenas (E088),"A Participar en los Proyectos Nido de Lenguas, Paisaje Lingüístico y Promotores Lingüísticos para la Difusión y Conservación de las Lenguas Indígenas del Componente 4 ""Promoción de Acciones sobre Lenguas Indígenas, Derechos Lingüísticos, Formación de Intérpretes y Traductores”, Vertiente “Proyectos de Revitalización de las Lenguas Indígenas: Apoyo a Grupos Comunitarios Interesados en Implementar el Proyecto Nido de Lenguas”",https://transparencia.puebla.gob.mx/docs2024/adjuntos/43/1228_1768850261_01873105e3f2cb1f2f62596510cd6365.pdf,Dirección de la Academia de Lenguas Indígenas,Lucero Salas Pérez,,2025-12-31T00:00:00Z,El Instituto Poblano de los Pueblos Indígenas informa que respecto a la columna “Edad (en su caso)” se encuentra vacía ya que no se cuenta con la información.,Ingrid,Varillas,Varillas,"A Participar en los Proyectos Nido de Lenguas, Paisaje Lingüístico y Promotores Lingüísticos para la Difusión y Conservación de las Lenguas Indígenas del Componente 4 ""Promoción de Acciones sobre Lenguas Indígenas, Derechos Lingüísticos, Formación de Intérpretes y Traductores”, Vertiente “Proyectos de Revitalización de las Lenguas Indígenas: Apoyo a Grupos Comunitarios Interesados en Implementar el Proyecto Nido de Lenguas”",Mujer,Mujer cisgénero,2025-08-01T00:00:00Z,1700,1700,Puebla,,
2025,2025-10-01T00:00:00Z,2025-12-31T00:00:00Z,Local,Programas de servicios,Programa para el Desarrollo Integral de los Pueblos Indígenas (E088),"A Participar en los Proyectos Nido de Lenguas, Paisaje Lingüístico y Promotores Lingüísticos para la Difusión y Conservación de las Lenguas Indígenas del Componente 4 ""Promoción de Acciones sobre Lenguas Indígenas, Derechos Lingüísticos, Formación de Intérpretes y Traductores”, Vertiente “Proyectos de Revitalización de las Lenguas Indígenas: Apoyo a Grupos Comunitarios Interesados en Implementar el Proyecto Nido de Lenguas”",https://transparencia.puebla.gob.mx/docs2024/adjuntos/43/1228_1768850261_01873105e3f2cb1f2f62596510cd6365.pdf,Dirección de la Academia de Lenguas Indígenas,Lucero Salas Pérez,,2025-12-31T00:00:00Z,El Instituto Poblano de los Pueblos Indígenas informa que respecto a la columna “Edad (en su caso)” se encuentra vacía ya que no se cuenta con la información.,Liam Jaciel,Pérez,Díaz,"A Participar en los Proyectos Nido de Lenguas, Paisaje Lingüístico y Promotores Lingüísticos para la Difusión y Conservación de las Lenguas Indígenas del Componente 4 ""Promoción de Acciones sobre Lenguas Indígenas, Derechos Lingüísticos, Formación de Intérpretes y Traductores”, Vertiente “Proyectos de Revitalización de las Lenguas Indígenas: Apoyo a Grupos Comunitarios Interesados en Implementar el Proyecto Nido de Lenguas”",Hombre,Hombre cisgénero,2025-08-01T00:00:00Z,1700,1700,Puebla,,
2025,2025-10-01T00:00:00Z,2025-12-31T00:00:00Z,Local,Programas de servicios,Programa para el Desarrollo Integral de los Pueblos Indígenas (E088),"A Participar en los Proyectos Nido de Lenguas, Paisaje Lingüístico y Promotores Lingüísticos para la Difusión y Conservación de las Lenguas Indígenas del Componente 4 ""Promoción de Acciones sobre Lenguas Indígenas, Derechos Lingüísticos, Formación de Intérpretes y Traductores”, Vertiente “Proyectos de Revitalización de las Lenguas Indígenas: Apoyo a Grupos Comunitarios Interesados en Implementar el Proyecto Nido de Lenguas”",https://transparencia.puebla.gob.mx/docs2024/adjuntos/43/1228_1768850261_01873105e3f2cb1f2f62596510cd6365.pdf,Dirección de la Academia de Lenguas Indígenas,Lucero Salas Pérez,,2025-12-31T00:00:00Z,El Instituto Poblano de los Pueblos Indígenas informa que respecto a la columna “Edad (en su caso)” se encuentra vacía ya que no se cuenta con la información.,Braulio,Varillas,Juárez,"A Participar en los Proyectos Nido de Lenguas, Paisaje Lingüístico y Promotores Lingüísticos para la Difusión y Conservación de las Lenguas Indígenas del Componente 4 ""Promoción de Acciones sobre Lenguas Indígenas, Derechos Lingüísticos, Formación de Intérpretes y Traductores”, Vertiente “Proyectos de Revitalización de las Lenguas Indígenas: Apoyo a Grupos Comunitarios Interesados en Implementar el Proyecto Nido de Lenguas”",Hombre,Hombre cisgénero,2025-08-01T00:00:00Z,1700,1700,Puebla,,
2025,2025-10-01T00:00:00Z,2025-12-31T00:00:00Z,Local,Programas de servicios,Programa para el Desarrollo Integral de los Pueblos Indígenas (E088),"A Participar en los Proyectos Nido de Lenguas, Paisaje Lingüístico y Promotores Lingüísticos para la Difusión y Conservación de las Lenguas Indígenas del Componente 4 ""Promoción de Acciones sobre Lenguas Indígenas, Derechos Lingüísticos, Formación de Intérpretes y Traductores”, Vertiente “Proyectos de Revitalización de las Lenguas Indígenas: Apoyo a Grupos Comunitarios Interesados en Implementar el Proyecto Nido de Lenguas”",https://transparencia.puebla.gob.mx/docs2024/adjuntos/43/1228_1768850261_01873105e3f2cb1f2f62596510cd6365.pdf,Dirección de la Academia de Lenguas Indígenas,Lucero Salas Pérez,,2025-12-31T00:00:00Z,El Instituto Poblano de los Pueblos Indígenas informa que respecto a la columna “Edad (en su caso)” se encuentra vacía ya que no se cuenta con la información.,Alan Ubaldo,Méndez,Zepeda,"A Participar en los Proyectos Nido de Lenguas, Paisaje Lingüístico y Promotores Lingüísticos para la Difusión y Conservación de las Lenguas Indígenas del Componente 4 ""Promoción de Acciones sobre Lenguas Indígenas, Derechos Lingüísticos, Formación de Intérpretes y Traductores”, Vertiente “Proyectos de Revitalización de las Lenguas Indígenas: Apoyo a Grupos Comunitarios Interesados en Implementar el Proyecto Nido de Lenguas”",Hombre,Hombre cisgénero,2025-08-01T00:00:00Z,1700,1700,Puebla,,
2025,2025-10-01T00:00:00Z,2025-12-31T00:00:00Z,Local,Programas de servicios,Programa para el Desarrollo Integral de los Pueblos Indígenas (E088),"A Participar en los Proyectos Nido de Lenguas, Paisaje Lingüístico y Promotores Lingüísticos para la Difusión y Conservación de las Lenguas Indígenas del Componente 4 ""Promoción de Acciones sobre Lenguas Indígenas, Derechos Lingüísticos, Formación de Intérpretes y Traductores”, Vertiente “Proyectos de Revitalización de las Lenguas Indígenas: Apoyo a Grupos Comunitarios Interesados en Implementar el Proyecto Nido de Lenguas”",https://transparencia.puebla.gob.mx/docs2024/adjuntos/43/1228_1768850261_01873105e3f2cb1f2f62596510cd6365.pdf,Dirección de la Academia de Lenguas Indígenas,Lucero Salas Pérez,,2025-12-31T00:00:00Z,El Instituto Poblano de los Pueblos Indígenas informa que respecto a la columna “Edad (en su caso)” se encuentra vacía ya que no se cuenta con la información.,Perlette Guadalupe,Nava,Eligio,"A Participar en los Proyectos Nido de Lenguas, Paisaje Lingüístico y Promotores Lingüísticos para la Difusión y Conservación de las Lenguas Indígenas del Componente 4 ""Promoción de Acciones sobre Lenguas Indígenas, Derechos Lingüísticos, Formación de Intérpretes y Traductores”, Vertiente “Proyectos de Revitalización de las Lenguas Indígenas: Apoyo a Grupos Comunitarios Interesados en Implementar el Proyecto Nido de Lenguas”",Mujer,Mujer cisgénero,2025-08-01T00:00:00Z,1700,1700,Puebla,,
2025,2025-10-01T00:00:00Z,2025-12-31T00:00:00Z,Local,Programas de servicios,Programa para el Desarrollo Integral de los Pueblos Indígenas (E088),"A Participar en los Proyectos Nido de Lenguas, Paisaje Lingüístico y Promotores Lingüísticos para la Difusión y Conservación de las Lenguas Indígenas del Componente 4 ""Promoción de Acciones sobre Lenguas Indígenas, Derechos Lingüísticos, Formación de Intérpretes y Traductores”, Vertiente “Proyectos de Revitalización de las Lenguas Indígenas: Apoyo a Grupos Comunitarios Interesados en Implementar el Proyecto Nido de Lenguas”",https://transparencia.puebla.gob.mx/docs2024/adjuntos/43/1228_1768850261_01873105e3f2cb1f2f62596510cd6365.pdf,Dirección de la Academia de Lenguas Indígenas,Lucero Salas Pérez,,2025-12-31T00:00:00Z,El Instituto Poblano de los Pueblos Indígenas informa que respecto a la columna “Edad (en su caso)” se encuentra vacía ya que no se cuenta con la información.,Francisco Javier,Hernández,Vargas,"A Participar en los Proyectos Nido de Lenguas, Paisaje Lingüístico y Promotores Lingüísticos para la Difusión y Conservación de las Lenguas Indígenas del Componente 4 ""Promoción de Acciones sobre Lenguas Indígenas, Derechos Lingüísticos, Formación de Intérpretes y Traductores”, Vertiente “Proyectos de Revitalización de las Lenguas Indígenas: Apoyo a Grupos Comunitarios Interesados en Implementar el Proyecto Nido de Lenguas”",Hombre,Hombre cisgénero,2025-08-01T00:00:00Z,1700,1700,Puebla,,
2025,2025-10-01T00:00:00Z,2025-12-31T00:00:00Z,Local,Programas de servicios,Programa para el Desarrollo Integral de los Pueblos Indígenas (E088),"A Participar en los Proyectos Nido de Lenguas, Paisaje Lingüístico y Promotores Lingüísticos para la Difusión y Conservación de las Lenguas Indígenas del Componente 4 ""Promoción de Acciones sobre Lenguas Indígenas, Derechos Lingüísticos, Formación de Intérpretes y Traductores”, Vertiente “Proyectos de Revitalización de las Lenguas Indígenas: Apoyo a Grupos Comunitarios Interesados en Implementar el Proyecto Nido de Lenguas”",https://transparencia.puebla.gob.mx/docs2024/adjuntos/43/1228_1768850261_01873105e3f2cb1f2f62596510cd6365.pdf,Dirección de la Academia de Lenguas Indígenas,Lucero Salas Pérez,,2025-12-31T00:00:00Z,El Instituto Poblano de los Pueblos Indígenas informa que respecto a la columna “Edad (en su caso)” se encuentra vacía ya que no se cuenta con la información.,Carlos Manuel,Aburto,Hernández,"A Participar en los Proyectos Nido de Lenguas, Paisaje Lingüístico y Promotores Lingüísticos para la Difusión y Conservación de las Lenguas Indígenas del Componente 4 ""Promoción de Acciones sobre Lenguas Indígenas, Derechos Lingüísticos, Formación de Intérpretes y Traductores”, Vertiente “Proyectos de Revitalización de las Lenguas Indígenas: Apoyo a Grupos Comunitarios Interesados en Implementar el Proyecto Nido de Lenguas”",Hombre,Hombre cisgénero,2025-08-01T00:00:00Z,1700,1700,Puebla,,
2025,2025-10-01T00:00:00Z,2025-12-31T00:00:00Z,Local,Programas de servicios,Programa para el Desarrollo Integral de los Pueblos Indígenas (E088),"A Participar en los Proyectos Nido de Lenguas, Paisaje Lingüístico y Promotores Lingüísticos para la Difusión y Conservación de las Lenguas Indígenas del Componente 4 ""Promoción de Acciones sobre Lenguas Indígenas, Derechos Lingüísticos, Formación de Intérpretes y Traductores”, Vertiente “Proyectos de Revitalización de las Lenguas Indígenas: Apoyo a Grupos Comunitarios Interesados en Implementar el Proyecto Nido de Lenguas”",https://transparencia.puebla.gob.mx/docs2024/adjuntos/43/1228_1768850261_01873105e3f2cb1f2f62596510cd6365.pdf,Dirección de la Academia de Lenguas Indígenas,Lucero Salas Pérez,,2025-12-31T00:00:00Z,El Instituto Poblano de los Pueblos Indígenas informa que respecto a la columna “Edad (en su caso)” se encuentra vacía ya que no se cuenta con la información.,Alexander,Osorio,Domínguez,"A Participar en los Proyectos Nido de Lenguas, Paisaje Lingüístico y Promotores Lingüísticos para la Difusión y Conservación de las Lenguas Indígenas del Componente 4 ""Promoción de Acciones sobre Lenguas Indígenas, Derechos Lingüísticos, Formación de Intérpretes y Traductores”, Vertiente “Proyectos de Revitalización de las Lenguas Indígenas: Apoyo a Grupos Comunitarios Interesados en Implementar el Proyecto Nido de Lenguas”",Hombre,Hombre cisgénero,2025-08-01T00:00:00Z,1700,1700,Puebla,,
2025,2025-10-01T00:00:00Z,2025-12-31T00:00:00Z,Local,Programas de servicios,Programa para el Desarrollo Integral de los Pueblos Indígenas (E088),"A Participar en los Proyectos Nido de Lenguas, Paisaje Lingüístico y Promotores Lingüísticos para la Difusión y Conservación de las Lenguas Indígenas del Componente 4 ""Promoción de Acciones sobre Lenguas Indígenas, Derechos Lingüísticos, Formación de Intérpretes y Traductores”, Vertiente “Proyectos de Revitalización de las Lenguas Indígenas: Apoyo a Grupos Comunitarios Interesados en Implementar el Proyecto Nido de Lenguas”",https://transparencia.puebla.gob.mx/docs2024/adjuntos/43/1228_1768850261_01873105e3f2cb1f2f62596510cd6365.pdf,Dirección de la Academia de Lenguas Indígenas,Lucero Salas Pérez,,2025-12-31T00:00:00Z,El Instituto Poblano de los Pueblos Indígenas informa que respecto a la columna “Edad (en su caso)” se encuentra vacía ya que no se cuenta con la información.,Zeymi Shanahi,Ramírez,Vázquez,"A Participar en los Proyectos Nido de Lenguas, Paisaje Lingüístico y Promotores Lingüísticos para la Difusión y Conservación de las Lenguas Indígenas del Componente 4 ""Promoción de Acciones sobre Lenguas Indígenas, Derechos Lingüísticos, Formación de Intérpretes y Traductores”, Vertiente “Proyectos de Revitalización de las Lenguas Indígenas: Apoyo a Grupos Comunitarios Interesados en Implementar el Proyecto Nido de Lenguas”",Mujer,Mujer cisgénero,2025-08-01T00:00:00Z,1700,1700,Puebla,,
2025,2025-10-01T00:00:00Z,2025-12-31T00:00:00Z,Local,Programas de servicios,Programa para el Desarrollo Integral de los Pueblos Indígenas (E088),"A Participar en los Proyectos Nido de Lenguas, Paisaje Lingüístico y Promotores Lingüísticos para la Difusión y Conservación de las Lenguas Indígenas del Componente 4 ""Promoción de Acciones sobre Lenguas Indígenas, Derechos Lingüísticos, Formación de Intérpretes y Traductores”, Vertiente “Proyectos de Revitalización de las Lenguas Indígenas: Apoyo a Grupos Comunitarios Interesados en Implementar el Proyecto Nido de Lenguas”",https://transparencia.puebla.gob.mx/docs2024/adjuntos/43/1228_1768850261_01873105e3f2cb1f2f62596510cd6365.pdf,Dirección de la Academia de Lenguas Indígenas,Lucero Salas Pérez,,2025-12-31T00:00:00Z,El Instituto Poblano de los Pueblos Indígenas informa que respecto a la columna “Edad (en su caso)” se encuentra vacía ya que no se cuenta con la información.,Yoselin,Varillas,Pérez,"A Participar en los Proyectos Nido de Lenguas, Paisaje Lingüístico y Promotores Lingüísticos para la Difusión y Conservación de las Lenguas Indígenas del Componente 4 ""Promoción de Acciones sobre Lenguas Indígenas, Derechos Lingüísticos, Formación de Intérpretes y Traductores”, Vertiente “Proyectos de Revitalización de las Lenguas Indígenas: Apoyo a Grupos Comunitarios Interesados en Implementar el Proyecto Nido de Lenguas”",Mujer,Mujer cisgénero,2025-08-01T00:00:00Z,1700,1700,Puebla,,
2025,2025-10-01T00:00:00Z,2025-12-31T00:00:00Z,Local,Programas de servicios,Programa para el Desarrollo Integral de los Pueblos Indígenas (E088),"A Participar en los Proyectos Nido de Lenguas, Paisaje Lingüístico y Promotores Lingüísticos para la Difusión y Conservación de las Lenguas Indígenas del Componente 4 ""Promoción de Acciones sobre Lenguas Indígenas, Derechos Lingüísticos, Formación de Intérpretes y Traductores”, Vertiente “Proyectos de Revitalización de las Lenguas Indígenas: Apoyo a Grupos Comunitarios Interesados en Implementar el Proyecto Nido de Lenguas”",https://transparencia.puebla.gob.mx/docs2024/adjuntos/43/1228_1768850261_01873105e3f2cb1f2f62596510cd6365.pdf,Dirección de la Academia de Lenguas Indígenas,Lucero Salas Pérez,,2025-12-31T00:00:00Z,El Instituto Poblano de los Pueblos Indígenas informa que respecto a la columna “Edad (en su caso)” se encuentra vacía ya que no se cuenta con la información.,Sara,López,Juárez,"A Participar en los Proyectos Nido de Lenguas, Paisaje Lingüístico y Promotores Lingüísticos para la Difusión y Conservación de las Lenguas Indígenas del Componente 4 ""Promoción de Acciones sobre Lenguas Indígenas, Derechos Lingüísticos, Formación de Intérpretes y Traductores”, Vertiente “Proyectos de Revitalización de las Lenguas Indígenas: Apoyo a Grupos Comunitarios Interesados en Implementar el Proyecto Nido de Lenguas”",Mujer,Mujer cisgénero,2025-08-01T00:00:00Z,1700,1700,Puebla,,
2025,2025-10-01T00:00:00Z,2025-12-31T00:00:00Z,Local,Programas de servicios,Programa para el Desarrollo Integral de los Pueblos Indígenas (E088),"A Participar en los Proyectos Nido de Lenguas, Paisaje Lingüístico y Promotores Lingüísticos para la Difusión y Conservación de las Lenguas Indígenas del Componente 4 ""Promoción de Acciones sobre Lenguas Indígenas, Derechos Lingüísticos, Formación de Intérpretes y Traductores”, Vertiente “Proyectos de Revitalización de las Lenguas Indígenas: Apoyo a Grupos Comunitarios Interesados en Implementar el Proyecto Nido de Lenguas”",https://transparencia.puebla.gob.mx/docs2024/adjuntos/43/1228_1768850261_01873105e3f2cb1f2f62596510cd6365.pdf,Dirección de la Academia de Lenguas Indígenas,Lucero Salas Pérez,,2025-12-31T00:00:00Z,El Instituto Poblano de los Pueblos Indígenas informa que respecto a la columna “Edad (en su caso)” se encuentra vacía ya que no se cuenta con la información.,Alexander,Varillas,Flores,"A Participar en los Proyectos Nido de Lenguas, Paisaje Lingüístico y Promotores Lingüísticos para la Difusión y Conservación de las Lenguas Indígenas del Componente 4 ""Promoción de Acciones sobre Lenguas Indígenas, Derechos Lingüísticos, Formación de Intérpretes y Traductores”, Vertiente “Proyectos de Revitalización de las Lenguas Indígenas: Apoyo a Grupos Comunitarios Interesados en Implementar el Proyecto Nido de Lenguas”",Hombre,Hombre cisgénero,2025-08-01T00:00:00Z,1700,1700,Puebla,,
2025,2025-10-01T00:00:00Z,2025-12-31T00:00:00Z,Local,Programas de servicios,Programa para el Desarrollo Integral de los Pueblos Indígenas (E088),"A Participar en los Proyectos Nido de Lenguas, Paisaje Lingüístico y Promotores Lingüísticos para la Difusión y Conservación de las Lenguas Indígenas del Componente 4 ""Promoción de Acciones sobre Lenguas Indígenas, Derechos Lingüísticos, Formación de Intérpretes y Traductores”, Vertiente “Proyectos de Revitalización de las Lenguas Indígenas: Apoyo a Grupos Comunitarios Interesados en Implementar el Proyecto Nido de Lenguas”",https://transparencia.puebla.gob.mx/docs2024/adjuntos/43/1228_1768850261_01873105e3f2cb1f2f62596510cd6365.pdf,Dirección de la Academia de Lenguas Indígenas,Lucero Salas Pérez,,2025-12-31T00:00:00Z,El Instituto Poblano de los Pueblos Indígenas informa que respecto a la columna “Edad (en su caso)” se encuentra vacía ya que no se cuenta con la información.,Alberto Gabriel,Reyes,Luna,"A Participar en los Proyectos Nido de Lenguas, Paisaje Lingüístico y Promotores Lingüísticos para la Difusión y Conservación de las Lenguas Indígenas del Componente 4 ""Promoción de Acciones sobre Lenguas Indígenas, Derechos Lingüísticos, Formación de Intérpretes y Traductores”, Vertiente “Proyectos de Revitalización de las Lenguas Indígenas: Apoyo a Grupos Comunitarios Interesados en Implementar el Proyecto Nido de Lenguas”",Hombre,Hombre cisgénero,2025-08-01T00:00:00Z,1700,1700,Puebla,,
2025,2025-10-01T00:00:00Z,2025-12-31T00:00:00Z,Local,Programas de servicios,Programa para el Desarrollo Integral de los Pueblos Indígenas (E088),"A Participar en los Proyectos Nido de Lenguas, Paisaje Lingüístico y Promotores Lingüísticos para la Difusión y Conservación de las Lenguas Indígenas del Componente 4 ""Promoción de Acciones sobre Lenguas Indígenas, Derechos Lingüísticos, Formación de Intérpretes y Traductores”, Vertiente “Proyectos de Revitalización de las Lenguas Indígenas: Apoyo a Grupos Comunitarios Interesados en Implementar el Proyecto Nido de Lenguas”",https://transparencia.puebla.gob.mx/docs2024/adjuntos/43/1228_1768850261_01873105e3f2cb1f2f62596510cd6365.pdf,Dirección de la Academia de Lenguas Indígenas,Lucero Salas Pérez,,2025-12-31T00:00:00Z,El Instituto Poblano de los Pueblos Indígenas informa que respecto a la columna “Edad (en su caso)” se encuentra vacía ya que no se cuenta con la información.,Andrea,Victoriano,Quixtiano,"A Participar en los Proyectos Nido de Lenguas, Paisaje Lingüístico y Promotores Lingüísticos para la Difusión y Conservación de las Lenguas Indígenas del Componente 4 ""Promoción de Acciones sobre Lenguas Indígenas, Derechos Lingüísticos, Formación de Intérpretes y Traductores”, Vertiente “Proyectos de Revitalización de las Lenguas Indígenas: Apoyo a Grupos Comunitarios Interesados en Implementar el Proyecto Nido de Lenguas”",Mujer,Mujer cisgénero,2025-08-01T00:00:00Z,1700,1700,Puebla,,
2025,2025-10-01T00:00:00Z,2025-12-31T00:00:00Z,Local,Programas de servicios,Programa para el Desarrollo Integral de los Pueblos Indígenas (E088),"A Participar en los Proyectos Nido de Lenguas, Paisaje Lingüístico y Promotores Lingüísticos para la Difusión y Conservación de las Lenguas Indígenas del Componente 4 ""Promoción de Acciones sobre Lenguas Indígenas, Derechos Lingüísticos, Formación de Intérpretes y Traductores”, Vertiente “Proyectos de Revitalización de las Lenguas Indígenas: Apoyo a Grupos Comunitarios Interesados en Implementar el Proyecto Nido de Lenguas”",https://transparencia.puebla.gob.mx/docs2024/adjuntos/43/1228_1768850261_01873105e3f2cb1f2f62596510cd6365.pdf,Dirección de la Academia de Lenguas Indígenas,Lucero Salas Pérez,,2025-12-31T00:00:00Z,El Instituto Poblano de los Pueblos Indígenas informa que respecto a la columna “Edad (en su caso)” se encuentra vacía ya que no se cuenta con la información.,Citlali Sarahí,Hernández,Rubio,"A Participar en los Proyectos Nido de Lenguas, Paisaje Lingüístico y Promotores Lingüísticos para la Difusión y Conservación de las Lenguas Indígenas del Componente 4 ""Promoción de Acciones sobre Lenguas Indígenas, Derechos Lingüísticos, Formación de Intérpretes y Traductores”, Vertiente “Proyectos de Revitalización de las Lenguas Indígenas: Apoyo a Grupos Comunitarios Interesados en Implementar el Proyecto Nido de Lenguas”",Mujer,Mujer cisgénero,2025-08-01T00:00:00Z,1700,1700,Puebla,,
2025,2025-10-01T00:00:00Z,2025-12-31T00:00:00Z,Local,Programas de servicios,Programa para el Desarrollo Integral de los Pueblos Indígenas (E088),"A Participar en los Proyectos Nido de Lenguas, Paisaje Lingüístico y Promotores Lingüísticos para la Difusión y Conservación de las Lenguas Indígenas del Componente 4 ""Promoción de Acciones sobre Lenguas Indígenas, Derechos Lingüísticos, Formación de Intérpretes y Traductores”, Vertiente “Proyectos de Revitalización de las Lenguas Indígenas: Apoyo a Grupos Comunitarios Interesados en Implementar el Proyecto Nido de Lenguas”",https://transparencia.puebla.gob.mx/docs2024/adjuntos/43/1228_1768850261_01873105e3f2cb1f2f62596510cd6365.pdf,Dirección de la Academia de Lenguas Indígenas,Lucero Salas Pérez,,2025-12-31T00:00:00Z,El Instituto Poblano de los Pueblos Indígenas informa que respecto a la columna “Edad (en su caso)” se encuentra vacía ya que no se cuenta con la información.,Amiel Zaide,Pioquinto,García,"A Participar en los Proyectos Nido de Lenguas, Paisaje Lingüístico y Promotores Lingüísticos para la Difusión y Conservación de las Lenguas Indígenas del Componente 4 ""Promoción de Acciones sobre Lenguas Indígenas, Derechos Lingüísticos, Formación de Intérpretes y Traductores”, Vertiente “Proyectos de Revitalización de las Lenguas Indígenas: Apoyo a Grupos Comunitarios Interesados en Implementar el Proyecto Nido de Lenguas”",Mujer,Mujer cisgénero,2025-08-01T00:00:00Z,1700,1700,Puebla,,
2025,2025-10-01T00:00:00Z,2025-12-31T00:00:00Z,Local,Programas de servicios,Programa para el Desarrollo Integral de los Pueblos Indígenas (E088),"A Participar en los Proyectos Nido de Lenguas, Paisaje Lingüístico y Promotores Lingüísticos para la Difusión y Conservación de las Lenguas Indígenas del Componente 4 ""Promoción de Acciones sobre Lenguas Indígenas, Derechos Lingüísticos, Formación de Intérpretes y Traductores”, Vertiente “Proyectos de Revitalización de las Lenguas Indígenas: Apoyo a Grupos Comunitarios Interesados en Implementar el Proyecto Nido de Lenguas”",https://transparencia.puebla.gob.mx/docs2024/adjuntos/43/1228_1768850261_01873105e3f2cb1f2f62596510cd6365.pdf,Dirección de la Academia de Lenguas Indígenas,Lucero Salas Pérez,,2025-12-31T00:00:00Z,El Instituto Poblano de los Pueblos Indígenas informa que respecto a la columna “Edad (en su caso)” se encuentra vacía ya que no se cuenta con la información.,Melchor,Castañeda,Vázquez,"A Participar en los Proyectos Nido de Lenguas, Paisaje Lingüístico y Promotores Lingüísticos para la Difusión y Conservación de las Lenguas Indígenas del Componente 4 ""Promoción de Acciones sobre Lenguas Indígenas, Derechos Lingüísticos, Formación de Intérpretes y Traductores”, Vertiente “Proyectos de Revitalización de las Lenguas Indígenas: Apoyo a Grupos Comunitarios Interesados en Implementar el Proyecto Nido de Lenguas”",Hombre,Hombre cisgénero,2025-08-01T00:00:00Z,1700,1700,Puebla,,
2025,2025-10-01T00:00:00Z,2025-12-31T00:00:00Z,Local,Programas de servicios,Programa para el Desarrollo Integral de los Pueblos Indígenas (E088),"A Participar en los Proyectos Nido de Lenguas, Paisaje Lingüístico y Promotores Lingüísticos para la Difusión y Conservación de las Lenguas Indígenas del Componente 4 ""Promoción de Acciones sobre Lenguas Indígenas, Derechos Lingüísticos, Formación de Intérpretes y Traductores”, Vertiente “Proyectos de Revitalización de las Lenguas Indígenas: Apoyo a Grupos Comunitarios Interesados en Implementar el Proyecto Nido de Lenguas”",https://transparencia.puebla.gob.mx/docs2024/adjuntos/43/1228_1768850261_01873105e3f2cb1f2f62596510cd6365.pdf,Dirección de la Academia de Lenguas Indígenas,Lucero Salas Pérez,,2025-12-31T00:00:00Z,El Instituto Poblano de los Pueblos Indígenas informa que respecto a la columna “Edad (en su caso)” se encuentra vacía ya que no se cuenta con la información.,Martín,Morales,González,"A Participar en los Proyectos Nido de Lenguas, Paisaje Lingüístico y Promotores Lingüísticos para la Difusión y Conservación de las Lenguas Indígenas del Componente 4 ""Promoción de Acciones sobre Lenguas Indígenas, Derechos Lingüísticos, Formación de Intérpretes y Traductores”, Vertiente “Proyectos de Revitalización de las Lenguas Indígenas: Apoyo a Grupos Comunitarios Interesados en Implementar el Proyecto Nido de Lenguas”",Hombre,Hombre cisgénero,2025-08-01T00:00:00Z,10000,10000,Puebla,,
2025,2025-10-01T00:00:00Z,2025-12-31T00:00:00Z,Local,Programas de servicios,Programa para el Desarrollo Integral de los Pueblos Indígenas (E088),"A Participar en los Proyectos Nido de Lenguas, Paisaje Lingüístico y Promotores Lingüísticos para la Difusión y Conservación de las Lenguas Indígenas del Componente 4 ""Promoción de Acciones sobre Lenguas Indígenas, Derechos Lingüísticos, Formación de Intérpretes y Traductores”, Vertiente “Proyectos de Revitalización de las Lenguas Indígenas: Apoyo a Grupos Comunitarios Interesados en Implementar el Proyecto Nido de Lenguas”",https://transparencia.puebla.gob.mx/docs2024/adjuntos/43/1228_1768850261_01873105e3f2cb1f2f62596510cd6365.pdf,Dirección de la Academia de Lenguas Indígenas,Lucero Salas Pérez,,2025-12-31T00:00:00Z,El Instituto Poblano de los Pueblos Indígenas informa que respecto a la columna “Edad (en su caso)” se encuentra vacía ya que no se cuenta con la información.,Ana Monserrat,Flores,Morales,"A Participar en los Proyectos Nido de Lenguas, Paisaje Lingüístico y Promotores Lingüísticos para la Difusión y Conservación de las Lenguas Indígenas del Componente 4 ""Promoción de Acciones sobre Lenguas Indígenas, Derechos Lingüísticos, Formación de Intérpretes y Traductores”, Vertiente “Proyectos de Revitalización de las Lenguas Indígenas: Apoyo a Grupos Comunitarios Interesados en Implementar el Proyecto Nido de Lenguas”",Mujer,Mujer cisgénero,2025-08-01T00:00:00Z,10000,10000,Puebla,,
2025,2025-10-01T00:00:00Z,2025-12-31T00:00:00Z,Local,Programas de servicios,Programa para el Desarrollo Integral de los Pueblos Indígenas (E088),"A Participar en los Proyectos Nido de Lenguas, Paisaje Lingüístico y Promotores Lingüísticos para la Difusión y Conservación de las Lenguas Indígenas del Componente 4 ""Promoción de Acciones sobre Lenguas Indígenas, Derechos Lingüísticos, Formación de Intérpretes y Traductores”, Vertiente “Proyectos de Revitalización de las Lenguas Indígenas: Apoyo a Grupos Comunitarios Interesados en Implementar el Proyecto Nido de Lenguas”",https://transparencia.puebla.gob.mx/docs2024/adjuntos/43/1228_1768850261_01873105e3f2cb1f2f62596510cd6365.pdf,Dirección de la Academia de Lenguas Indígenas,Lucero Salas Pérez,,2025-12-31T00:00:00Z,El Instituto Poblano de los Pueblos Indígenas informa que respecto a la columna “Edad (en su caso)” se encuentra vacía ya que no se cuenta con la información.,Daniel,López,Martínez,"A Participar en los Proyectos Nido de Lenguas, Paisaje Lingüístico y Promotores Lingüísticos para la Difusión y Conservación de las Lenguas Indígenas del Componente 4 ""Promoción de Acciones sobre Lenguas Indígenas, Derechos Lingüísticos, Formación de Intérpretes y Traductores”, Vertiente “Proyectos de Revitalización de las Lenguas Indígenas: Apoyo a Grupos Comunitarios Interesados en Implementar el Proyecto Nido de Lenguas”",Hombre,Hombre cisgénero,2025-08-01T00:00:00Z,1700,1700,Puebla,,
2025,2025-10-01T00:00:00Z,2025-12-31T00:00:00Z,Local,Programas de servicios,Programa para el Desarrollo Integral de los Pueblos Indígenas (E088),"A Participar en los Proyectos Nido de Lenguas, Paisaje Lingüístico y Promotores Lingüísticos para la Difusión y Conservación de las Lenguas Indígenas del Componente 4 ""Promoción de Acciones sobre Lenguas Indígenas, Derechos Lingüísticos, Formación de Intérpretes y Traductores”, Vertiente “Proyectos de Revitalización de las Lenguas Indígenas: Apoyo a Grupos Comunitarios Interesados en Implementar el Proyecto Nido de Lenguas”",https://transparencia.puebla.gob.mx/docs2024/adjuntos/43/1228_1768850261_01873105e3f2cb1f2f62596510cd6365.pdf,Dirección de la Academia de Lenguas Indígenas,Lucero Salas Pérez,,2025-12-31T00:00:00Z,El Instituto Poblano de los Pueblos Indígenas informa que respecto a la columna “Edad (en su caso)” se encuentra vacía ya que no se cuenta con la información.,Erik Benjamín,Aguilar,Morales,"A Participar en los Proyectos Nido de Lenguas, Paisaje Lingüístico y Promotores Lingüísticos para la Difusión y Conservación de las Lenguas Indígenas del Componente 4 ""Promoción de Acciones sobre Lenguas Indígenas, Derechos Lingüísticos, Formación de Intérpretes y Traductores”, Vertiente “Proyectos de Revitalización de las Lenguas Indígenas: Apoyo a Grupos Comunitarios Interesados en Implementar el Proyecto Nido de Lenguas”",Hombre,Hombre cisgénero,2025-08-01T00:00:00Z,1700,1700,Puebla,,
2025,2025-10-01T00:00:00Z,2025-12-31T00:00:00Z,Local,Programas de servicios,Programa para el Desarrollo Integral de los Pueblos Indígenas (E088),"A Participar en los Proyectos Nido de Lenguas, Paisaje Lingüístico y Promotores Lingüísticos para la Difusión y Conservación de las Lenguas Indígenas del Componente 4 ""Promoción de Acciones sobre Lenguas Indígenas, Derechos Lingüísticos, Formación de Intérpretes y Traductores”, Vertiente “Proyectos de Revitalización de las Lenguas Indígenas: Apoyo a Grupos Comunitarios Interesados en Implementar el Proyecto Nido de Lenguas”",https://transparencia.puebla.gob.mx/docs2024/adjuntos/43/1228_1768850261_01873105e3f2cb1f2f62596510cd6365.pdf,Dirección de la Academia de Lenguas Indígenas,Lucero Salas Pérez,,2025-12-31T00:00:00Z,El Instituto Poblano de los Pueblos Indígenas informa que respecto a la columna “Edad (en su caso)” se encuentra vacía ya que no se cuenta con la información.,Karla Guadalupe,Santiago,Aguilar,"A Participar en los Proyectos Nido de Lenguas, Paisaje Lingüístico y Promotores Lingüísticos para la Difusión y Conservación de las Lenguas Indígenas del Componente 4 ""Promoción de Acciones sobre Lenguas Indígenas, Derechos Lingüísticos, Formación de Intérpretes y Traductores”, Vertiente “Proyectos de Revitalización de las Lenguas Indígenas: Apoyo a Grupos Comunitarios Interesados en Implementar el Proyecto Nido de Lenguas”",Mujer,Mujer cisgénero,2025-08-01T00:00:00Z,1700,1700,Puebla,,
2025,2025-10-01T00:00:00Z,2025-12-31T00:00:00Z,Local,Programas de servicios,Programa para el Desarrollo Integral de los Pueblos Indígenas (E088),"A Participar en los Proyectos Nido de Lenguas, Paisaje Lingüístico y Promotores Lingüísticos para la Difusión y Conservación de las Lenguas Indígenas del Componente 4 ""Promoción de Acciones sobre Lenguas Indígenas, Derechos Lingüísticos, Formación de Intérpretes y Traductores”, Vertiente “Proyectos de Revitalización de las Lenguas Indígenas: Apoyo a Grupos Comunitarios Interesados en Implementar el Proyecto Nido de Lenguas”",https://transparencia.puebla.gob.mx/docs2024/adjuntos/43/1228_1768850261_01873105e3f2cb1f2f62596510cd6365.pdf,Dirección de la Academia de Lenguas Indígenas,Lucero Salas Pérez,,2025-12-31T00:00:00Z,El Instituto Poblano de los Pueblos Indígenas informa que respecto a la columna “Edad (en su caso)” se encuentra vacía ya que no se cuenta con la información.,Eustacio,Aguirre,Bonilla,"A Participar en los Proyectos Nido de Lenguas, Paisaje Lingüístico y Promotores Lingüísticos para la Difusión y Conservación de las Lenguas Indígenas del Componente 4 ""Promoción de Acciones sobre Lenguas Indígenas, Derechos Lingüísticos, Formación de Intérpretes y Traductores”, Vertiente “Proyectos de Revitalización de las Lenguas Indígenas: Apoyo a Grupos Comunitarios Interesados en Implementar el Proyecto Nido de Lenguas”",Hombre,Hombre cisgénero,2025-08-01T00:00:00Z,10000,10000,Puebla,,
2025,2025-10-01T00:00:00Z,2025-12-31T00:00:00Z,Local,Programas de servicios,Programa para el Desarrollo Integral de los Pueblos Indígenas (E088),"A Participar en los Proyectos Nido de Lenguas, Paisaje Lingüístico y Promotores Lingüísticos para la Difusión y Conservación de las Lenguas Indígenas del Componente 4 ""Promoción de Acciones sobre Lenguas Indígenas, Derechos Lingüísticos, Formación de Intérpretes y Traductores”, Vertiente “Proyectos de Revitalización de las Lenguas Indígenas: Apoyo a Grupos Comunitarios Interesados en Implementar el Proyecto Nido de Lenguas”",https://transparencia.puebla.gob.mx/docs2024/adjuntos/43/1228_1768850261_01873105e3f2cb1f2f62596510cd6365.pdf,Dirección de la Academia de Lenguas Indígenas,Lucero Salas Pérez,,2025-12-31T00:00:00Z,El Instituto Poblano de los Pueblos Indígenas informa que respecto a la columna “Edad (en su caso)” se encuentra vacía ya que no se cuenta con la información.,Marco Antonio,Pérez,Alcantara,"A Participar en los Proyectos Nido de Lenguas, Paisaje Lingüístico y Promotores Lingüísticos para la Difusión y Conservación de las Lenguas Indígenas del Componente 4 ""Promoción de Acciones sobre Lenguas Indígenas, Derechos Lingüísticos, Formación de Intérpretes y Traductores”, Vertiente “Proyectos de Revitalización de las Lenguas Indígenas: Apoyo a Grupos Comunitarios Interesados en Implementar el Proyecto Nido de Lenguas”",Hombre,Hombre cisgénero,2025-08-01T00:00:00Z,10000,10000,Puebla,,
2025,2025-10-01T00:00:00Z,2025-12-31T00:00:00Z,Local,Programas de servicios,Programa para el Desarrollo Integral de los Pueblos Indígenas (E088),"A Participar en los Proyectos Nido de Lenguas, Paisaje Lingüístico y Promotores Lingüísticos para la Difusión y Conservación de las Lenguas Indígenas del Componente 4 ""Promoción de Acciones sobre Lenguas Indígenas, Derechos Lingüísticos, Formación de Intérpretes y Traductores”, Vertiente “Proyectos de Revitalización de las Lenguas Indígenas: Apoyo a Grupos Comunitarios Interesados en Implementar el Proyecto Nido de Lenguas”",https://transparencia.puebla.gob.mx/docs2024/adjuntos/43/1228_1768850261_01873105e3f2cb1f2f62596510cd6365.pdf,Dirección de la Academia de Lenguas Indígenas,Lucero Salas Pérez,,2025-12-31T00:00:00Z,El Instituto Poblano de los Pueblos Indígenas informa que respecto a la columna “Edad (en su caso)” se encuentra vacía ya que no se cuenta con la información.,Alan,Aguilar,Flores,"A Participar en los Proyectos Nido de Lenguas, Paisaje Lingüístico y Promotores Lingüísticos para la Difusión y Conservación de las Lenguas Indígenas del Componente 4 ""Promoción de Acciones sobre Lenguas Indígenas, Derechos Lingüísticos, Formación de Intérpretes y Traductores”, Vertiente “Proyectos de Revitalización de las Lenguas Indígenas: Apoyo a Grupos Comunitarios Interesados en Implementar el Proyecto Nido de Lenguas”",Hombre,Hombre cisgénero,2025-08-01T00:00:00Z,1700,1700,Puebla,,
2025,2025-10-01T00:00:00Z,2025-12-31T00:00:00Z,Local,Programas de servicios,Programa para el Desarrollo Integral de los Pueblos Indígenas (E088),"A Participar en los Proyectos Nido de Lenguas, Paisaje Lingüístico y Promotores Lingüísticos para la Difusión y Conservación de las Lenguas Indígenas del Componente 4 ""Promoción de Acciones sobre Lenguas Indígenas, Derechos Lingüísticos, Formación de Intérpretes y Traductores”, Vertiente “Proyectos de Revitalización de las Lenguas Indígenas: Apoyo a Grupos Comunitarios Interesados en Implementar el Proyecto Nido de Lenguas”",https://transparencia.puebla.gob.mx/docs2024/adjuntos/43/1228_1768850261_01873105e3f2cb1f2f62596510cd6365.pdf,Dirección de la Academia de Lenguas Indígenas,Lucero Salas Pérez,,2025-12-31T00:00:00Z,El Instituto Poblano de los Pueblos Indígenas informa que respecto a la columna “Edad (en su caso)” se encuentra vacía ya que no se cuenta con la información.,Marisol,Esteban,Aguirre,"A Participar en los Proyectos Nido de Lenguas, Paisaje Lingüístico y Promotores Lingüísticos para la Difusión y Conservación de las Lenguas Indígenas del Componente 4 ""Promoción de Acciones sobre Lenguas Indígenas, Derechos Lingüísticos, Formación de Intérpretes y Traductores”, Vertiente “Proyectos de Revitalización de las Lenguas Indígenas: Apoyo a Grupos Comunitarios Interesados en Implementar el Proyecto Nido de Lenguas”",Mujer,Mujer cisgénero,2025-08-01T00:00:00Z,1700,1700,Puebla,,
2025,2025-10-01T00:00:00Z,2025-12-31T00:00:00Z,Local,Programas de servicios,Programa para el Desarrollo Integral de los Pueblos Indígenas (E088),"A Participar en los Proyectos Nido de Lenguas, Paisaje Lingüístico y Promotores Lingüísticos para la Difusión y Conservación de las Lenguas Indígenas del Componente 4 ""Promoción de Acciones sobre Lenguas Indígenas, Derechos Lingüísticos, Formación de Intérpretes y Traductores”, Vertiente “Proyectos de Revitalización de las Lenguas Indígenas: Apoyo a Grupos Comunitarios Interesados en Implementar el Proyecto Nido de Lenguas”",https://transparencia.puebla.gob.mx/docs2024/adjuntos/43/1228_1768850261_01873105e3f2cb1f2f62596510cd6365.pdf,Dirección de la Academia de Lenguas Indígenas,Lucero Salas Pérez,,2025-12-31T00:00:00Z,El Instituto Poblano de los Pueblos Indígenas informa que respecto a la columna “Edad (en su caso)” se encuentra vacía ya que no se cuenta con la información.,Jesús Enrique,Méndez,Carreón,"A Participar en los Proyectos Nido de Lenguas, Paisaje Lingüístico y Promotores Lingüísticos para la Difusión y Conservación de las Lenguas Indígenas del Componente 4 ""Promoción de Acciones sobre Lenguas Indígenas, Derechos Lingüísticos, Formación de Intérpretes y Traductores”, Vertiente “Proyectos de Revitalización de las Lenguas Indígenas: Apoyo a Grupos Comunitarios Interesados en Implementar el Proyecto Nido de Lenguas”",Hombre,Hombre cisgénero,2025-08-01T00:00:00Z,1700,1700,Puebla,,
2025,2025-10-01T00:00:00Z,2025-12-31T00:00:00Z,Local,Programas de servicios,Programa para el Desarrollo Integral de los Pueblos Indígenas (E088),"A Participar en los Proyectos Nido de Lenguas, Paisaje Lingüístico y Promotores Lingüísticos para la Difusión y Conservación de las Lenguas Indígenas del Componente 4 ""Promoción de Acciones sobre Lenguas Indígenas, Derechos Lingüísticos, Formación de Intérpretes y Traductores”, Vertiente “Proyectos de Revitalización de las Lenguas Indígenas: Apoyo a Grupos Comunitarios Interesados en Implementar el Proyecto Nido de Lenguas”",https://transparencia.puebla.gob.mx/docs2024/adjuntos/43/1228_1768850261_01873105e3f2cb1f2f62596510cd6365.pdf,Dirección de la Academia de Lenguas Indígenas,Lucero Salas Pérez,,2025-12-31T00:00:00Z,El Instituto Poblano de los Pueblos Indígenas informa que respecto a la columna “Edad (en su caso)” se encuentra vacía ya que no se cuenta con la información.,Midori Coral,García,Jiménez,"A Participar en los Proyectos Nido de Lenguas, Paisaje Lingüístico y Promotores Lingüísticos para la Difusión y Conservación de las Lenguas Indígenas del Componente 4 ""Promoción de Acciones sobre Lenguas Indígenas, Derechos Lingüísticos, Formación de Intérpretes y Traductores”, Vertiente “Proyectos de Revitalización de las Lenguas Indígenas: Apoyo a Grupos Comunitarios Interesados en Implementar el Proyecto Nido de Lenguas”",Mujer,Mujer cisgénero,2025-08-01T00:00:00Z,1700,1700,Puebla,,
2025,2025-10-01T00:00:00Z,2025-12-31T00:00:00Z,Local,Programas de servicios,Programa para el Desarrollo Integral de los Pueblos Indígenas (E088),"A Participar en los Proyectos Nido de Lenguas, Paisaje Lingüístico y Promotores Lingüísticos para la Difusión y Conservación de las Lenguas Indígenas del Componente 4 ""Promoción de Acciones sobre Lenguas Indígenas, Derechos Lingüísticos, Formación de Intérpretes y Traductores”, Vertiente “Proyectos de Revitalización de las Lenguas Indígenas: Apoyo a Grupos Comunitarios Interesados en Implementar el Proyecto Nido de Lenguas”",https://transparencia.puebla.gob.mx/docs2024/adjuntos/43/1228_1768850261_01873105e3f2cb1f2f62596510cd6365.pdf,Dirección de la Academia de Lenguas Indígenas,Lucero Salas Pérez,,2025-12-31T00:00:00Z,El Instituto Poblano de los Pueblos Indígenas informa que respecto a la columna “Edad (en su caso)” se encuentra vacía ya que no se cuenta con la información.,Zhooe Berenice,Luna,Méndez,"A Participar en los Proyectos Nido de Lenguas, Paisaje Lingüístico y Promotores Lingüísticos para la Difusión y Conservación de las Lenguas Indígenas del Componente 4 ""Promoción de Acciones sobre Lenguas Indígenas, Derechos Lingüísticos, Formación de Intérpretes y Traductores”, Vertiente “Proyectos de Revitalización de las Lenguas Indígenas: Apoyo a Grupos Comunitarios Interesados en Implementar el Proyecto Nido de Lenguas”",Mujer,Mujer cisgénero,2025-08-01T00:00:00Z,1700,1700,Puebla,,
2025,2025-10-01T00:00:00Z,2025-12-31T00:00:00Z,Local,Programas de servicios,Programa para el Desarrollo Integral de los Pueblos Indígenas (E088),"A Participar en los Proyectos Nido de Lenguas, Paisaje Lingüístico y Promotores Lingüísticos para la Difusión y Conservación de las Lenguas Indígenas del Componente 4 ""Promoción de Acciones sobre Lenguas Indígenas, Derechos Lingüísticos, Formación de Intérpretes y Traductores”, Vertiente “Proyectos de Revitalización de las Lenguas Indígenas: Apoyo a Grupos Comunitarios Interesados en Implementar el Proyecto Nido de Lenguas”",https://transparencia.puebla.gob.mx/docs2024/adjuntos/43/1228_1768850261_01873105e3f2cb1f2f62596510cd6365.pdf,Dirección de la Academia de Lenguas Indígenas,Lucero Salas Pérez,,2025-12-31T00:00:00Z,El Instituto Poblano de los Pueblos Indígenas informa que respecto a la columna “Edad (en su caso)” se encuentra vacía ya que no se cuenta con la información.,Luz Esperanza,Bautista,Méndez,"A Participar en los Proyectos Nido de Lenguas, Paisaje Lingüístico y Promotores Lingüísticos para la Difusión y Conservación de las Lenguas Indígenas del Componente 4 ""Promoción de Acciones sobre Lenguas Indígenas, Derechos Lingüísticos, Formación de Intérpretes y Traductores”, Vertiente “Proyectos de Revitalización de las Lenguas Indígenas: Apoyo a Grupos Comunitarios Interesados en Implementar el Proyecto Nido de Lenguas”",Mujer,Mujer cisgénero,2025-08-01T00:00:00Z,1700,1700,Puebla,,
2025,2025-10-01T00:00:00Z,2025-12-31T00:00:00Z,Local,Programas de servicios,Programa para el Desarrollo Integral de los Pueblos Indígenas (E088),"A Participar en los Proyectos Nido de Lenguas, Paisaje Lingüístico y Promotores Lingüísticos para la Difusión y Conservación de las Lenguas Indígenas del Componente 4 ""Promoción de Acciones sobre Lenguas Indígenas, Derechos Lingüísticos, Formación de Intérpretes y Traductores”, Vertiente “Proyectos de Revitalización de las Lenguas Indígenas: Apoyo a Grupos Comunitarios Interesados en Implementar el Proyecto Nido de Lenguas”",https://transparencia.puebla.gob.mx/docs2024/adjuntos/43/1228_1768850261_01873105e3f2cb1f2f62596510cd6365.pdf,Dirección de la Academia de Lenguas Indígenas,Lucero Salas Pérez,,2025-12-31T00:00:00Z,El Instituto Poblano de los Pueblos Indígenas informa que respecto a la columna “Edad (en su caso)” se encuentra vacía ya que no se cuenta con la información.,Erick Naim,Bautista,Méndez,"A Participar en los Proyectos Nido de Lenguas, Paisaje Lingüístico y Promotores Lingüísticos para la Difusión y Conservación de las Lenguas Indígenas del Componente 4 ""Promoción de Acciones sobre Lenguas Indígenas, Derechos Lingüísticos, Formación de Intérpretes y Traductores”, Vertiente “Proyectos de Revitalización de las Lenguas Indígenas: Apoyo a Grupos Comunitarios Interesados en Implementar el Proyecto Nido de Lenguas”",Hombre,Hombre cisgénero,2025-08-01T00:00:00Z,1700,1700,Puebla,,
2025,2025-10-01T00:00:00Z,2025-12-31T00:00:00Z,Local,Programas de servicios,Programa para el Desarrollo Integral de los Pueblos Indígenas (E088),"A Participar en los Proyectos Nido de Lenguas, Paisaje Lingüístico y Promotores Lingüísticos para la Difusión y Conservación de las Lenguas Indígenas del Componente 4 ""Promoción de Acciones sobre Lenguas Indígenas, Derechos Lingüísticos, Formación de Intérpretes y Traductores”, Vertiente “Proyectos de Revitalización de las Lenguas Indígenas: Apoyo a Grupos Comunitarios Interesados en Implementar el Proyecto Nido de Lenguas”",https://transparencia.puebla.gob.mx/docs2024/adjuntos/43/1228_1768850261_01873105e3f2cb1f2f62596510cd6365.pdf,Dirección de la Academia de Lenguas Indígenas,Lucero Salas Pérez,,2025-12-31T00:00:00Z,El Instituto Poblano de los Pueblos Indígenas informa que respecto a la columna “Edad (en su caso)” se encuentra vacía ya que no se cuenta con la información.,Meghan Aileth,Méndez,Cano,"A Participar en los Proyectos Nido de Lenguas, Paisaje Lingüístico y Promotores Lingüísticos para la Difusión y Conservación de las Lenguas Indígenas del Componente 4 ""Promoción de Acciones sobre Lenguas Indígenas, Derechos Lingüísticos, Formación de Intérpretes y Traductores”, Vertiente “Proyectos de Revitalización de las Lenguas Indígenas: Apoyo a Grupos Comunitarios Interesados en Implementar el Proyecto Nido de Lenguas”",Mujer,Mujer cisgénero,2025-08-01T00:00:00Z,1700,1700,Puebla,,
2025,2025-10-01T00:00:00Z,2025-12-31T00:00:00Z,Local,Programas de servicios,Programa para el Desarrollo Integral de los Pueblos Indígenas (E088),"A Participar en los Proyectos Nido de Lenguas, Paisaje Lingüístico y Promotores Lingüísticos para la Difusión y Conservación de las Lenguas Indígenas del Componente 4 ""Promoción de Acciones sobre Lenguas Indígenas, Derechos Lingüísticos, Formación de Intérpretes y Traductores”, Vertiente “Proyectos de Revitalización de las Lenguas Indígenas: Apoyo a Grupos Comunitarios Interesados en Implementar el Proyecto Nido de Lenguas”",https://transparencia.puebla.gob.mx/docs2024/adjuntos/43/1228_1768850261_01873105e3f2cb1f2f62596510cd6365.pdf,Dirección de la Academia de Lenguas Indígenas,Lucero Salas Pérez,,2025-12-31T00:00:00Z,El Instituto Poblano de los Pueblos Indígenas informa que respecto a la columna “Edad (en su caso)” se encuentra vacía ya que no se cuenta con la información.,Nezahualcoyotl,Rodríguez,Ponce,"A Participar en los Proyectos Nido de Lenguas, Paisaje Lingüístico y Promotores Lingüísticos para la Difusión y Conservación de las Lenguas Indígenas del Componente 4 ""Promoción de Acciones sobre Lenguas Indígenas, Derechos Lingüísticos, Formación de Intérpretes y Traductores”, Vertiente “Proyectos de Revitalización de las Lenguas Indígenas: Apoyo a Grupos Comunitarios Interesados en Implementar el Proyecto Nido de Lenguas”",Hombre,Hombre cisgénero,2025-08-01T00:00:00Z,1700,1700,Puebla,,
2025,2025-10-01T00:00:00Z,2025-12-31T00:00:00Z,Local,Programas de servicios,Programa para el Desarrollo Integral de los Pueblos Indígenas (E088),"A Participar en los Proyectos Nido de Lenguas, Paisaje Lingüístico y Promotores Lingüísticos para la Difusión y Conservación de las Lenguas Indígenas del Componente 4 ""Promoción de Acciones sobre Lenguas Indígenas, Derechos Lingüísticos, Formación de Intérpretes y Traductores”, Vertiente “Proyectos de Revitalización de las Lenguas Indígenas: Apoyo a Grupos Comunitarios Interesados en Implementar el Proyecto Nido de Lenguas”",https://transparencia.puebla.gob.mx/docs2024/adjuntos/43/1228_1768850261_01873105e3f2cb1f2f62596510cd6365.pdf,Dirección de la Academia de Lenguas Indígenas,Lucero Salas Pérez,,2025-12-31T00:00:00Z,El Instituto Poblano de los Pueblos Indígenas informa que respecto a la columna “Edad (en su caso)” se encuentra vacía ya que no se cuenta con la información.,Yaretzi,Vázquez,Núñez,"A Participar en los Proyectos Nido de Lenguas, Paisaje Lingüístico y Promotores Lingüísticos para la Difusión y Conservación de las Lenguas Indígenas del Componente 4 ""Promoción de Acciones sobre Lenguas Indígenas, Derechos Lingüísticos, Formación de Intérpretes y Traductores”, Vertiente “Proyectos de Revitalización de las Lenguas Indígenas: Apoyo a Grupos Comunitarios Interesados en Implementar el Proyecto Nido de Lenguas”",Mujer,Mujer cisgénero,2025-08-01T00:00:00Z,1700,1700,Puebla,,
2025,2025-10-01T00:00:00Z,2025-12-31T00:00:00Z,Local,Programas de servicios,Programa para el Desarrollo Integral de los Pueblos Indígenas (E088),"A Participar en los Proyectos Nido de Lenguas, Paisaje Lingüístico y Promotores Lingüísticos para la Difusión y Conservación de las Lenguas Indígenas del Componente 4 ""Promoción de Acciones sobre Lenguas Indígenas, Derechos Lingüísticos, Formación de Intérpretes y Traductores”, Vertiente “Proyectos de Revitalización de las Lenguas Indígenas: Apoyo a Grupos Comunitarios Interesados en Implementar el Proyecto Nido de Lenguas”",https://transparencia.puebla.gob.mx/docs2024/adjuntos/43/1228_1768850261_01873105e3f2cb1f2f62596510cd6365.pdf,Dirección de la Academia de Lenguas Indígenas,Lucero Salas Pérez,,2025-12-31T00:00:00Z,El Instituto Poblano de los Pueblos Indígenas informa que respecto a la columna “Edad (en su caso)” se encuentra vacía ya que no se cuenta con la información.,Miguel Ángel,Feliciano,García,"A Participar en los Proyectos Nido de Lenguas, Paisaje Lingüístico y Promotores Lingüísticos para la Difusión y Conservación de las Lenguas Indígenas del Componente 4 ""Promoción de Acciones sobre Lenguas Indígenas, Derechos Lingüísticos, Formación de Intérpretes y Traductores”, Vertiente “Proyectos de Revitalización de las Lenguas Indígenas: Apoyo a Grupos Comunitarios Interesados en Implementar el Proyecto Nido de Lenguas”",Hombre,Hombre cisgénero,2025-08-01T00:00:00Z,1700,1700,Puebla,,
2025,2025-10-01T00:00:00Z,2025-12-31T00:00:00Z,Local,Programas de servicios,Programa para el Desarrollo Integral de los Pueblos Indígenas (E088),"A Participar en los Proyectos Nido de Lenguas, Paisaje Lingüístico y Promotores Lingüísticos para la Difusión y Conservación de las Lenguas Indígenas del Componente 4 ""Promoción de Acciones sobre Lenguas Indígenas, Derechos Lingüísticos, Formación de Intérpretes y Traductores”, Vertiente “Proyectos de Revitalización de las Lenguas Indígenas: Apoyo a Grupos Comunitarios Interesados en Implementar el Proyecto Nido de Lenguas”",https://transparencia.puebla.gob.mx/docs2024/adjuntos/43/1228_1768850261_01873105e3f2cb1f2f62596510cd6365.pdf,Dirección de la Academia de Lenguas Indígenas,Lucero Salas Pérez,,2025-12-31T00:00:00Z,El Instituto Poblano de los Pueblos Indígenas informa que respecto a la columna “Edad (en su caso)” se encuentra vacía ya que no se cuenta con la información.,Megan Poulette,Maclovio,Lucas,"A Participar en los Proyectos Nido de Lenguas, Paisaje Lingüístico y Promotores Lingüísticos para la Difusión y Conservación de las Lenguas Indígenas del Componente 4 ""Promoción de Acciones sobre Lenguas Indígenas, Derechos Lingüísticos, Formación de Intérpretes y Traductores”, Vertiente “Proyectos de Revitalización de las Lenguas Indígenas: Apoyo a Grupos Comunitarios Interesados en Implementar el Proyecto Nido de Lenguas”",Mujer,Mujer cisgénero,2025-08-01T00:00:00Z,1700,1700,Puebla,,
2025,2025-10-01T00:00:00Z,2025-12-31T00:00:00Z,Local,Programas de servicios,Programa para el Desarrollo Integral de los Pueblos Indígenas (E088),"A Participar en los Proyectos Nido de Lenguas, Paisaje Lingüístico y Promotores Lingüísticos para la Difusión y Conservación de las Lenguas Indígenas del Componente 4 ""Promoción de Acciones sobre Lenguas Indígenas, Derechos Lingüísticos, Formación de Intérpretes y Traductores”, Vertiente “Proyectos de Revitalización de las Lenguas Indígenas: Apoyo a Grupos Comunitarios Interesados en Implementar el Proyecto Nido de Lenguas”",https://transparencia.puebla.gob.mx/docs2024/adjuntos/43/1228_1768850261_01873105e3f2cb1f2f62596510cd6365.pdf,Dirección de la Academia de Lenguas Indígenas,Lucero Salas Pérez,,2025-12-31T00:00:00Z,El Instituto Poblano de los Pueblos Indígenas informa que respecto a la columna “Edad (en su caso)” se encuentra vacía ya que no se cuenta con la información.,Pascual Diego,Zaragoza,Avila,"A Participar en los Proyectos Nido de Lenguas, Paisaje Lingüístico y Promotores Lingüísticos para la Difusión y Conservación de las Lenguas Indígenas del Componente 4 ""Promoción de Acciones sobre Lenguas Indígenas, Derechos Lingüísticos, Formación de Intérpretes y Traductores”, Vertiente “Proyectos de Revitalización de las Lenguas Indígenas: Apoyo a Grupos Comunitarios Interesados en Implementar el Proyecto Nido de Lenguas”",Hombre,Hombre cisgénero,2025-08-01T00:00:00Z,1700,1700,Puebla,,
2025,2025-10-01T00:00:00Z,2025-12-31T00:00:00Z,Local,Programas de servicios,Programa para el Desarrollo Integral de los Pueblos Indígenas (E088),"A Participar en los Proyectos Nido de Lenguas, Paisaje Lingüístico y Promotores Lingüísticos para la Difusión y Conservación de las Lenguas Indígenas del Componente 4 ""Promoción de Acciones sobre Lenguas Indígenas, Derechos Lingüísticos, Formación de Intérpretes y Traductores”, Vertiente “Proyectos de Revitalización de las Lenguas Indígenas: Apoyo a Grupos Comunitarios Interesados en Implementar el Proyecto Nido de Lenguas”",https://transparencia.puebla.gob.mx/docs2024/adjuntos/43/1228_1768850261_01873105e3f2cb1f2f62596510cd6365.pdf,Dirección de la Academia de Lenguas Indígenas,Lucero Salas Pérez,,2025-12-31T00:00:00Z,El Instituto Poblano de los Pueblos Indígenas informa que respecto a la columna “Edad (en su caso)” se encuentra vacía ya que no se cuenta con la información.,Brayan Andrés,Ramos,Modesto,"A Participar en los Proyectos Nido de Lenguas, Paisaje Lingüístico y Promotores Lingüísticos para la Difusión y Conservación de las Lenguas Indígenas del Componente 4 ""Promoción de Acciones sobre Lenguas Indígenas, Derechos Lingüísticos, Formación de Intérpretes y Traductores”, Vertiente “Proyectos de Revitalización de las Lenguas Indígenas: Apoyo a Grupos Comunitarios Interesados en Implementar el Proyecto Nido de Lenguas”",Hombre,Hombre cisgénero,2025-08-01T00:00:00Z,1700,1700,Puebla,,
2025,2025-10-01T00:00:00Z,2025-12-31T00:00:00Z,Local,Programas de servicios,Programa para el Desarrollo Integral de los Pueblos Indígenas (E088),"A Participar en los Proyectos Nido de Lenguas, Paisaje Lingüístico y Promotores Lingüísticos para la Difusión y Conservación de las Lenguas Indígenas del Componente 4 ""Promoción de Acciones sobre Lenguas Indígenas, Derechos Lingüísticos, Formación de Intérpretes y Traductores”, Vertiente “Proyectos de Revitalización de las Lenguas Indígenas: Apoyo a Grupos Comunitarios Interesados en Implementar el Proyecto Nido de Lenguas”",https://transparencia.puebla.gob.mx/docs2024/adjuntos/43/1228_1768850261_01873105e3f2cb1f2f62596510cd6365.pdf,Dirección de la Academia de Lenguas Indígenas,Lucero Salas Pérez,,2025-12-31T00:00:00Z,El Instituto Poblano de los Pueblos Indígenas informa que respecto a la columna “Edad (en su caso)” se encuentra vacía ya que no se cuenta con la información.,Crhistian De Jesús,Zaragoza,Rodríguez,"A Participar en los Proyectos Nido de Lenguas, Paisaje Lingüístico y Promotores Lingüísticos para la Difusión y Conservación de las Lenguas Indígenas del Componente 4 ""Promoción de Acciones sobre Lenguas Indígenas, Derechos Lingüísticos, Formación de Intérpretes y Traductores”, Vertiente “Proyectos de Revitalización de las Lenguas Indígenas: Apoyo a Grupos Comunitarios Interesados en Implementar el Proyecto Nido de Lenguas”",Hombre,Hombre cisgénero,2025-08-01T00:00:00Z,1700,1700,Puebla,,
2025,2025-10-01T00:00:00Z,2025-12-31T00:00:00Z,Local,Programas de servicios,Programa para el Desarrollo Integral de los Pueblos Indígenas (E088),"A Participar en los Proyectos Nido de Lenguas, Paisaje Lingüístico y Promotores Lingüísticos para la Difusión y Conservación de las Lenguas Indígenas del Componente 4 ""Promoción de Acciones sobre Lenguas Indígenas, Derechos Lingüísticos, Formación de Intérpretes y Traductores”, Vertiente “Proyectos de Revitalización de las Lenguas Indígenas: Apoyo a Grupos Comunitarios Interesados en Implementar el Proyecto Nido de Lenguas”",https://transparencia.puebla.gob.mx/docs2024/adjuntos/43/1228_1768850261_01873105e3f2cb1f2f62596510cd6365.pdf,Dirección de la Academia de Lenguas Indígenas,Lucero Salas Pérez,,2025-12-31T00:00:00Z,El Instituto Poblano de los Pueblos Indígenas informa que respecto a la columna “Edad (en su caso)” se encuentra vacía ya que no se cuenta con la información.,Yashi Aidaline,Jiménez,Aguirre,"A Participar en los Proyectos Nido de Lenguas, Paisaje Lingüístico y Promotores Lingüísticos para la Difusión y Conservación de las Lenguas Indígenas del Componente 4 ""Promoción de Acciones sobre Lenguas Indígenas, Derechos Lingüísticos, Formación de Intérpretes y Traductores”, Vertiente “Proyectos de Revitalización de las Lenguas Indígenas: Apoyo a Grupos Comunitarios Interesados en Implementar el Proyecto Nido de Lenguas”",Mujer,Mujer cisgénero,2025-08-01T00:00:00Z,1700,1700,Puebla,,
2025,2025-10-01T00:00:00Z,2025-12-31T00:00:00Z,Local,Programas de servicios,Programa para el Desarrollo Integral de los Pueblos Indígenas (E088),"A Participar en los Proyectos Nido de Lenguas, Paisaje Lingüístico y Promotores Lingüísticos para la Difusión y Conservación de las Lenguas Indígenas del Componente 4 ""Promoción de Acciones sobre Lenguas Indígenas, Derechos Lingüísticos, Formación de Intérpretes y Traductores”, Vertiente “Proyectos de Revitalización de las Lenguas Indígenas: Apoyo a Grupos Comunitarios Interesados en Implementar el Proyecto Nido de Lenguas”",https://transparencia.puebla.gob.mx/docs2024/adjuntos/43/1228_1768850261_01873105e3f2cb1f2f62596510cd6365.pdf,Dirección de la Academia de Lenguas Indígenas,Lucero Salas Pérez,,2025-12-31T00:00:00Z,El Instituto Poblano de los Pueblos Indígenas informa que respecto a la columna “Edad (en su caso)” se encuentra vacía ya que no se cuenta con la información.,Jesús Esteban,Cortés,Méndez,"A Participar en los Proyectos Nido de Lenguas, Paisaje Lingüístico y Promotores Lingüísticos para la Difusión y Conservación de las Lenguas Indígenas del Componente 4 ""Promoción de Acciones sobre Lenguas Indígenas, Derechos Lingüísticos, Formación de Intérpretes y Traductores”, Vertiente “Proyectos de Revitalización de las Lenguas Indígenas: Apoyo a Grupos Comunitarios Interesados en Implementar el Proyecto Nido de Lenguas”",Hombre,Hombre cisgénero,2025-08-01T00:00:00Z,1700,1700,Puebla,,
2025,2025-10-01T00:00:00Z,2025-12-31T00:00:00Z,Local,Programas de servicios,Programa para el Desarrollo Integral de los Pueblos Indígenas (E088),"A Participar en los Proyectos Nido de Lenguas, Paisaje Lingüístico y Promotores Lingüísticos para la Difusión y Conservación de las Lenguas Indígenas del Componente 4 ""Promoción de Acciones sobre Lenguas Indígenas, Derechos Lingüísticos, Formación de Intérpretes y Traductores”, Vertiente “Proyectos de Revitalización de las Lenguas Indígenas: Apoyo a Grupos Comunitarios Interesados en Implementar el Proyecto Nido de Lenguas”",https://transparencia.puebla.gob.mx/docs2024/adjuntos/43/1228_1768850261_01873105e3f2cb1f2f62596510cd6365.pdf,Dirección de la Academia de Lenguas Indígenas,Lucero Salas Pérez,,2025-12-31T00:00:00Z,El Instituto Poblano de los Pueblos Indígenas informa que respecto a la columna “Edad (en su caso)” se encuentra vacía ya que no se cuenta con la información.,Erick Ociel,Jerónimo,Ponce,"A Participar en los Proyectos Nido de Lenguas, Paisaje Lingüístico y Promotores Lingüísticos para la Difusión y Conservación de las Lenguas Indígenas del Componente 4 ""Promoción de Acciones sobre Lenguas Indígenas, Derechos Lingüísticos, Formación de Intérpretes y Traductores”, Vertiente “Proyectos de Revitalización de las Lenguas Indígenas: Apoyo a Grupos Comunitarios Interesados en Implementar el Proyecto Nido de Lenguas”",Hombre,Hombre cisgénero,2025-08-01T00:00:00Z,1700,1700,Puebla,,
2025,2025-10-01T00:00:00Z,2025-12-31T00:00:00Z,Local,Programas de servicios,Programa para el Desarrollo Integral de los Pueblos Indígenas (E088),"A Participar en los Proyectos Nido de Lenguas, Paisaje Lingüístico y Promotores Lingüísticos para la Difusión y Conservación de las Lenguas Indígenas del Componente 4 ""Promoción de Acciones sobre Lenguas Indígenas, Derechos Lingüísticos, Formación de Intérpretes y Traductores”, Vertiente “Proyectos de Revitalización de las Lenguas Indígenas: Apoyo a Grupos Comunitarios Interesados en Implementar el Proyecto Nido de Lenguas”",https://transparencia.puebla.gob.mx/docs2024/adjuntos/43/1228_1768850261_01873105e3f2cb1f2f62596510cd6365.pdf,Dirección de la Academia de Lenguas Indígenas,Lucero Salas Pérez,,2025-12-31T00:00:00Z,El Instituto Poblano de los Pueblos Indígenas informa que respecto a la columna “Edad (en su caso)” se encuentra vacía ya que no se cuenta con la información.,Consuelo,Galindo,Pérez,"A Participar en los Proyectos Nido de Lenguas, Paisaje Lingüístico y Promotores Lingüísticos para la Difusión y Conservación de las Lenguas Indígenas del Componente 4 ""Promoción de Acciones sobre Lenguas Indígenas, Derechos Lingüísticos, Formación de Intérpretes y Traductores”, Vertiente “Proyectos de Revitalización de las Lenguas Indígenas: Apoyo a Grupos Comunitarios Interesados en Implementar el Proyecto Nido de Lenguas”",Mujer,Mujer cisgénero,2025-08-01T00:00:00Z,10000,10000,Puebla,,
2025,2025-10-01T00:00:00Z,2025-12-31T00:00:00Z,Local,Programas de servicios,Programa para el Desarrollo Integral de los Pueblos Indígenas (E088),"A Participar en los Proyectos Nido de Lenguas, Paisaje Lingüístico y Promotores Lingüísticos para la Difusión y Conservación de las Lenguas Indígenas del Componente 4 ""Promoción de Acciones sobre Lenguas Indígenas, Derechos Lingüísticos, Formación de Intérpretes y Traductores”, Vertiente “Proyectos de Revitalización de las Lenguas Indígenas: Apoyo a Grupos Comunitarios Interesados en Implementar el Proyecto Nido de Lenguas”",https://transparencia.puebla.gob.mx/docs2024/adjuntos/43/1228_1768850261_01873105e3f2cb1f2f62596510cd6365.pdf,Dirección de la Academia de Lenguas Indígenas,Lucero Salas Pérez,,2025-12-31T00:00:00Z,El Instituto Poblano de los Pueblos Indígenas informa que respecto a la columna “Edad (en su caso)” se encuentra vacía ya que no se cuenta con la información.,Olivia,López,Galindo,"A Participar en los Proyectos Nido de Lenguas, Paisaje Lingüístico y Promotores Lingüísticos para la Difusión y Conservación de las Lenguas Indígenas del Componente 4 ""Promoción de Acciones sobre Lenguas Indígenas, Derechos Lingüísticos, Formación de Intérpretes y Traductores”, Vertiente “Proyectos de Revitalización de las Lenguas Indígenas: Apoyo a Grupos Comunitarios Interesados en Implementar el Proyecto Nido de Lenguas”",Mujer,Mujer cisgénero,2025-08-01T00:00:00Z,10000,10000,Puebla,,
2025,2025-10-01T00:00:00Z,2025-12-31T00:00:00Z,Local,Programas de servicios,Programa para el Desarrollo Integral de los Pueblos Indígenas (E088),"A Participar en los Proyectos Nido de Lenguas, Paisaje Lingüístico y Promotores Lingüísticos para la Difusión y Conservación de las Lenguas Indígenas del Componente 4 ""Promoción de Acciones sobre Lenguas Indígenas, Derechos Lingüísticos, Formación de Intérpretes y Traductores”, Vertiente “Proyectos de Revitalización de las Lenguas Indígenas: Apoyo a Grupos Comunitarios Interesados en Implementar el Proyecto Nido de Lenguas”",https://transparencia.puebla.gob.mx/docs2024/adjuntos/43/1228_1768850261_01873105e3f2cb1f2f62596510cd6365.pdf,Dirección de la Academia de Lenguas Indígenas,Lucero Salas Pérez,,2025-12-31T00:00:00Z,El Instituto Poblano de los Pueblos Indígenas informa que respecto a la columna “Edad (en su caso)” se encuentra vacía ya que no se cuenta con la información.,Cesar Damian,Hernández,Ramos,"A Participar en los Proyectos Nido de Lenguas, Paisaje Lingüístico y Promotores Lingüísticos para la Difusión y Conservación de las Lenguas Indígenas del Componente 4 ""Promoción de Acciones sobre Lenguas Indígenas, Derechos Lingüísticos, Formación de Intérpretes y Traductores”, Vertiente “Proyectos de Revitalización de las Lenguas Indígenas: Apoyo a Grupos Comunitarios Interesados en Implementar el Proyecto Nido de Lenguas”",Hombre,Hombre cisgénero,2025-08-01T00:00:00Z,1700,1700,Puebla,,
2025,2025-10-01T00:00:00Z,2025-12-31T00:00:00Z,Local,Programas de servicios,Programa para el Desarrollo Integral de los Pueblos Indígenas (E088),"A Participar en los Proyectos Nido de Lenguas, Paisaje Lingüístico y Promotores Lingüísticos para la Difusión y Conservación de las Lenguas Indígenas del Componente 4 ""Promoción de Acciones sobre Lenguas Indígenas, Derechos Lingüísticos, Formación de Intérpretes y Traductores”, Vertiente “Proyectos de Revitalización de las Lenguas Indígenas: Apoyo a Grupos Comunitarios Interesados en Implementar el Proyecto Nido de Lenguas”",https://transparencia.puebla.gob.mx/docs2024/adjuntos/43/1228_1768850261_01873105e3f2cb1f2f62596510cd6365.pdf,Dirección de la Academia de Lenguas Indígenas,Lucero Salas Pérez,,2025-12-31T00:00:00Z,El Instituto Poblano de los Pueblos Indígenas informa que respecto a la columna “Edad (en su caso)” se encuentra vacía ya que no se cuenta con la información.,Guadalupe,Bonilla,Cruz,"A Participar en los Proyectos Nido de Lenguas, Paisaje Lingüístico y Promotores Lingüísticos para la Difusión y Conservación de las Lenguas Indígenas del Componente 4 ""Promoción de Acciones sobre Lenguas Indígenas, Derechos Lingüísticos, Formación de Intérpretes y Traductores”, Vertiente “Proyectos de Revitalización de las Lenguas Indígenas: Apoyo a Grupos Comunitarios Interesados en Implementar el Proyecto Nido de Lenguas”",Mujer,Mujer cisgénero,2025-08-01T00:00:00Z,1700,1700,Puebla,,
2025,2025-10-01T00:00:00Z,2025-12-31T00:00:00Z,Local,Programas de servicios,Programa para el Desarrollo Integral de los Pueblos Indígenas (E088),"A Participar en los Proyectos Nido de Lenguas, Paisaje Lingüístico y Promotores Lingüísticos para la Difusión y Conservación de las Lenguas Indígenas del Componente 4 ""Promoción de Acciones sobre Lenguas Indígenas, Derechos Lingüísticos, Formación de Intérpretes y Traductores”, Vertiente “Proyectos de Revitalización de las Lenguas Indígenas: Apoyo a Grupos Comunitarios Interesados en Implementar el Proyecto Nido de Lenguas”",https://transparencia.puebla.gob.mx/docs2024/adjuntos/43/1228_1768850261_01873105e3f2cb1f2f62596510cd6365.pdf,Dirección de la Academia de Lenguas Indígenas,Lucero Salas Pérez,,2025-12-31T00:00:00Z,El Instituto Poblano de los Pueblos Indígenas informa que respecto a la columna “Edad (en su caso)” se encuentra vacía ya que no se cuenta con la información.,Joshua Daniel,Ramos,López,"A Participar en los Proyectos Nido de Lenguas, Paisaje Lingüístico y Promotores Lingüísticos para la Difusión y Conservación de las Lenguas Indígenas del Componente 4 ""Promoción de Acciones sobre Lenguas Indígenas, Derechos Lingüísticos, Formación de Intérpretes y Traductores”, Vertiente “Proyectos de Revitalización de las Lenguas Indígenas: Apoyo a Grupos Comunitarios Interesados en Implementar el Proyecto Nido de Lenguas”",Hombre,Hombre cisgénero,2025-08-01T00:00:00Z,1700,1700,Puebla,,
2025,2025-10-01T00:00:00Z,2025-12-31T00:00:00Z,Local,Programas de servicios,Programa para el Desarrollo Integral de los Pueblos Indígenas (E088),"A Participar en los Proyectos Nido de Lenguas, Paisaje Lingüístico y Promotores Lingüísticos para la Difusión y Conservación de las Lenguas Indígenas del Componente 4 ""Promoción de Acciones sobre Lenguas Indígenas, Derechos Lingüísticos, Formación de Intérpretes y Traductores”, Vertiente “Proyectos de Revitalización de las Lenguas Indígenas: Apoyo a Grupos Comunitarios Interesados en Implementar el Proyecto Nido de Lenguas”",https://transparencia.puebla.gob.mx/docs2024/adjuntos/43/1228_1768850261_01873105e3f2cb1f2f62596510cd6365.pdf,Dirección de la Academia de Lenguas Indígenas,Lucero Salas Pérez,,2025-12-31T00:00:00Z,El Instituto Poblano de los Pueblos Indígenas informa que respecto a la columna “Edad (en su caso)” se encuentra vacía ya que no se cuenta con la información.,Adelina,Zaragoza,Rodríguez,"A Participar en los Proyectos Nido de Lenguas, Paisaje Lingüístico y Promotores Lingüísticos para la Difusión y Conservación de las Lenguas Indígenas del Componente 4 ""Promoción de Acciones sobre Lenguas Indígenas, Derechos Lingüísticos, Formación de Intérpretes y Traductores”, Vertiente “Proyectos de Revitalización de las Lenguas Indígenas: Apoyo a Grupos Comunitarios Interesados en Implementar el Proyecto Nido de Lenguas”",Mujer,Mujer cisgénero,2025-08-01T00:00:00Z,10000,10000,Puebla,,
2025,2025-10-01T00:00:00Z,2025-12-31T00:00:00Z,Local,Programas de servicios,Programa para el Desarrollo Integral de los Pueblos Indígenas (E088),"A Participar en los Proyectos Nido de Lenguas, Paisaje Lingüístico y Promotores Lingüísticos para la Difusión y Conservación de las Lenguas Indígenas del Componente 4 ""Promoción de Acciones sobre Lenguas Indígenas, Derechos Lingüísticos, Formación de Intérpretes y Traductores”, Vertiente “Proyectos de Revitalización de las Lenguas Indígenas: Apoyo a Grupos Comunitarios Interesados en Implementar el Proyecto Nido de Lenguas”",https://transparencia.puebla.gob.mx/docs2024/adjuntos/43/1228_1768850261_01873105e3f2cb1f2f62596510cd6365.pdf,Dirección de la Academia de Lenguas Indígenas,Lucero Salas Pérez,,2025-12-31T00:00:00Z,El Instituto Poblano de los Pueblos Indígenas informa que respecto a la columna “Edad (en su caso)” se encuentra vacía ya que no se cuenta con la información.,Aleida,Santiago,Zaragoza,"A Participar en los Proyectos Nido de Lenguas, Paisaje Lingüístico y Promotores Lingüísticos para la Difusión y Conservación de las Lenguas Indígenas del Componente 4 ""Promoción de Acciones sobre Lenguas Indígenas, Derechos Lingüísticos, Formación de Intérpretes y Traductores”, Vertiente “Proyectos de Revitalización de las Lenguas Indígenas: Apoyo a Grupos Comunitarios Interesados en Implementar el Proyecto Nido de Lenguas”",Mujer,Mujer cisgénero,2025-08-01T00:00:00Z,10000,10000,Puebla,,
2025,2025-10-01T00:00:00Z,2025-12-31T00:00:00Z,Local,Programas de servicios,Programa para el Desarrollo Integral de los Pueblos Indígenas (E088),"A Participar en los Proyectos Nido de Lenguas, Paisaje Lingüístico y Promotores Lingüísticos para la Difusión y Conservación de las Lenguas Indígenas del Componente 4 ""Promoción de Acciones sobre Lenguas Indígenas, Derechos Lingüísticos, Formación de Intérpretes y Traductores”, Vertiente “Proyectos de Revitalización de las Lenguas Indígenas: Apoyo a Grupos Comunitarios Interesados en Implementar el Proyecto Nido de Lenguas”",https://transparencia.puebla.gob.mx/docs2024/adjuntos/43/1228_1768850261_01873105e3f2cb1f2f62596510cd6365.pdf,Dirección de la Academia de Lenguas Indígenas,Lucero Salas Pérez,,2025-12-31T00:00:00Z,El Instituto Poblano de los Pueblos Indígenas informa que respecto a la columna “Edad (en su caso)” se encuentra vacía ya que no se cuenta con la información.,Gaudencio,González,Pérez,"A Participar en los Proyectos Nido de Lenguas, Paisaje Lingüístico y Promotores Lingüísticos para la Difusión y Conservación de las Lenguas Indígenas del Componente 4 ""Promoción de Acciones sobre Lenguas Indígenas, Derechos Lingüísticos, Formación de Intérpretes y Traductores”, Vertiente “Proyectos de Revitalización de las Lenguas Indígenas: Apoyo a Grupos Comunitarios Interesados en Implementar el Proyecto Nido de Lenguas”",Hombre,Hombre cisgénero,2025-08-01T00:00:00Z,0,0,Puebla,,
2025,2025-10-01T00:00:00Z,2025-12-31T00:00:00Z,Local,Programas de servicios,Programa para el Desarrollo Integral de los Pueblos Indígenas (E088),"A Participar en los Proyectos Nido de Lenguas, Paisaje Lingüístico y Promotores Lingüísticos para la Difusión y Conservación de las Lenguas Indígenas del Componente 4 ""Promoción de Acciones sobre Lenguas Indígenas, Derechos Lingüísticos, Formación de Intérpretes y Traductores”, Vertiente “Proyectos de Revitalización de las Lenguas Indígenas: Apoyo a Grupos Comunitarios Interesados en Implementar el Proyecto Nido de Lenguas”",https://transparencia.puebla.gob.mx/docs2024/adjuntos/43/1228_1768850261_01873105e3f2cb1f2f62596510cd6365.pdf,Dirección de la Academia de Lenguas Indígenas,Lucero Salas Pérez,,2025-12-31T00:00:00Z,El Instituto Poblano de los Pueblos Indígenas informa que respecto a la columna “Edad (en su caso)” se encuentra vacía ya que no se cuenta con la información.,Samuel,Arriaga,García,"A Participar en los Proyectos Nido de Lenguas, Paisaje Lingüístico y Promotores Lingüísticos para la Difusión y Conservación de las Lenguas Indígenas del Componente 4 ""Promoción de Acciones sobre Lenguas Indígenas, Derechos Lingüísticos, Formación de Intérpretes y Traductores”, Vertiente “Proyectos de Revitalización de las Lenguas Indígenas: Apoyo a Grupos Comunitarios Interesados en Implementar el Proyecto Nido de Lenguas”",Hombre,Hombre cisgénero,2025-08-01T00:00:00Z,1700,1700,Puebla,,
2025,2025-10-01T00:00:00Z,2025-12-31T00:00:00Z,Local,Programas de servicios,Programa para el Desarrollo Integral de los Pueblos Indígenas (E088),"A Participar en los Proyectos Nido de Lenguas, Paisaje Lingüístico y Promotores Lingüísticos para la Difusión y Conservación de las Lenguas Indígenas del Componente 4 ""Promoción de Acciones sobre Lenguas Indígenas, Derechos Lingüísticos, Formación de Intérpretes y Traductores”, Vertiente “Proyectos de Revitalización de las Lenguas Indígenas: Apoyo a Grupos Comunitarios Interesados en Implementar el Proyecto Nido de Lenguas”",https://transparencia.puebla.gob.mx/docs2024/adjuntos/43/1228_1768850261_01873105e3f2cb1f2f62596510cd6365.pdf,Dirección de la Academia de Lenguas Indígenas,Lucero Salas Pérez,,2025-12-31T00:00:00Z,El Instituto Poblano de los Pueblos Indígenas informa que respecto a la columna “Edad (en su caso)” se encuentra vacía ya que no se cuenta con la información.,Addison Mayrani,Arriaga,González,"A Participar en los Proyectos Nido de Lenguas, Paisaje Lingüístico y Promotores Lingüísticos para la Difusión y Conservación de las Lenguas Indígenas del Componente 4 ""Promoción de Acciones sobre Lenguas Indígenas, Derechos Lingüísticos, Formación de Intérpretes y Traductores”, Vertiente “Proyectos de Revitalización de las Lenguas Indígenas: Apoyo a Grupos Comunitarios Interesados en Implementar el Proyecto Nido de Lenguas”",Mujer,Mujer cisgénero,2025-08-01T00:00:00Z,1700,1700,Puebla,,
2025,2025-10-01T00:00:00Z,2025-12-31T00:00:00Z,Local,Programas de servicios,Programa para el Desarrollo Integral de los Pueblos Indígenas (E088),"A Participar en los Proyectos Nido de Lenguas, Paisaje Lingüístico y Promotores Lingüísticos para la Difusión y Conservación de las Lenguas Indígenas del Componente 4 ""Promoción de Acciones sobre Lenguas Indígenas, Derechos Lingüísticos, Formación de Intérpretes y Traductores”, Vertiente “Proyectos de Revitalización de las Lenguas Indígenas: Apoyo a Grupos Comunitarios Interesados en Implementar el Proyecto Nido de Lenguas”",https://transparencia.puebla.gob.mx/docs2024/adjuntos/43/1228_1768850261_01873105e3f2cb1f2f62596510cd6365.pdf,Dirección de la Academia de Lenguas Indígenas,Lucero Salas Pérez,,2025-12-31T00:00:00Z,El Instituto Poblano de los Pueblos Indígenas informa que respecto a la columna “Edad (en su caso)” se encuentra vacía ya que no se cuenta con la información.,Dylan Jesús,Galindo,Rodríguez,"A Participar en los Proyectos Nido de Lenguas, Paisaje Lingüístico y Promotores Lingüísticos para la Difusión y Conservación de las Lenguas Indígenas del Componente 4 ""Promoción de Acciones sobre Lenguas Indígenas, Derechos Lingüísticos, Formación de Intérpretes y Traductores”, Vertiente “Proyectos de Revitalización de las Lenguas Indígenas: Apoyo a Grupos Comunitarios Interesados en Implementar el Proyecto Nido de Lenguas”",Hombre,Hombre cisgénero,2025-08-01T00:00:00Z,1700,1700,Puebla,,
2025,2025-10-01T00:00:00Z,2025-12-31T00:00:00Z,Local,Programas de servicios,Programa para el Desarrollo Integral de los Pueblos Indígenas (E088),"A Participar en los Proyectos Nido de Lenguas, Paisaje Lingüístico y Promotores Lingüísticos para la Difusión y Conservación de las Lenguas Indígenas del Componente 4 ""Promoción de Acciones sobre Lenguas Indígenas, Derechos Lingüísticos, Formación de Intérpretes y Traductores”, Vertiente “Proyectos de Revitalización de las Lenguas Indígenas: Apoyo a Grupos Comunitarios Interesados en Implementar el Proyecto Nido de Lenguas”",https://transparencia.puebla.gob.mx/docs2024/adjuntos/43/1228_1768850261_01873105e3f2cb1f2f62596510cd6365.pdf,Dirección de la Academia de Lenguas Indígenas,Lucero Salas Pérez,,2025-12-31T00:00:00Z,El Instituto Poblano de los Pueblos Indígenas informa que respecto a la columna “Edad (en su caso)” se encuentra vacía ya que no se cuenta con la información.,Aylen,Hernández,Ramos,"A Participar en los Proyectos Nido de Lenguas, Paisaje Lingüístico y Promotores Lingüísticos para la Difusión y Conservación de las Lenguas Indígenas del Componente 4 ""Promoción de Acciones sobre Lenguas Indígenas, Derechos Lingüísticos, Formación de Intérpretes y Traductores”, Vertiente “Proyectos de Revitalización de las Lenguas Indígenas: Apoyo a Grupos Comunitarios Interesados en Implementar el Proyecto Nido de Lenguas”",Mujer,Mujer cisgénero,2025-08-01T00:00:00Z,1700,1700,Puebla,,
2025,2025-10-01T00:00:00Z,2025-12-31T00:00:00Z,Local,Programas de servicios,Programa para el Desarrollo Integral de los Pueblos Indígenas (E088),"A Participar en los Proyectos Nido de Lenguas, Paisaje Lingüístico y Promotores Lingüísticos para la Difusión y Conservación de las Lenguas Indígenas del Componente 4 ""Promoción de Acciones sobre Lenguas Indígenas, Derechos Lingüísticos, Formación de Intérpretes y Traductores”, Vertiente “Proyectos de Revitalización de las Lenguas Indígenas: Apoyo a Grupos Comunitarios Interesados en Implementar el Proyecto Nido de Lenguas”",https://transparencia.puebla.gob.mx/docs2024/adjuntos/43/1228_1768850261_01873105e3f2cb1f2f62596510cd6365.pdf,Dirección de la Academia de Lenguas Indígenas,Lucero Salas Pérez,,2025-12-31T00:00:00Z,El Instituto Poblano de los Pueblos Indígenas informa que respecto a la columna “Edad (en su caso)” se encuentra vacía ya que no se cuenta con la información.,Lesly Dannae,Ramírez,López,"A Participar en los Proyectos Nido de Lenguas, Paisaje Lingüístico y Promotores Lingüísticos para la Difusión y Conservación de las Lenguas Indígenas del Componente 4 ""Promoción de Acciones sobre Lenguas Indígenas, Derechos Lingüísticos, Formación de Intérpretes y Traductores”, Vertiente “Proyectos de Revitalización de las Lenguas Indígenas: Apoyo a Grupos Comunitarios Interesados en Implementar el Proyecto Nido de Lenguas”",Mujer,Mujer cisgénero,2025-08-01T00:00:00Z,1700,1700,Puebla,,
2025,2025-10-01T00:00:00Z,2025-12-31T00:00:00Z,Local,Programas de servicios,Programa para el Desarrollo Integral de los Pueblos Indígenas (E088),"A Participar en los Proyectos Nido de Lenguas, Paisaje Lingüístico y Promotores Lingüísticos para la Difusión y Conservación de las Lenguas Indígenas del Componente 4 ""Promoción de Acciones sobre Lenguas Indígenas, Derechos Lingüísticos, Formación de Intérpretes y Traductores”, Vertiente “Proyectos de Revitalización de las Lenguas Indígenas: Apoyo a Grupos Comunitarios Interesados en Implementar el Proyecto Nido de Lenguas”",https://transparencia.puebla.gob.mx/docs2024/adjuntos/43/1228_1768850261_01873105e3f2cb1f2f62596510cd6365.pdf,Dirección de la Academia de Lenguas Indígenas,Lucero Salas Pérez,,2025-12-31T00:00:00Z,El Instituto Poblano de los Pueblos Indígenas informa que respecto a la columna “Edad (en su caso)” se encuentra vacía ya que no se cuenta con la información.,Nahomi,Espinosa,Reyes,"A Participar en los Proyectos Nido de Lenguas, Paisaje Lingüístico y Promotores Lingüísticos para la Difusión y Conservación de las Lenguas Indígenas del Componente 4 ""Promoción de Acciones sobre Lenguas Indígenas, Derechos Lingüísticos, Formación de Intérpretes y Traductores”, Vertiente “Proyectos de Revitalización de las Lenguas Indígenas: Apoyo a Grupos Comunitarios Interesados en Implementar el Proyecto Nido de Lenguas”",Mujer,Mujer cisgénero,2025-08-01T00:00:00Z,1700,1700,Puebla,,
2025,2025-10-01T00:00:00Z,2025-12-31T00:00:00Z,Local,Programas de servicios,Programa para el Desarrollo Integral de los Pueblos Indígenas (E088),"A Participar en los Proyectos Nido de Lenguas, Paisaje Lingüístico y Promotores Lingüísticos para la Difusión y Conservación de las Lenguas Indígenas del Componente 4 ""Promoción de Acciones sobre Lenguas Indígenas, Derechos Lingüísticos, Formación de Intérpretes y Traductores”, Vertiente “Proyectos de Revitalización de las Lenguas Indígenas: Apoyo a Grupos Comunitarios Interesados en Implementar el Proyecto Nido de Lenguas”",https://transparencia.puebla.gob.mx/docs2024/adjuntos/43/1228_1768850261_01873105e3f2cb1f2f62596510cd6365.pdf,Dirección de la Academia de Lenguas Indígenas,Lucero Salas Pérez,,2025-12-31T00:00:00Z,El Instituto Poblano de los Pueblos Indígenas informa que respecto a la columna “Edad (en su caso)” se encuentra vacía ya que no se cuenta con la información.,Ana Paula,Gaona,Hernández,"A Participar en los Proyectos Nido de Lenguas, Paisaje Lingüístico y Promotores Lingüísticos para la Difusión y Conservación de las Lenguas Indígenas del Componente 4 ""Promoción de Acciones sobre Lenguas Indígenas, Derechos Lingüísticos, Formación de Intérpretes y Traductores”, Vertiente “Proyectos de Revitalización de las Lenguas Indígenas: Apoyo a Grupos Comunitarios Interesados en Implementar el Proyecto Nido de Lenguas”",Mujer,Mujer cisgénero,2025-08-01T00:00:00Z,1700,1700,Puebla,,
2025,2025-10-01T00:00:00Z,2025-12-31T00:00:00Z,Local,Programas de servicios,Programa para el Desarrollo Integral de los Pueblos Indígenas (E088),"A Participar en los Proyectos Nido de Lenguas, Paisaje Lingüístico y Promotores Lingüísticos para la Difusión y Conservación de las Lenguas Indígenas del Componente 4 ""Promoción de Acciones sobre Lenguas Indígenas, Derechos Lingüísticos, Formación de Intérpretes y Traductores”, Vertiente “Proyectos de Revitalización de las Lenguas Indígenas: Apoyo a Grupos Comunitarios Interesados en Implementar el Proyecto Nido de Lenguas”",https://transparencia.puebla.gob.mx/docs2024/adjuntos/43/1228_1768850261_01873105e3f2cb1f2f62596510cd6365.pdf,Dirección de la Academia de Lenguas Indígenas,Lucero Salas Pérez,,2025-12-31T00:00:00Z,El Instituto Poblano de los Pueblos Indígenas informa que respecto a la columna “Edad (en su caso)” se encuentra vacía ya que no se cuenta con la información.,Kimberly,Gaspar,Molina,"A Participar en los Proyectos Nido de Lenguas, Paisaje Lingüístico y Promotores Lingüísticos para la Difusión y Conservación de las Lenguas Indígenas del Componente 4 ""Promoción de Acciones sobre Lenguas Indígenas, Derechos Lingüísticos, Formación de Intérpretes y Traductores”, Vertiente “Proyectos de Revitalización de las Lenguas Indígenas: Apoyo a Grupos Comunitarios Interesados en Implementar el Proyecto Nido de Lenguas”",Mujer,Mujer cisgénero,2025-08-01T00:00:00Z,1700,1700,Puebla,,
2025,2025-10-01T00:00:00Z,2025-12-31T00:00:00Z,Local,Programas de servicios,Programa para el Desarrollo Integral de los Pueblos Indígenas (E088),"A Participar en los Proyectos Nido de Lenguas, Paisaje Lingüístico y Promotores Lingüísticos para la Difusión y Conservación de las Lenguas Indígenas del Componente 4 ""Promoción de Acciones sobre Lenguas Indígenas, Derechos Lingüísticos, Formación de Intérpretes y Traductores”, Vertiente “Proyectos de Revitalización de las Lenguas Indígenas: Apoyo a Grupos Comunitarios Interesados en Implementar el Proyecto Nido de Lenguas”",https://transparencia.puebla.gob.mx/docs2024/adjuntos/43/1228_1768850261_01873105e3f2cb1f2f62596510cd6365.pdf,Dirección de la Academia de Lenguas Indígenas,Lucero Salas Pérez,,2025-12-31T00:00:00Z,El Instituto Poblano de los Pueblos Indígenas informa que respecto a la columna “Edad (en su caso)” se encuentra vacía ya que no se cuenta con la información.,Geraldinne Lizeth,Molina,López,"A Participar en los Proyectos Nido de Lenguas, Paisaje Lingüístico y Promotores Lingüísticos para la Difusión y Conservación de las Lenguas Indígenas del Componente 4 ""Promoción de Acciones sobre Lenguas Indígenas, Derechos Lingüísticos, Formación de Intérpretes y Traductores”, Vertiente “Proyectos de Revitalización de las Lenguas Indígenas: Apoyo a Grupos Comunitarios Interesados en Implementar el Proyecto Nido de Lenguas”",Mujer,Mujer cisgénero,2025-08-01T00:00:00Z,1700,1700,Puebla,,
2025,2025-10-01T00:00:00Z,2025-12-31T00:00:00Z,Local,Programas de servicios,Programa para el Desarrollo Integral de los Pueblos Indígenas (E088),"A Participar en los Proyectos Nido de Lenguas, Paisaje Lingüístico y Promotores Lingüísticos para la Difusión y Conservación de las Lenguas Indígenas del Componente 4 ""Promoción de Acciones sobre Lenguas Indígenas, Derechos Lingüísticos, Formación de Intérpretes y Traductores”, Vertiente “Proyectos de Revitalización de las Lenguas Indígenas: Apoyo a Grupos Comunitarios Interesados en Implementar el Proyecto Nido de Lenguas”",https://transparencia.puebla.gob.mx/docs2024/adjuntos/43/1228_1768850261_01873105e3f2cb1f2f62596510cd6365.pdf,Dirección de la Academia de Lenguas Indígenas,Lucero Salas Pérez,,2025-12-31T00:00:00Z,El Instituto Poblano de los Pueblos Indígenas informa que respecto a la columna “Edad (en su caso)” se encuentra vacía ya que no se cuenta con la información.,Hannia,Morales,Molina,"A Participar en los Proyectos Nido de Lenguas, Paisaje Lingüístico y Promotores Lingüísticos para la Difusión y Conservación de las Lenguas Indígenas del Componente 4 ""Promoción de Acciones sobre Lenguas Indígenas, Derechos Lingüísticos, Formación de Intérpretes y Traductores”, Vertiente “Proyectos de Revitalización de las Lenguas Indígenas: Apoyo a Grupos Comunitarios Interesados en Implementar el Proyecto Nido de Lenguas”",Mujer,Mujer cisgénero,2025-08-01T00:00:00Z,1700,1700,Puebla,,
2025,2025-10-01T00:00:00Z,2025-12-31T00:00:00Z,Local,Programas de servicios,Programa para el Desarrollo Integral de los Pueblos Indígenas (E088),"A Participar en los Proyectos Nido de Lenguas, Paisaje Lingüístico y Promotores Lingüísticos para la Difusión y Conservación de las Lenguas Indígenas del Componente 4 ""Promoción de Acciones sobre Lenguas Indígenas, Derechos Lingüísticos, Formación de Intérpretes y Traductores”, Vertiente “Proyectos de Revitalización de las Lenguas Indígenas: Apoyo a Grupos Comunitarios Interesados en Implementar el Proyecto Nido de Lenguas”",https://transparencia.puebla.gob.mx/docs2024/adjuntos/43/1228_1768850261_01873105e3f2cb1f2f62596510cd6365.pdf,Dirección de la Academia de Lenguas Indígenas,Lucero Salas Pérez,,2025-12-31T00:00:00Z,El Instituto Poblano de los Pueblos Indígenas informa que respecto a la columna “Edad (en su caso)” se encuentra vacía ya que no se cuenta con la información.,Mac Julien,Galindo,Zaragoza,"A Participar en los Proyectos Nido de Lenguas, Paisaje Lingüístico y Promotores Lingüísticos para la Difusión y Conservación de las Lenguas Indígenas del Componente 4 ""Promoción de Acciones sobre Lenguas Indígenas, Derechos Lingüísticos, Formación de Intérpretes y Traductores”, Vertiente “Proyectos de Revitalización de las Lenguas Indígenas: Apoyo a Grupos Comunitarios Interesados en Implementar el Proyecto Nido de Lenguas”",Hombre,Hombre cisgénero,2025-08-01T00:00:00Z,1700,1700,Puebla,,
2025,2025-10-01T00:00:00Z,2025-12-31T00:00:00Z,Local,Programas de servicios,Programa para el Desarrollo Integral de los Pueblos Indígenas (E088),"A Participar en los Proyectos Nido de Lenguas, Paisaje Lingüístico y Promotores Lingüísticos para la Difusión y Conservación de las Lenguas Indígenas del Componente 4 ""Promoción de Acciones sobre Lenguas Indígenas, Derechos Lingüísticos, Formación de Intérpretes y Traductores”, Vertiente “Proyectos de Revitalización de las Lenguas Indígenas: Apoyo a Grupos Comunitarios Interesados en Implementar el Proyecto Nido de Lenguas”",https://transparencia.puebla.gob.mx/docs2024/adjuntos/43/1228_1768850261_01873105e3f2cb1f2f62596510cd6365.pdf,Dirección de la Academia de Lenguas Indígenas,Lucero Salas Pérez,,2025-12-31T00:00:00Z,El Instituto Poblano de los Pueblos Indígenas informa que respecto a la columna “Edad (en su caso)” se encuentra vacía ya que no se cuenta con la información.,Fryda Dánae,García,González,"A Participar en los Proyectos Nido de Lenguas, Paisaje Lingüístico y Promotores Lingüísticos para la Difusión y Conservación de las Lenguas Indígenas del Componente 4 ""Promoción de Acciones sobre Lenguas Indígenas, Derechos Lingüísticos, Formación de Intérpretes y Traductores”, Vertiente “Proyectos de Revitalización de las Lenguas Indígenas: Apoyo a Grupos Comunitarios Interesados en Implementar el Proyecto Nido de Lenguas”",Mujer,Mujer cisgénero,2025-08-01T00:00:00Z,1700,1700,Puebla,,
2025,2025-10-01T00:00:00Z,2025-12-31T00:00:00Z,Local,Programas de servicios,Programa para el Desarrollo Integral de los Pueblos Indígenas (E088),"A Participar en los Proyectos Nido de Lenguas, Paisaje Lingüístico y Promotores Lingüísticos para la Difusión y Conservación de las Lenguas Indígenas del Componente 4 ""Promoción de Acciones sobre Lenguas Indígenas, Derechos Lingüísticos, Formación de Intérpretes y Traductores”, Vertiente “Proyectos de Revitalización de las Lenguas Indígenas: Apoyo a Grupos Comunitarios Interesados en Implementar el Proyecto Nido de Lenguas”",https://transparencia.puebla.gob.mx/docs2024/adjuntos/43/1228_1768850261_01873105e3f2cb1f2f62596510cd6365.pdf,Dirección de la Academia de Lenguas Indígenas,Lucero Salas Pérez,,2025-12-31T00:00:00Z,El Instituto Poblano de los Pueblos Indígenas informa que respecto a la columna “Edad (en su caso)” se encuentra vacía ya que no se cuenta con la información.,Alain Natanael,González,Santiago,"A Participar en los Proyectos Nido de Lenguas, Paisaje Lingüístico y Promotores Lingüísticos para la Difusión y Conservación de las Lenguas Indígenas del Componente 4 ""Promoción de Acciones sobre Lenguas Indígenas, Derechos Lingüísticos, Formación de Intérpretes y Traductores”, Vertiente “Proyectos de Revitalización de las Lenguas Indígenas: Apoyo a Grupos Comunitarios Interesados en Implementar el Proyecto Nido de Lenguas”",Hombre,Hombre cisgénero,2025-08-01T00:00:00Z,1700,1700,Puebla,,
2025,2025-10-01T00:00:00Z,2025-12-31T00:00:00Z,Local,Programas de servicios,Programa para el Desarrollo Integral de los Pueblos Indígenas (E088),"A Participar en los Proyectos Nido de Lenguas, Paisaje Lingüístico y Promotores Lingüísticos para la Difusión y Conservación de las Lenguas Indígenas del Componente 4 ""Promoción de Acciones sobre Lenguas Indígenas, Derechos Lingüísticos, Formación de Intérpretes y Traductores”, Vertiente “Proyectos de Revitalización de las Lenguas Indígenas: Apoyo a Grupos Comunitarios Interesados en Implementar el Proyecto Nido de Lenguas”",https://transparencia.puebla.gob.mx/docs2024/adjuntos/43/1228_1768850261_01873105e3f2cb1f2f62596510cd6365.pdf,Dirección de la Academia de Lenguas Indígenas,Lucero Salas Pérez,,2025-12-31T00:00:00Z,El Instituto Poblano de los Pueblos Indígenas informa que respecto a la columna “Edad (en su caso)” se encuentra vacía ya que no se cuenta con la información.,Haidar Erikzen,González,Vázquez,"A Participar en los Proyectos Nido de Lenguas, Paisaje Lingüístico y Promotores Lingüísticos para la Difusión y Conservación de las Lenguas Indígenas del Componente 4 ""Promoción de Acciones sobre Lenguas Indígenas, Derechos Lingüísticos, Formación de Intérpretes y Traductores”, Vertiente “Proyectos de Revitalización de las Lenguas Indígenas: Apoyo a Grupos Comunitarios Interesados en Implementar el Proyecto Nido de Lenguas”",Hombre,Hombre cisgénero,2025-08-01T00:00:00Z,1700,1700,Puebla,,
2025,2025-10-01T00:00:00Z,2025-12-31T00:00:00Z,Local,Programas de servicios,Programa para el Desarrollo Integral de los Pueblos Indígenas (E088),"A Participar en los Proyectos Nido de Lenguas, Paisaje Lingüístico y Promotores Lingüísticos para la Difusión y Conservación de las Lenguas Indígenas del Componente 4 ""Promoción de Acciones sobre Lenguas Indígenas, Derechos Lingüísticos, Formación de Intérpretes y Traductores”, Vertiente “Proyectos de Revitalización de las Lenguas Indígenas: Apoyo a Grupos Comunitarios Interesados en Implementar el Proyecto Nido de Lenguas”",https://transparencia.puebla.gob.mx/docs2024/adjuntos/43/1228_1768850261_01873105e3f2cb1f2f62596510cd6365.pdf,Dirección de la Academia de Lenguas Indígenas,Lucero Salas Pérez,,2025-12-31T00:00:00Z,El Instituto Poblano de los Pueblos Indígenas informa que respecto a la columna “Edad (en su caso)” se encuentra vacía ya que no se cuenta con la información.,Karla Miranda,Juan,De Los Ángeles,"A Participar en los Proyectos Nido de Lenguas, Paisaje Lingüístico y Promotores Lingüísticos para la Difusión y Conservación de las Lenguas Indígenas del Componente 4 ""Promoción de Acciones sobre Lenguas Indígenas, Derechos Lingüísticos, Formación de Intérpretes y Traductores”, Vertiente “Proyectos de Revitalización de las Lenguas Indígenas: Apoyo a Grupos Comunitarios Interesados en Implementar el Proyecto Nido de Lenguas”",Mujer,Mujer cisgénero,2025-08-01T00:00:00Z,1700,1700,Puebla,,
2025,2025-10-01T00:00:00Z,2025-12-31T00:00:00Z,Local,Programas de servicios,Programa para el Desarrollo Integral de los Pueblos Indígenas (E088),"A Participar en los Proyectos Nido de Lenguas, Paisaje Lingüístico y Promotores Lingüísticos para la Difusión y Conservación de las Lenguas Indígenas del Componente 4 ""Promoción de Acciones sobre Lenguas Indígenas, Derechos Lingüísticos, Formación de Intérpretes y Traductores”, Vertiente “Proyectos de Revitalización de las Lenguas Indígenas: Apoyo a Grupos Comunitarios Interesados en Implementar el Proyecto Nido de Lenguas”",https://transparencia.puebla.gob.mx/docs2024/adjuntos/43/1228_1768850261_01873105e3f2cb1f2f62596510cd6365.pdf,Dirección de la Academia de Lenguas Indígenas,Lucero Salas Pérez,,2025-12-31T00:00:00Z,El Instituto Poblano de los Pueblos Indígenas informa que respecto a la columna “Edad (en su caso)” se encuentra vacía ya que no se cuenta con la información.,Brandon Marcelino,Francisco,Rodríguez,"A Participar en los Proyectos Nido de Lenguas, Paisaje Lingüístico y Promotores Lingüísticos para la Difusión y Conservación de las Lenguas Indígenas del Componente 4 ""Promoción de Acciones sobre Lenguas Indígenas, Derechos Lingüísticos, Formación de Intérpretes y Traductores”, Vertiente “Proyectos de Revitalización de las Lenguas Indígenas: Apoyo a Grupos Comunitarios Interesados en Implementar el Proyecto Nido de Lenguas”",Hombre,Hombre cisgénero,2025-08-01T00:00:00Z,1700,1700,Puebla,,
2025,2025-10-01T00:00:00Z,2025-12-31T00:00:00Z,Local,Programas de servicios,Programa para el Desarrollo Integral de los Pueblos Indígenas (E088),"A Participar en los Proyectos Nido de Lenguas, Paisaje Lingüístico y Promotores Lingüísticos para la Difusión y Conservación de las Lenguas Indígenas del Componente 4 ""Promoción de Acciones sobre Lenguas Indígenas, Derechos Lingüísticos, Formación de Intérpretes y Traductores”, Vertiente “Proyectos de Revitalización de las Lenguas Indígenas: Apoyo a Grupos Comunitarios Interesados en Implementar el Proyecto Nido de Lenguas”",https://transparencia.puebla.gob.mx/docs2024/adjuntos/43/1228_1768850261_01873105e3f2cb1f2f62596510cd6365.pdf,Dirección de la Academia de Lenguas Indígenas,Lucero Salas Pérez,,2025-12-31T00:00:00Z,El Instituto Poblano de los Pueblos Indígenas informa que respecto a la columna “Edad (en su caso)” se encuentra vacía ya que no se cuenta con la información.,Amancio,Juárez,Melchor,"A Participar en los Proyectos Nido de Lenguas, Paisaje Lingüístico y Promotores Lingüísticos para la Difusión y Conservación de las Lenguas Indígenas del Componente 4 ""Promoción de Acciones sobre Lenguas Indígenas, Derechos Lingüísticos, Formación de Intérpretes y Traductores”, Vertiente “Proyectos de Revitalización de las Lenguas Indígenas: Apoyo a Grupos Comunitarios Interesados en Implementar el Proyecto Nido de Lenguas”",Hombre,Hombre cisgénero,2025-08-01T00:00:00Z,10000,10000,Puebla,,
2025,2025-10-01T00:00:00Z,2025-12-31T00:00:00Z,Local,Programas de servicios,Programa para el Desarrollo Integral de los Pueblos Indígenas (E088),"A Participar en los Proyectos Nido de Lenguas, Paisaje Lingüístico y Promotores Lingüísticos para la Difusión y Conservación de las Lenguas Indígenas del Componente 4 ""Promoción de Acciones sobre Lenguas Indígenas, Derechos Lingüísticos, Formación de Intérpretes y Traductores”, Vertiente “Proyectos de Revitalización de las Lenguas Indígenas: Apoyo a Grupos Comunitarios Interesados en Implementar el Proyecto Nido de Lenguas”",https://transparencia.puebla.gob.mx/docs2024/adjuntos/43/1228_1768850261_01873105e3f2cb1f2f62596510cd6365.pdf,Dirección de la Academia de Lenguas Indígenas,Lucero Salas Pérez,,2025-12-31T00:00:00Z,El Instituto Poblano de los Pueblos Indígenas informa que respecto a la columna “Edad (en su caso)” se encuentra vacía ya que no se cuenta con la información.,Emilio,Melchor,Pérez,"A Participar en los Proyectos Nido de Lenguas, Paisaje Lingüístico y Promotores Lingüísticos para la Difusión y Conservación de las Lenguas Indígenas del Componente 4 ""Promoción de Acciones sobre Lenguas Indígenas, Derechos Lingüísticos, Formación de Intérpretes y Traductores”, Vertiente “Proyectos de Revitalización de las Lenguas Indígenas: Apoyo a Grupos Comunitarios Interesados en Implementar el Proyecto Nido de Lenguas”",Hombre,Hombre cisgénero,2025-08-01T00:00:00Z,10000,10000,Puebla,,
2025,2025-10-01T00:00:00Z,2025-12-31T00:00:00Z,Local,Programas de servicios,Programa para el Desarrollo Integral de los Pueblos Indígenas (E088),"A Participar en los Proyectos Nido de Lenguas, Paisaje Lingüístico y Promotores Lingüísticos para la Difusión y Conservación de las Lenguas Indígenas del Componente 4 ""Promoción de Acciones sobre Lenguas Indígenas, Derechos Lingüísticos, Formación de Intérpretes y Traductores”, Vertiente “Proyectos de Revitalización de las Lenguas Indígenas: Apoyo a Grupos Comunitarios Interesados en Implementar el Proyecto Nido de Lenguas”",https://transparencia.puebla.gob.mx/docs2024/adjuntos/43/1228_1768850261_01873105e3f2cb1f2f62596510cd6365.pdf,Dirección de la Academia de Lenguas Indígenas,Lucero Salas Pérez,,2025-12-31T00:00:00Z,El Instituto Poblano de los Pueblos Indígenas informa que respecto a la columna “Edad (en su caso)” se encuentra vacía ya que no se cuenta con la información.,Jade,López,García,"A Participar en los Proyectos Nido de Lenguas, Paisaje Lingüístico y Promotores Lingüísticos para la Difusión y Conservación de las Lenguas Indígenas del Componente 4 ""Promoción de Acciones sobre Lenguas Indígenas, Derechos Lingüísticos, Formación de Intérpretes y Traductores”, Vertiente “Proyectos de Revitalización de las Lenguas Indígenas: Apoyo a Grupos Comunitarios Interesados en Implementar el Proyecto Nido de Lenguas”",Mujer,Mujer cisgénero,2025-08-01T00:00:00Z,1700,1700,Puebla,,
2025,2025-10-01T00:00:00Z,2025-12-31T00:00:00Z,Local,Programas de servicios,Programa para el Desarrollo Integral de los Pueblos Indígenas (E088),"A Participar en los Proyectos Nido de Lenguas, Paisaje Lingüístico y Promotores Lingüísticos para la Difusión y Conservación de las Lenguas Indígenas del Componente 4 ""Promoción de Acciones sobre Lenguas Indígenas, Derechos Lingüísticos, Formación de Intérpretes y Traductores”, Vertiente “Proyectos de Revitalización de las Lenguas Indígenas: Apoyo a Grupos Comunitarios Interesados en Implementar el Proyecto Nido de Lenguas”",https://transparencia.puebla.gob.mx/docs2024/adjuntos/43/1228_1768850261_01873105e3f2cb1f2f62596510cd6365.pdf,Dirección de la Academia de Lenguas Indígenas,Lucero Salas Pérez,,2025-12-31T00:00:00Z,El Instituto Poblano de los Pueblos Indígenas informa que respecto a la columna “Edad (en su caso)” se encuentra vacía ya que no se cuenta con la información.,Karla,Juárez,Victoria,"A Participar en los Proyectos Nido de Lenguas, Paisaje Lingüístico y Promotores Lingüísticos para la Difusión y Conservación de las Lenguas Indígenas del Componente 4 ""Promoción de Acciones sobre Lenguas Indígenas, Derechos Lingüísticos, Formación de Intérpretes y Traductores”, Vertiente “Proyectos de Revitalización de las Lenguas Indígenas: Apoyo a Grupos Comunitarios Interesados en Implementar el Proyecto Nido de Lenguas”",Mujer,Mujer cisgénero,2025-08-01T00:00:00Z,1700,1700,Puebla,,
2025,2025-10-01T00:00:00Z,2025-12-31T00:00:00Z,Local,Programas de servicios,Programa para el Desarrollo Integral de los Pueblos Indígenas (E088),"A Participar en los Proyectos Nido de Lenguas, Paisaje Lingüístico y Promotores Lingüísticos para la Difusión y Conservación de las Lenguas Indígenas del Componente 4 ""Promoción de Acciones sobre Lenguas Indígenas, Derechos Lingüísticos, Formación de Intérpretes y Traductores”, Vertiente “Proyectos de Revitalización de las Lenguas Indígenas: Apoyo a Grupos Comunitarios Interesados en Implementar el Proyecto Nido de Lenguas”",https://transparencia.puebla.gob.mx/docs2024/adjuntos/43/1228_1768850261_01873105e3f2cb1f2f62596510cd6365.pdf,Dirección de la Academia de Lenguas Indígenas,Lucero Salas Pérez,,2025-12-31T00:00:00Z,El Instituto Poblano de los Pueblos Indígenas informa que respecto a la columna “Edad (en su caso)” se encuentra vacía ya que no se cuenta con la información.,Karen,Juárez,Victoria,"A Participar en los Proyectos Nido de Lenguas, Paisaje Lingüístico y Promotores Lingüísticos para la Difusión y Conservación de las Lenguas Indígenas del Componente 4 ""Promoción de Acciones sobre Lenguas Indígenas, Derechos Lingüísticos, Formación de Intérpretes y Traductores”, Vertiente “Proyectos de Revitalización de las Lenguas Indígenas: Apoyo a Grupos Comunitarios Interesados en Implementar el Proyecto Nido de Lenguas”",Mujer,Mujer cisgénero,2025-08-01T00:00:00Z,1700,1700,Puebla,,
2025,2025-10-01T00:00:00Z,2025-12-31T00:00:00Z,Local,Programas de servicios,Programa para el Desarrollo Integral de los Pueblos Indígenas (E088),"A Participar en los Proyectos Nido de Lenguas, Paisaje Lingüístico y Promotores Lingüísticos para la Difusión y Conservación de las Lenguas Indígenas del Componente 4 ""Promoción de Acciones sobre Lenguas Indígenas, Derechos Lingüísticos, Formación de Intérpretes y Traductores”, Vertiente “Proyectos de Revitalización de las Lenguas Indígenas: Apoyo a Grupos Comunitarios Interesados en Implementar el Proyecto Nido de Lenguas”",https://transparencia.puebla.gob.mx/docs2024/adjuntos/43/1228_1768850261_01873105e3f2cb1f2f62596510cd6365.pdf,Dirección de la Academia de Lenguas Indígenas,Lucero Salas Pérez,,2025-12-31T00:00:00Z,El Instituto Poblano de los Pueblos Indígenas informa que respecto a la columna “Edad (en su caso)” se encuentra vacía ya que no se cuenta con la información.,Luisa Mar,Varillas,Maceda,"A Participar en los Proyectos Nido de Lenguas, Paisaje Lingüístico y Promotores Lingüísticos para la Difusión y Conservación de las Lenguas Indígenas del Componente 4 ""Promoción de Acciones sobre Lenguas Indígenas, Derechos Lingüísticos, Formación de Intérpretes y Traductores”, Vertiente “Proyectos de Revitalización de las Lenguas Indígenas: Apoyo a Grupos Comunitarios Interesados en Implementar el Proyecto Nido de Lenguas”",Mujer,Mujer cisgénero,2025-08-01T00:00:00Z,1700,1700,Puebla,,
2025,2025-10-01T00:00:00Z,2025-12-31T00:00:00Z,Local,Programas de servicios,Programa para el Desarrollo Integral de los Pueblos Indígenas (E088),"A Participar en los Proyectos Nido de Lenguas, Paisaje Lingüístico y Promotores Lingüísticos para la Difusión y Conservación de las Lenguas Indígenas del Componente 4 ""Promoción de Acciones sobre Lenguas Indígenas, Derechos Lingüísticos, Formación de Intérpretes y Traductores”, Vertiente “Proyectos de Revitalización de las Lenguas Indígenas: Apoyo a Grupos Comunitarios Interesados en Implementar el Proyecto Nido de Lenguas”",https://transparencia.puebla.gob.mx/docs2024/adjuntos/43/1228_1768850261_01873105e3f2cb1f2f62596510cd6365.pdf,Dirección de la Academia de Lenguas Indígenas,Lucero Salas Pérez,,2025-12-31T00:00:00Z,El Instituto Poblano de los Pueblos Indígenas informa que respecto a la columna “Edad (en su caso)” se encuentra vacía ya que no se cuenta con la información.,Mia Zoe,Varillas,Maceda,"A Participar en los Proyectos Nido de Lenguas, Paisaje Lingüístico y Promotores Lingüísticos para la Difusión y Conservación de las Lenguas Indígenas del Componente 4 ""Promoción de Acciones sobre Lenguas Indígenas, Derechos Lingüísticos, Formación de Intérpretes y Traductores”, Vertiente “Proyectos de Revitalización de las Lenguas Indígenas: Apoyo a Grupos Comunitarios Interesados en Implementar el Proyecto Nido de Lenguas”",Mujer,Mujer cisgénero,2025-08-01T00:00:00Z,1700,1700,Puebla,,
2025,2025-10-01T00:00:00Z,2025-12-31T00:00:00Z,Local,Programas de servicios,Programa para el Desarrollo Integral de los Pueblos Indígenas (E088),"A Participar en los Proyectos Nido de Lenguas, Paisaje Lingüístico y Promotores Lingüísticos para la Difusión y Conservación de las Lenguas Indígenas del Componente 4 ""Promoción de Acciones sobre Lenguas Indígenas, Derechos Lingüísticos, Formación de Intérpretes y Traductores”, Vertiente “Proyectos de Revitalización de las Lenguas Indígenas: Apoyo a Grupos Comunitarios Interesados en Implementar el Proyecto Nido de Lenguas”",https://transparencia.puebla.gob.mx/docs2024/adjuntos/43/1228_1768850261_01873105e3f2cb1f2f62596510cd6365.pdf,Dirección de la Academia de Lenguas Indígenas,Lucero Salas Pérez,,2025-12-31T00:00:00Z,El Instituto Poblano de los Pueblos Indígenas informa que respecto a la columna “Edad (en su caso)” se encuentra vacía ya que no se cuenta con la información.,Xerany,Zaragoza,Carmona,"A Participar en los Proyectos Nido de Lenguas, Paisaje Lingüístico y Promotores Lingüísticos para la Difusión y Conservación de las Lenguas Indígenas del Componente 4 ""Promoción de Acciones sobre Lenguas Indígenas, Derechos Lingüísticos, Formación de Intérpretes y Traductores”, Vertiente “Proyectos de Revitalización de las Lenguas Indígenas: Apoyo a Grupos Comunitarios Interesados en Implementar el Proyecto Nido de Lenguas”",Mujer,Mujer cisgénero,2025-08-01T00:00:00Z,1700,1700,Puebla,,
2025,2025-10-01T00:00:00Z,2025-12-31T00:00:00Z,Local,Programas de servicios,Programa para el Desarrollo Integral de los Pueblos Indígenas (E088),"A Participar en los Proyectos Nido de Lenguas, Paisaje Lingüístico y Promotores Lingüísticos para la Difusión y Conservación de las Lenguas Indígenas del Componente 4 ""Promoción de Acciones sobre Lenguas Indígenas, Derechos Lingüísticos, Formación de Intérpretes y Traductores”, Vertiente “Proyectos de Revitalización de las Lenguas Indígenas: Apoyo a Grupos Comunitarios Interesados en Implementar el Proyecto Nido de Lenguas”",https://transparencia.puebla.gob.mx/docs2024/adjuntos/43/1228_1768850261_01873105e3f2cb1f2f62596510cd6365.pdf,Dirección de la Academia de Lenguas Indígenas,Lucero Salas Pérez,,2025-12-31T00:00:00Z,El Instituto Poblano de los Pueblos Indígenas informa que respecto a la columna “Edad (en su caso)” se encuentra vacía ya que no se cuenta con la información.,Francisco,Rodríguez,,"A Participar en los Proyectos Nido de Lenguas, Paisaje Lingüístico y Promotores Lingüísticos para la Difusión y Conservación de las Lenguas Indígenas del Componente 4 ""Promoción de Acciones sobre Lenguas Indígenas, Derechos Lingüísticos, Formación de Intérpretes y Traductores”, Vertiente “Proyectos de Revitalización de las Lenguas Indígenas: Apoyo a Grupos Comunitarios Interesados en Implementar el Proyecto Nido de Lenguas”",Hombre,Hombre cisgénero,2025-08-01T00:00:00Z,10000,10000,Puebla,,
2025,2025-10-01T00:00:00Z,2025-12-31T00:00:00Z,Local,Programas de servicios,Programa para el Desarrollo Integral de los Pueblos Indígenas (E088),"A Participar en los Proyectos Nido de Lenguas, Paisaje Lingüístico y Promotores Lingüísticos para la Difusión y Conservación de las Lenguas Indígenas del Componente 4 ""Promoción de Acciones sobre Lenguas Indígenas, Derechos Lingüísticos, Formación de Intérpretes y Traductores”, Vertiente “Proyectos de Revitalización de las Lenguas Indígenas: Apoyo a Grupos Comunitarios Interesados en Implementar el Proyecto Nido de Lenguas”",https://transparencia.puebla.gob.mx/docs2024/adjuntos/43/1228_1768850261_01873105e3f2cb1f2f62596510cd6365.pdf,Dirección de la Academia de Lenguas Indígenas,Lucero Salas Pérez,,2025-12-31T00:00:00Z,El Instituto Poblano de los Pueblos Indígenas informa que respecto a la columna “Edad (en su caso)” se encuentra vacía ya que no se cuenta con la información.,Marco,Santiago,Juárez,"A Participar en los Proyectos Nido de Lenguas, Paisaje Lingüístico y Promotores Lingüísticos para la Difusión y Conservación de las Lenguas Indígenas del Componente 4 ""Promoción de Acciones sobre Lenguas Indígenas, Derechos Lingüísticos, Formación de Intérpretes y Traductores”, Vertiente “Proyectos de Revitalización de las Lenguas Indígenas: Apoyo a Grupos Comunitarios Interesados en Implementar el Proyecto Nido de Lenguas”",Hombre,Hombre cisgénero,2025-08-01T00:00:00Z,10000,10000,Puebla,,
2025,2025-10-01T00:00:00Z,2025-12-31T00:00:00Z,Local,Programas de servicios,Programa para el Desarrollo Integral de los Pueblos Indígenas (E088),"A Participar en los Proyectos Nido de Lenguas, Paisaje Lingüístico y Promotores Lingüísticos para la Difusión y Conservación de las Lenguas Indígenas del Componente 4 ""Promoción de Acciones sobre Lenguas Indígenas, Derechos Lingüísticos, Formación de Intérpretes y Traductores”, Vertiente “Proyectos de Revitalización de las Lenguas Indígenas: Apoyo a Grupos Comunitarios Interesados en Implementar el Proyecto Nido de Lenguas”",https://transparencia.puebla.gob.mx/docs2024/adjuntos/43/1228_1768850261_01873105e3f2cb1f2f62596510cd6365.pdf,Dirección de la Academia de Lenguas Indígenas,Lucero Salas Pérez,,2025-12-31T00:00:00Z,El Instituto Poblano de los Pueblos Indígenas informa que respecto a la columna “Edad (en su caso)” se encuentra vacía ya que no se cuenta con la información.,Flor Itzel,Vargas,González,"A Participar en los Proyectos Nido de Lenguas, Paisaje Lingüístico y Promotores Lingüísticos para la Difusión y Conservación de las Lenguas Indígenas del Componente 4 ""Promoción de Acciones sobre Lenguas Indígenas, Derechos Lingüísticos, Formación de Intérpretes y Traductores”, Vertiente “Proyectos de Revitalización de las Lenguas Indígenas: Apoyo a Grupos Comunitarios Interesados en Implementar el Proyecto Nido de Lenguas”",Mujer,Mujer cisgénero,2025-08-01T00:00:00Z,1700,1700,Puebla,,
2025,2025-10-01T00:00:00Z,2025-12-31T00:00:00Z,Local,Programas de servicios,Programa para el Desarrollo Integral de los Pueblos Indígenas (E088),"A Participar en los Proyectos Nido de Lenguas, Paisaje Lingüístico y Promotores Lingüísticos para la Difusión y Conservación de las Lenguas Indígenas del Componente 4 ""Promoción de Acciones sobre Lenguas Indígenas, Derechos Lingüísticos, Formación de Intérpretes y Traductores”, Vertiente “Proyectos de Revitalización de las Lenguas Indígenas: Apoyo a Grupos Comunitarios Interesados en Implementar el Proyecto Nido de Lenguas”",https://transparencia.puebla.gob.mx/docs2024/adjuntos/43/1228_1768850261_01873105e3f2cb1f2f62596510cd6365.pdf,Dirección de la Academia de Lenguas Indígenas,Lucero Salas Pérez,,2025-12-31T00:00:00Z,El Instituto Poblano de los Pueblos Indígenas informa que respecto a la columna “Edad (en su caso)” se encuentra vacía ya que no se cuenta con la información.,Ayde Lizeth,Agustín,Nicolás,"A Participar en los Proyectos Nido de Lenguas, Paisaje Lingüístico y Promotores Lingüísticos para la Difusión y Conservación de las Lenguas Indígenas del Componente 4 ""Promoción de Acciones sobre Lenguas Indígenas, Derechos Lingüísticos, Formación de Intérpretes y Traductores”, Vertiente “Proyectos de Revitalización de las Lenguas Indígenas: Apoyo a Grupos Comunitarios Interesados en Implementar el Proyecto Nido de Lenguas”",Mujer,Mujer cisgénero,2025-08-01T00:00:00Z,1700,1700,Puebla,,
2025,2025-10-01T00:00:00Z,2025-12-31T00:00:00Z,Local,Programas de servicios,Programa para el Desarrollo Integral de los Pueblos Indígenas (E088),"A Participar en los Proyectos Nido de Lenguas, Paisaje Lingüístico y Promotores Lingüísticos para la Difusión y Conservación de las Lenguas Indígenas del Componente 4 ""Promoción de Acciones sobre Lenguas Indígenas, Derechos Lingüísticos, Formación de Intérpretes y Traductores”, Vertiente “Proyectos de Revitalización de las Lenguas Indígenas: Apoyo a Grupos Comunitarios Interesados en Implementar el Proyecto Nido de Lenguas”",https://transparencia.puebla.gob.mx/docs2024/adjuntos/43/1228_1768850261_01873105e3f2cb1f2f62596510cd6365.pdf,Dirección de la Academia de Lenguas Indígenas,Lucero Salas Pérez,,2025-12-31T00:00:00Z,El Instituto Poblano de los Pueblos Indígenas informa que respecto a la columna “Edad (en su caso)” se encuentra vacía ya que no se cuenta con la información.,Nancy,Rodríguez,Márquez,"A Participar en los Proyectos Nido de Lenguas, Paisaje Lingüístico y Promotores Lingüísticos para la Difusión y Conservación de las Lenguas Indígenas del Componente 4 ""Promoción de Acciones sobre Lenguas Indígenas, Derechos Lingüísticos, Formación de Intérpretes y Traductores”, Vertiente “Proyectos de Revitalización de las Lenguas Indígenas: Apoyo a Grupos Comunitarios Interesados en Implementar el Proyecto Nido de Lenguas”",Mujer,Mujer cisgénero,2025-08-01T00:00:00Z,1700,1700,Puebla,,
2025,2025-10-01T00:00:00Z,2025-12-31T00:00:00Z,Local,Programas de servicios,Programa para el Desarrollo Integral de los Pueblos Indígenas (E088),"A Participar en los Proyectos Nido de Lenguas, Paisaje Lingüístico y Promotores Lingüísticos para la Difusión y Conservación de las Lenguas Indígenas del Componente 4 ""Promoción de Acciones sobre Lenguas Indígenas, Derechos Lingüísticos, Formación de Intérpretes y Traductores”, Vertiente “Proyectos de Revitalización de las Lenguas Indígenas: Apoyo a Grupos Comunitarios Interesados en Implementar el Proyecto Nido de Lenguas”",https://transparencia.puebla.gob.mx/docs2024/adjuntos/43/1228_1768850261_01873105e3f2cb1f2f62596510cd6365.pdf,Dirección de la Academia de Lenguas Indígenas,Lucero Salas Pérez,,2025-12-31T00:00:00Z,El Instituto Poblano de los Pueblos Indígenas informa que respecto a la columna “Edad (en su caso)” se encuentra vacía ya que no se cuenta con la información.,Catalina,Flores,Gabriel,"A Participar en los Proyectos Nido de Lenguas, Paisaje Lingüístico y Promotores Lingüísticos para la Difusión y Conservación de las Lenguas Indígenas del Componente 4 ""Promoción de Acciones sobre Lenguas Indígenas, Derechos Lingüísticos, Formación de Intérpretes y Traductores”, Vertiente “Proyectos de Revitalización de las Lenguas Indígenas: Apoyo a Grupos Comunitarios Interesados en Implementar el Proyecto Nido de Lenguas”",Mujer,Mujer cisgénero,2025-08-01T00:00:00Z,1700,1700,Puebla,,
2025,2025-10-01T00:00:00Z,2025-12-31T00:00:00Z,Local,Programas de servicios,Programa para el Desarrollo Integral de los Pueblos Indígenas (E088),"A Participar en los Proyectos Nido de Lenguas, Paisaje Lingüístico y Promotores Lingüísticos para la Difusión y Conservación de las Lenguas Indígenas del Componente 4 ""Promoción de Acciones sobre Lenguas Indígenas, Derechos Lingüísticos, Formación de Intérpretes y Traductores”, Vertiente “Proyectos de Revitalización de las Lenguas Indígenas: Apoyo a Grupos Comunitarios Interesados en Implementar el Proyecto Nido de Lenguas”",https://transparencia.puebla.gob.mx/docs2024/adjuntos/43/1228_1768850261_01873105e3f2cb1f2f62596510cd6365.pdf,Dirección de la Academia de Lenguas Indígenas,Lucero Salas Pérez,,2025-12-31T00:00:00Z,El Instituto Poblano de los Pueblos Indígenas informa que respecto a la columna “Edad (en su caso)” se encuentra vacía ya que no se cuenta con la información.,Alondra Cristal,Varillas,Varillas,"A Participar en los Proyectos Nido de Lenguas, Paisaje Lingüístico y Promotores Lingüísticos para la Difusión y Conservación de las Lenguas Indígenas del Componente 4 ""Promoción de Acciones sobre Lenguas Indígenas, Derechos Lingüísticos, Formación de Intérpretes y Traductores”, Vertiente “Proyectos de Revitalización de las Lenguas Indígenas: Apoyo a Grupos Comunitarios Interesados en Implementar el Proyecto Nido de Lenguas”",Mujer,Mujer cisgénero,2025-08-01T00:00:00Z,1700,1700,Puebla,,
2025,2025-10-01T00:00:00Z,2025-12-31T00:00:00Z,Local,Programas de servicios,Programa para el Desarrollo Integral de los Pueblos Indígenas (E088),"A Participar en los Proyectos Nido de Lenguas, Paisaje Lingüístico y Promotores Lingüísticos para la Difusión y Conservación de las Lenguas Indígenas del Componente 4 ""Promoción de Acciones sobre Lenguas Indígenas, Derechos Lingüísticos, Formación de Intérpretes y Traductores”, Vertiente “Proyectos de Revitalización de las Lenguas Indígenas: Apoyo a Grupos Comunitarios Interesados en Implementar el Proyecto Nido de Lenguas”",https://transparencia.puebla.gob.mx/docs2024/adjuntos/43/1228_1768850261_01873105e3f2cb1f2f62596510cd6365.pdf,Dirección de la Academia de Lenguas Indígenas,Lucero Salas Pérez,,2025-12-31T00:00:00Z,El Instituto Poblano de los Pueblos Indígenas informa que respecto a la columna “Edad (en su caso)” se encuentra vacía ya que no se cuenta con la información.,Jimena,Varillas,Varillas,"A Participar en los Proyectos Nido de Lenguas, Paisaje Lingüístico y Promotores Lingüísticos para la Difusión y Conservación de las Lenguas Indígenas del Componente 4 ""Promoción de Acciones sobre Lenguas Indígenas, Derechos Lingüísticos, Formación de Intérpretes y Traductores”, Vertiente “Proyectos de Revitalización de las Lenguas Indígenas: Apoyo a Grupos Comunitarios Interesados en Implementar el Proyecto Nido de Lenguas”",Mujer,Mujer cisgénero,2025-08-01T00:00:00Z,1700,1700,Puebla,,
2025,2025-10-01T00:00:00Z,2025-12-31T00:00:00Z,Local,Programas de servicios,Programa para el Desarrollo Integral de los Pueblos Indígenas (E088),"A Participar en los Proyectos Nido de Lenguas, Paisaje Lingüístico y Promotores Lingüísticos para la Difusión y Conservación de las Lenguas Indígenas del Componente 4 ""Promoción de Acciones sobre Lenguas Indígenas, Derechos Lingüísticos, Formación de Intérpretes y Traductores”, Vertiente “Proyectos de Revitalización de las Lenguas Indígenas: Apoyo a Grupos Comunitarios Interesados en Implementar el Proyecto Nido de Lenguas”",https://transparencia.puebla.gob.mx/docs2024/adjuntos/43/1228_1768850261_01873105e3f2cb1f2f62596510cd6365.pdf,Dirección de la Academia de Lenguas Indígenas,Lucero Salas Pérez,,2025-12-31T00:00:00Z,El Instituto Poblano de los Pueblos Indígenas informa que respecto a la columna “Edad (en su caso)” se encuentra vacía ya que no se cuenta con la información.,Gael,Victoria,Gutiérrez,"A Participar en los Proyectos Nido de Lenguas, Paisaje Lingüístico y Promotores Lingüísticos para la Difusión y Conservación de las Lenguas Indígenas del Componente 4 ""Promoción de Acciones sobre Lenguas Indígenas, Derechos Lingüísticos, Formación de Intérpretes y Traductores”, Vertiente “Proyectos de Revitalización de las Lenguas Indígenas: Apoyo a Grupos Comunitarios Interesados en Implementar el Proyecto Nido de Lenguas”",Hombre,Hombre cisgénero,2025-08-01T00:00:00Z,1700,1700,Puebla,,
2025,2025-10-01T00:00:00Z,2025-12-31T00:00:00Z,Local,Programas de servicios,Programa para el Desarrollo Integral de los Pueblos Indígenas (E088),"A Participar en los Proyectos Nido de Lenguas, Paisaje Lingüístico y Promotores Lingüísticos para la Difusión y Conservación de las Lenguas Indígenas del Componente 4 ""Promoción de Acciones sobre Lenguas Indígenas, Derechos Lingüísticos, Formación de Intérpretes y Traductores”, Vertiente “Proyectos de Revitalización de las Lenguas Indígenas: Apoyo a Grupos Comunitarios Interesados en Implementar el Proyecto Nido de Lenguas”",https://transparencia.puebla.gob.mx/docs2024/adjuntos/43/1228_1768850261_01873105e3f2cb1f2f62596510cd6365.pdf,Dirección de la Academia de Lenguas Indígenas,Lucero Salas Pérez,,2025-12-31T00:00:00Z,El Instituto Poblano de los Pueblos Indígenas informa que respecto a la columna “Edad (en su caso)” se encuentra vacía ya que no se cuenta con la información.,Sofia,Varillas,Varillas,"A Participar en los Proyectos Nido de Lenguas, Paisaje Lingüístico y Promotores Lingüísticos para la Difusión y Conservación de las Lenguas Indígenas del Componente 4 ""Promoción de Acciones sobre Lenguas Indígenas, Derechos Lingüísticos, Formación de Intérpretes y Traductores”, Vertiente “Proyectos de Revitalización de las Lenguas Indígenas: Apoyo a Grupos Comunitarios Interesados en Implementar el Proyecto Nido de Lenguas”",Mujer,Mujer cisgénero,2025-08-01T00:00:00Z,1700,1700,Puebla,,
2025,2025-10-01T00:00:00Z,2025-12-31T00:00:00Z,Local,Programas de servicios,Programa para el Desarrollo Integral de los Pueblos Indígenas (E088),"A Participar en los Proyectos Nido de Lenguas, Paisaje Lingüístico y Promotores Lingüísticos para la Difusión y Conservación de las Lenguas Indígenas del Componente 4 ""Promoción de Acciones sobre Lenguas Indígenas, Derechos Lingüísticos, Formación de Intérpretes y Traductores”, Vertiente “Proyectos de Revitalización de las Lenguas Indígenas: Apoyo a Grupos Comunitarios Interesados en Implementar el Proyecto Nido de Lenguas”",https://transparencia.puebla.gob.mx/docs2024/adjuntos/43/1228_1768850261_01873105e3f2cb1f2f62596510cd6365.pdf,Dirección de la Academia de Lenguas Indígenas,Lucero Salas Pérez,,2025-12-31T00:00:00Z,El Instituto Poblano de los Pueblos Indígenas informa que respecto a la columna “Edad (en su caso)” se encuentra vacía ya que no se cuenta con la información.,Candi Michelle,Melchor,López,"A Participar en los Proyectos Nido de Lenguas, Paisaje Lingüístico y Promotores Lingüísticos para la Difusión y Conservación de las Lenguas Indígenas del Componente 4 ""Promoción de Acciones sobre Lenguas Indígenas, Derechos Lingüísticos, Formación de Intérpretes y Traductores”, Vertiente “Proyectos de Revitalización de las Lenguas Indígenas: Apoyo a Grupos Comunitarios Interesados en Implementar el Proyecto Nido de Lenguas”",Mujer,Mujer cisgénero,2025-08-01T00:00:00Z,1700,1700,Puebla,,
2025,2025-10-01T00:00:00Z,2025-12-31T00:00:00Z,Local,Programas de servicios,Programa para el Desarrollo Integral de los Pueblos Indígenas (E088),"A Participar en los Proyectos Nido de Lenguas, Paisaje Lingüístico y Promotores Lingüísticos para la Difusión y Conservación de las Lenguas Indígenas del Componente 4 ""Promoción de Acciones sobre Lenguas Indígenas, Derechos Lingüísticos, Formación de Intérpretes y Traductores”, Vertiente “Proyectos de Revitalización de las Lenguas Indígenas: Apoyo a Grupos Comunitarios Interesados en Implementar el Proyecto Nido de Lenguas”",https://transparencia.puebla.gob.mx/docs2024/adjuntos/43/1228_1768850261_01873105e3f2cb1f2f62596510cd6365.pdf,Dirección de la Academia de Lenguas Indígenas,Lucero Salas Pérez,,2025-12-31T00:00:00Z,El Instituto Poblano de los Pueblos Indígenas informa que respecto a la columna “Edad (en su caso)” se encuentra vacía ya que no se cuenta con la información.,Salvador,García,Sánchez,"A Participar en los Proyectos Nido de Lenguas, Paisaje Lingüístico y Promotores Lingüísticos para la Difusión y Conservación de las Lenguas Indígenas del Componente 4 ""Promoción de Acciones sobre Lenguas Indígenas, Derechos Lingüísticos, Formación de Intérpretes y Traductores”, Vertiente “Proyectos de Revitalización de las Lenguas Indígenas: Apoyo a Grupos Comunitarios Interesados en Implementar el Proyecto Nido de Lenguas”",Hombre,Hombre cisgénero,2025-08-01T00:00:00Z,10000,10000,Puebla,,
2025,2025-10-01T00:00:00Z,2025-12-31T00:00:00Z,Local,Programas de servicios,Programa para el Desarrollo Integral de los Pueblos Indígenas (E088),"A Participar en los Proyectos Nido de Lenguas, Paisaje Lingüístico y Promotores Lingüísticos para la Difusión y Conservación de las Lenguas Indígenas del Componente 4 ""Promoción de Acciones sobre Lenguas Indígenas, Derechos Lingüísticos, Formación de Intérpretes y Traductores”, Vertiente “Proyectos de Revitalización de las Lenguas Indígenas: Apoyo a Grupos Comunitarios Interesados en Implementar el Proyecto Nido de Lenguas”",https://transparencia.puebla.gob.mx/docs2024/adjuntos/43/1228_1768850261_01873105e3f2cb1f2f62596510cd6365.pdf,Dirección de la Academia de Lenguas Indígenas,Lucero Salas Pérez,,2025-12-31T00:00:00Z,El Instituto Poblano de los Pueblos Indígenas informa que respecto a la columna “Edad (en su caso)” se encuentra vacía ya que no se cuenta con la información.,Erika,Nava,Ramírez,"A Participar en los Proyectos Nido de Lenguas, Paisaje Lingüístico y Promotores Lingüísticos para la Difusión y Conservación de las Lenguas Indígenas del Componente 4 ""Promoción de Acciones sobre Lenguas Indígenas, Derechos Lingüísticos, Formación de Intérpretes y Traductores”, Vertiente “Proyectos de Revitalización de las Lenguas Indígenas: Apoyo a Grupos Comunitarios Interesados en Implementar el Proyecto Nido de Lenguas”",Mujer,Mujer cisgénero,2025-08-01T00:00:00Z,10000,10000,Puebla,,
2025,2025-10-01T00:00:00Z,2025-12-31T00:00:00Z,Local,Programas de servicios,Programa para el Desarrollo Integral de los Pueblos Indígenas (E088),"A Participar en los Proyectos Nido de Lenguas, Paisaje Lingüístico y Promotores Lingüísticos para la Difusión y Conservación de las Lenguas Indígenas del Componente 4 ""Promoción de Acciones sobre Lenguas Indígenas, Derechos Lingüísticos, Formación de Intérpretes y Traductores”, Vertiente “Proyectos de Revitalización de las Lenguas Indígenas: Apoyo a Grupos Comunitarios Interesados en Implementar el Proyecto Nido de Lenguas”",https://transparencia.puebla.gob.mx/docs2024/adjuntos/43/1228_1768850261_01873105e3f2cb1f2f62596510cd6365.pdf,Dirección de la Academia de Lenguas Indígenas,Lucero Salas Pérez,,2025-12-31T00:00:00Z,El Instituto Poblano de los Pueblos Indígenas informa que respecto a la columna “Edad (en su caso)” se encuentra vacía ya que no se cuenta con la información.,Melisa,Aparicio,Santiago,"A Participar en los Proyectos Nido de Lenguas, Paisaje Lingüístico y Promotores Lingüísticos para la Difusión y Conservación de las Lenguas Indígenas del Componente 4 ""Promoción de Acciones sobre Lenguas Indígenas, Derechos Lingüísticos, Formación de Intérpretes y Traductores”, Vertiente “Proyectos de Revitalización de las Lenguas Indígenas: Apoyo a Grupos Comunitarios Interesados en Implementar el Proyecto Nido de Lenguas”",Mujer,Mujer cisgénero,2025-08-01T00:00:00Z,1700,1700,Puebla,,
2025,2025-10-01T00:00:00Z,2025-12-31T00:00:00Z,Local,Programas de servicios,Programa para el Desarrollo Integral de los Pueblos Indígenas (E088),"A Participar en los Proyectos Nido de Lenguas, Paisaje Lingüístico y Promotores Lingüísticos para la Difusión y Conservación de las Lenguas Indígenas del Componente 4 ""Promoción de Acciones sobre Lenguas Indígenas, Derechos Lingüísticos, Formación de Intérpretes y Traductores”, Vertiente “Proyectos de Revitalización de las Lenguas Indígenas: Apoyo a Grupos Comunitarios Interesados en Implementar el Proyecto Nido de Lenguas”",https://transparencia.puebla.gob.mx/docs2024/adjuntos/43/1228_1768850261_01873105e3f2cb1f2f62596510cd6365.pdf,Dirección de la Academia de Lenguas Indígenas,Lucero Salas Pérez,,2025-12-31T00:00:00Z,El Instituto Poblano de los Pueblos Indígenas informa que respecto a la columna “Edad (en su caso)” se encuentra vacía ya que no se cuenta con la información.,Diego Eduardo,Sarmiento,Pérez,"A Participar en los Proyectos Nido de Lenguas, Paisaje Lingüístico y Promotores Lingüísticos para la Difusión y Conservación de las Lenguas Indígenas del Componente 4 ""Promoción de Acciones sobre Lenguas Indígenas, Derechos Lingüísticos, Formación de Intérpretes y Traductores”, Vertiente “Proyectos de Revitalización de las Lenguas Indígenas: Apoyo a Grupos Comunitarios Interesados en Implementar el Proyecto Nido de Lenguas”",Hombre,Hombre cisgénero,2025-08-01T00:00:00Z,1700,1700,Puebla,,
2025,2025-10-01T00:00:00Z,2025-12-31T00:00:00Z,Local,Programas de servicios,Programa para el Desarrollo Integral de los Pueblos Indígenas (E088),"A Participar en los Proyectos Nido de Lenguas, Paisaje Lingüístico y Promotores Lingüísticos para la Difusión y Conservación de las Lenguas Indígenas del Componente 4 ""Promoción de Acciones sobre Lenguas Indígenas, Derechos Lingüísticos, Formación de Intérpretes y Traductores”, Vertiente “Proyectos de Revitalización de las Lenguas Indígenas: Apoyo a Grupos Comunitarios Interesados en Implementar el Proyecto Nido de Lenguas”",https://transparencia.puebla.gob.mx/docs2024/adjuntos/43/1228_1768850261_01873105e3f2cb1f2f62596510cd6365.pdf,Dirección de la Academia de Lenguas Indígenas,Lucero Salas Pérez,,2025-12-31T00:00:00Z,El Instituto Poblano de los Pueblos Indígenas informa que respecto a la columna “Edad (en su caso)” se encuentra vacía ya que no se cuenta con la información.,Jonathan Manuel,Cortés,García,"A Participar en los Proyectos Nido de Lenguas, Paisaje Lingüístico y Promotores Lingüísticos para la Difusión y Conservación de las Lenguas Indígenas del Componente 4 ""Promoción de Acciones sobre Lenguas Indígenas, Derechos Lingüísticos, Formación de Intérpretes y Traductores”, Vertiente “Proyectos de Revitalización de las Lenguas Indígenas: Apoyo a Grupos Comunitarios Interesados en Implementar el Proyecto Nido de Lenguas”",Hombre,Hombre cisgénero,2025-08-01T00:00:00Z,1700,1700,Puebla,,
2025,2025-10-01T00:00:00Z,2025-12-31T00:00:00Z,Local,Programas de servicios,Programa para el Desarrollo Integral de los Pueblos Indígenas (E088),"A Participar en los Proyectos Nido de Lenguas, Paisaje Lingüístico y Promotores Lingüísticos para la Difusión y Conservación de las Lenguas Indígenas del Componente 4 ""Promoción de Acciones sobre Lenguas Indígenas, Derechos Lingüísticos, Formación de Intérpretes y Traductores”, Vertiente “Proyectos de Revitalización de las Lenguas Indígenas: Apoyo a Grupos Comunitarios Interesados en Implementar el Proyecto Nido de Lenguas”",https://transparencia.puebla.gob.mx/docs2024/adjuntos/43/1228_1768850261_01873105e3f2cb1f2f62596510cd6365.pdf,Dirección de la Academia de Lenguas Indígenas,Lucero Salas Pérez,,2025-12-31T00:00:00Z,El Instituto Poblano de los Pueblos Indígenas informa que respecto a la columna “Edad (en su caso)” se encuentra vacía ya que no se cuenta con la información.,Yoselin Guadalupe,Gutiérrez,Espinoza,"A Participar en los Proyectos Nido de Lenguas, Paisaje Lingüístico y Promotores Lingüísticos para la Difusión y Conservación de las Lenguas Indígenas del Componente 4 ""Promoción de Acciones sobre Lenguas Indígenas, Derechos Lingüísticos, Formación de Intérpretes y Traductores”, Vertiente “Proyectos de Revitalización de las Lenguas Indígenas: Apoyo a Grupos Comunitarios Interesados en Implementar el Proyecto Nido de Lenguas”",Mujer,Mujer cisgénero,2025-08-01T00:00:00Z,1700,1700,Puebla,,
2025,2025-10-01T00:00:00Z,2025-12-31T00:00:00Z,Local,Programas de servicios,Programa para el Desarrollo Integral de los Pueblos Indígenas (E088),"A Participar en los Proyectos Nido de Lenguas, Paisaje Lingüístico y Promotores Lingüísticos para la Difusión y Conservación de las Lenguas Indígenas del Componente 4 ""Promoción de Acciones sobre Lenguas Indígenas, Derechos Lingüísticos, Formación de Intérpretes y Traductores”, Vertiente “Proyectos de Revitalización de las Lenguas Indígenas: Apoyo a Grupos Comunitarios Interesados en Implementar el Proyecto Nido de Lenguas”",https://transparencia.puebla.gob.mx/docs2024/adjuntos/43/1228_1768850261_01873105e3f2cb1f2f62596510cd6365.pdf,Dirección de la Academia de Lenguas Indígenas,Lucero Salas Pérez,,2025-12-31T00:00:00Z,El Instituto Poblano de los Pueblos Indígenas informa que respecto a la columna “Edad (en su caso)” se encuentra vacía ya que no se cuenta con la información.,Alonso Reyes,Juárez,Juárez,"A Participar en los Proyectos Nido de Lenguas, Paisaje Lingüístico y Promotores Lingüísticos para la Difusión y Conservación de las Lenguas Indígenas del Componente 4 ""Promoción de Acciones sobre Lenguas Indígenas, Derechos Lingüísticos, Formación de Intérpretes y Traductores”, Vertiente “Proyectos de Revitalización de las Lenguas Indígenas: Apoyo a Grupos Comunitarios Interesados en Implementar el Proyecto Nido de Lenguas”",Hombre,Hombre cisgénero,2025-08-01T00:00:00Z,1700,1700,Puebla,,
2025,2025-10-01T00:00:00Z,2025-12-31T00:00:00Z,Local,Programas de servicios,Programa para el Desarrollo Integral de los Pueblos Indígenas (E088),"A Participar en los Proyectos Nido de Lenguas, Paisaje Lingüístico y Promotores Lingüísticos para la Difusión y Conservación de las Lenguas Indígenas del Componente 4 ""Promoción de Acciones sobre Lenguas Indígenas, Derechos Lingüísticos, Formación de Intérpretes y Traductores”, Vertiente “Proyectos de Revitalización de las Lenguas Indígenas: Apoyo a Grupos Comunitarios Interesados en Implementar el Proyecto Nido de Lenguas”",https://transparencia.puebla.gob.mx/docs2024/adjuntos/43/1228_1768850261_01873105e3f2cb1f2f62596510cd6365.pdf,Dirección de la Academia de Lenguas Indígenas,Lucero Salas Pérez,,2025-12-31T00:00:00Z,El Instituto Poblano de los Pueblos Indígenas informa que respecto a la columna “Edad (en su caso)” se encuentra vacía ya que no se cuenta con la información.,Bernardo,Cruz,Pérez,"A Participar en los Proyectos Nido de Lenguas, Paisaje Lingüístico y Promotores Lingüísticos para la Difusión y Conservación de las Lenguas Indígenas del Componente 4 ""Promoción de Acciones sobre Lenguas Indígenas, Derechos Lingüísticos, Formación de Intérpretes y Traductores”, Vertiente “Proyectos de Revitalización de las Lenguas Indígenas: Apoyo a Grupos Comunitarios Interesados en Implementar el Proyecto Nido de Lenguas”",Hombre,Hombre cisgénero,2025-08-01T00:00:00Z,10000,10000,Puebla,,
2025,2025-10-01T00:00:00Z,2025-12-31T00:00:00Z,Local,Programas de servicios,Programa para el Desarrollo Integral de los Pueblos Indígenas (E088),"A Participar en los Proyectos Nido de Lenguas, Paisaje Lingüístico y Promotores Lingüísticos para la Difusión y Conservación de las Lenguas Indígenas del Componente 4 ""Promoción de Acciones sobre Lenguas Indígenas, Derechos Lingüísticos, Formación de Intérpretes y Traductores”, Vertiente “Proyectos de Revitalización de las Lenguas Indígenas: Apoyo a Grupos Comunitarios Interesados en Implementar el Proyecto Nido de Lenguas”",https://transparencia.puebla.gob.mx/docs2024/adjuntos/43/1228_1768850261_01873105e3f2cb1f2f62596510cd6365.pdf,Dirección de la Academia de Lenguas Indígenas,Lucero Salas Pérez,,2025-12-31T00:00:00Z,El Instituto Poblano de los Pueblos Indígenas informa que respecto a la columna “Edad (en su caso)” se encuentra vacía ya que no se cuenta con la información.,Grettel,Gaona,Luna,"A Participar en los Proyectos Nido de Lenguas, Paisaje Lingüístico y Promotores Lingüísticos para la Difusión y Conservación de las Lenguas Indígenas del Componente 4 ""Promoción de Acciones sobre Lenguas Indígenas, Derechos Lingüísticos, Formación de Intérpretes y Traductores”, Vertiente “Proyectos de Revitalización de las Lenguas Indígenas: Apoyo a Grupos Comunitarios Interesados en Implementar el Proyecto Nido de Lenguas”",Mujer,Mujer cisgénero,2025-08-01T00:00:00Z,1700,1700,Puebla,,
2025,2025-10-01T00:00:00Z,2025-12-31T00:00:00Z,Local,Programas de servicios,Programa para el Desarrollo Integral de los Pueblos Indígenas (E088),"A Participar en los Proyectos Nido de Lenguas, Paisaje Lingüístico y Promotores Lingüísticos para la Difusión y Conservación de las Lenguas Indígenas del Componente 4 ""Promoción de Acciones sobre Lenguas Indígenas, Derechos Lingüísticos, Formación de Intérpretes y Traductores”, Vertiente “Proyectos de Revitalización de las Lenguas Indígenas: Apoyo a Grupos Comunitarios Interesados en Implementar el Proyecto Nido de Lenguas”",https://transparencia.puebla.gob.mx/docs2024/adjuntos/43/1228_1768850261_01873105e3f2cb1f2f62596510cd6365.pdf,Dirección de la Academia de Lenguas Indígenas,Lucero Salas Pérez,,2025-12-31T00:00:00Z,El Instituto Poblano de los Pueblos Indígenas informa que respecto a la columna “Edad (en su caso)” se encuentra vacía ya que no se cuenta con la información.,Regina,Flores,González,"A Participar en los Proyectos Nido de Lenguas, Paisaje Lingüístico y Promotores Lingüísticos para la Difusión y Conservación de las Lenguas Indígenas del Componente 4 ""Promoción de Acciones sobre Lenguas Indígenas, Derechos Lingüísticos, Formación de Intérpretes y Traductores”, Vertiente “Proyectos de Revitalización de las Lenguas Indígenas: Apoyo a Grupos Comunitarios Interesados en Implementar el Proyecto Nido de Lenguas”",Mujer,Mujer cisgénero,2025-08-01T00:00:00Z,1700,1700,Puebla,,
2025,2025-10-01T00:00:00Z,2025-12-31T00:00:00Z,Local,Programas de servicios,Programa para el Desarrollo Integral de los Pueblos Indígenas (E088),"A Participar en los Proyectos Nido de Lenguas, Paisaje Lingüístico y Promotores Lingüísticos para la Difusión y Conservación de las Lenguas Indígenas del Componente 4 ""Promoción de Acciones sobre Lenguas Indígenas, Derechos Lingüísticos, Formación de Intérpretes y Traductores”, Vertiente “Proyectos de Revitalización de las Lenguas Indígenas: Apoyo a Grupos Comunitarios Interesados en Implementar el Proyecto Nido de Lenguas”",https://transparencia.puebla.gob.mx/docs2024/adjuntos/43/1228_1768850261_01873105e3f2cb1f2f62596510cd6365.pdf,Dirección de la Academia de Lenguas Indígenas,Lucero Salas Pérez,,2025-12-31T00:00:00Z,El Instituto Poblano de los Pueblos Indígenas informa que respecto a la columna “Edad (en su caso)” se encuentra vacía ya que no se cuenta con la información.,Andrea Fernanda,Aguilar,Valencia,"A Participar en los Proyectos Nido de Lenguas, Paisaje Lingüístico y Promotores Lingüísticos para la Difusión y Conservación de las Lenguas Indígenas del Componente 4 ""Promoción de Acciones sobre Lenguas Indígenas, Derechos Lingüísticos, Formación de Intérpretes y Traductores”, Vertiente “Proyectos de Revitalización de las Lenguas Indígenas: Apoyo a Grupos Comunitarios Interesados en Implementar el Proyecto Nido de Lenguas”",Mujer,Mujer cisgénero,2025-08-01T00:00:00Z,1700,1700,Puebla,,
2025,2025-10-01T00:00:00Z,2025-12-31T00:00:00Z,Local,Programas de servicios,Programa para el Desarrollo Integral de los Pueblos Indígenas (E088),"A Participar en los Proyectos Nido de Lenguas, Paisaje Lingüístico y Promotores Lingüísticos para la Difusión y Conservación de las Lenguas Indígenas del Componente 4 ""Promoción de Acciones sobre Lenguas Indígenas, Derechos Lingüísticos, Formación de Intérpretes y Traductores”, Vertiente “Proyectos de Revitalización de las Lenguas Indígenas: Apoyo a Grupos Comunitarios Interesados en Implementar el Proyecto Nido de Lenguas”",https://transparencia.puebla.gob.mx/docs2024/adjuntos/43/1228_1768850261_01873105e3f2cb1f2f62596510cd6365.pdf,Dirección de la Academia de Lenguas Indígenas,Lucero Salas Pérez,,2025-12-31T00:00:00Z,El Instituto Poblano de los Pueblos Indígenas informa que respecto a la columna “Edad (en su caso)” se encuentra vacía ya que no se cuenta con la información.,Cecilia Guadalupe,Flores,González,"A Participar en los Proyectos Nido de Lenguas, Paisaje Lingüístico y Promotores Lingüísticos para la Difusión y Conservación de las Lenguas Indígenas del Componente 4 ""Promoción de Acciones sobre Lenguas Indígenas, Derechos Lingüísticos, Formación de Intérpretes y Traductores”, Vertiente “Proyectos de Revitalización de las Lenguas Indígenas: Apoyo a Grupos Comunitarios Interesados en Implementar el Proyecto Nido de Lenguas”",Mujer,Mujer cisgénero,2025-08-01T00:00:00Z,1700,1700,Puebla,,
2025,2025-10-01T00:00:00Z,2025-12-31T00:00:00Z,Local,Programas de servicios,Programa para el Desarrollo Integral de los Pueblos Indígenas (E088),"A Participar en los Proyectos Nido de Lenguas, Paisaje Lingüístico y Promotores Lingüísticos para la Difusión y Conservación de las Lenguas Indígenas del Componente 4 ""Promoción de Acciones sobre Lenguas Indígenas, Derechos Lingüísticos, Formación de Intérpretes y Traductores”, Vertiente “Proyectos de Revitalización de las Lenguas Indígenas: Apoyo a Grupos Comunitarios Interesados en Implementar el Proyecto Nido de Lenguas”",https://transparencia.puebla.gob.mx/docs2024/adjuntos/43/1228_1768850261_01873105e3f2cb1f2f62596510cd6365.pdf,Dirección de la Academia de Lenguas Indígenas,Lucero Salas Pérez,,2025-12-31T00:00:00Z,El Instituto Poblano de los Pueblos Indígenas informa que respecto a la columna “Edad (en su caso)” se encuentra vacía ya que no se cuenta con la información.,Daniela Jaqueline,Vázquez,Domínguez,"A Participar en los Proyectos Nido de Lenguas, Paisaje Lingüístico y Promotores Lingüísticos para la Difusión y Conservación de las Lenguas Indígenas del Componente 4 ""Promoción de Acciones sobre Lenguas Indígenas, Derechos Lingüísticos, Formación de Intérpretes y Traductores”, Vertiente “Proyectos de Revitalización de las Lenguas Indígenas: Apoyo a Grupos Comunitarios Interesados en Implementar el Proyecto Nido de Lenguas”",Mujer,Mujer cisgénero,2025-08-01T00:00:00Z,1700,1700,Puebla,,
2025,2025-10-01T00:00:00Z,2025-12-31T00:00:00Z,Local,Programas de servicios,Programa para el Desarrollo Integral de los Pueblos Indígenas (E088),"A Participar en los Proyectos Nido de Lenguas, Paisaje Lingüístico y Promotores Lingüísticos para la Difusión y Conservación de las Lenguas Indígenas del Componente 4 ""Promoción de Acciones sobre Lenguas Indígenas, Derechos Lingüísticos, Formación de Intérpretes y Traductores”, Vertiente “Proyectos de Revitalización de las Lenguas Indígenas: Apoyo a Grupos Comunitarios Interesados en Implementar el Proyecto Nido de Lenguas”",https://transparencia.puebla.gob.mx/docs2024/adjuntos/43/1228_1768850261_01873105e3f2cb1f2f62596510cd6365.pdf,Dirección de la Academia de Lenguas Indígenas,Lucero Salas Pérez,,2025-12-31T00:00:00Z,El Instituto Poblano de los Pueblos Indígenas informa que respecto a la columna “Edad (en su caso)” se encuentra vacía ya que no se cuenta con la información.,Paola Guadalupe,Vázquez,Domínguez,"A Participar en los Proyectos Nido de Lenguas, Paisaje Lingüístico y Promotores Lingüísticos para la Difusión y Conservación de las Lenguas Indígenas del Componente 4 ""Promoción de Acciones sobre Lenguas Indígenas, Derechos Lingüísticos, Formación de Intérpretes y Traductores”, Vertiente “Proyectos de Revitalización de las Lenguas Indígenas: Apoyo a Grupos Comunitarios Interesados en Implementar el Proyecto Nido de Lenguas”",Mujer,Mujer cisgénero,2025-08-01T00:00:00Z,1700,1700,Puebla,,
2025,2025-10-01T00:00:00Z,2025-12-31T00:00:00Z,Local,Programas de servicios,Programa para el Desarrollo Integral de los Pueblos Indígenas (E088),"A Participar en los Proyectos Nido de Lenguas, Paisaje Lingüístico y Promotores Lingüísticos para la Difusión y Conservación de las Lenguas Indígenas del Componente 4 ""Promoción de Acciones sobre Lenguas Indígenas, Derechos Lingüísticos, Formación de Intérpretes y Traductores”, Vertiente “Proyectos de Revitalización de las Lenguas Indígenas: Apoyo a Grupos Comunitarios Interesados en Implementar el Proyecto Nido de Lenguas”",https://transparencia.puebla.gob.mx/docs2024/adjuntos/43/1228_1768850261_01873105e3f2cb1f2f62596510cd6365.pdf,Dirección de la Academia de Lenguas Indígenas,Lucero Salas Pérez,,2025-12-31T00:00:00Z,El Instituto Poblano de los Pueblos Indígenas informa que respecto a la columna “Edad (en su caso)” se encuentra vacía ya que no se cuenta con la información.,Diana,Pérez,Vargas,"A Participar en los Proyectos Nido de Lenguas, Paisaje Lingüístico y Promotores Lingüísticos para la Difusión y Conservación de las Lenguas Indígenas del Componente 4 ""Promoción de Acciones sobre Lenguas Indígenas, Derechos Lingüísticos, Formación de Intérpretes y Traductores”, Vertiente “Proyectos de Revitalización de las Lenguas Indígenas: Apoyo a Grupos Comunitarios Interesados en Implementar el Proyecto Nido de Lenguas”",Mujer,Mujer cisgénero,2025-08-01T00:00:00Z,10000,10000,Puebla,,
2025,2025-10-01T00:00:00Z,2025-12-31T00:00:00Z,Local,Programas de servicios,Programa para el Desarrollo Integral de los Pueblos Indígenas (E088),"A Participar en los Proyectos Nido de Lenguas, Paisaje Lingüístico y Promotores Lingüísticos para la Difusión y Conservación de las Lenguas Indígenas del Componente 4 ""Promoción de Acciones sobre Lenguas Indígenas, Derechos Lingüísticos, Formación de Intérpretes y Traductores”, Vertiente “Proyectos de Revitalización de las Lenguas Indígenas: Apoyo a Grupos Comunitarios Interesados en Implementar el Proyecto Nido de Lenguas”",https://transparencia.puebla.gob.mx/docs2024/adjuntos/43/1228_1768850261_01873105e3f2cb1f2f62596510cd6365.pdf,Dirección de la Academia de Lenguas Indígenas,Lucero Salas Pérez,,2025-12-31T00:00:00Z,El Instituto Poblano de los Pueblos Indígenas informa que respecto a la columna “Edad (en su caso)” se encuentra vacía ya que no se cuenta con la información.,Diana Karen,Pérez,Francisco,"A Participar en los Proyectos Nido de Lenguas, Paisaje Lingüístico y Promotores Lingüísticos para la Difusión y Conservación de las Lenguas Indígenas del Componente 4 ""Promoción de Acciones sobre Lenguas Indígenas, Derechos Lingüísticos, Formación de Intérpretes y Traductores”, Vertiente “Proyectos de Revitalización de las Lenguas Indígenas: Apoyo a Grupos Comunitarios Interesados en Implementar el Proyecto Nido de Lenguas”",Mujer,Mujer cisgénero,2025-08-01T00:00:00Z,1700,1700,Puebla,,
2025,2025-10-01T00:00:00Z,2025-12-31T00:00:00Z,Local,Programas de servicios,Programa para el Desarrollo Integral de los Pueblos Indígenas (E088),"A Participar en los Proyectos Nido de Lenguas, Paisaje Lingüístico y Promotores Lingüísticos para la Difusión y Conservación de las Lenguas Indígenas del Componente 4 ""Promoción de Acciones sobre Lenguas Indígenas, Derechos Lingüísticos, Formación de Intérpretes y Traductores”, Vertiente “Proyectos de Revitalización de las Lenguas Indígenas: Apoyo a Grupos Comunitarios Interesados en Implementar el Proyecto Nido de Lenguas”",https://transparencia.puebla.gob.mx/docs2024/adjuntos/43/1228_1768850261_01873105e3f2cb1f2f62596510cd6365.pdf,Dirección de la Academia de Lenguas Indígenas,Lucero Salas Pérez,,2025-12-31T00:00:00Z,El Instituto Poblano de los Pueblos Indígenas informa que respecto a la columna “Edad (en su caso)” se encuentra vacía ya que no se cuenta con la información.,Luis Ángel,Cruz,Vargas,"A Participar en los Proyectos Nido de Lenguas, Paisaje Lingüístico y Promotores Lingüísticos para la Difusión y Conservación de las Lenguas Indígenas del Componente 4 ""Promoción de Acciones sobre Lenguas Indígenas, Derechos Lingüísticos, Formación de Intérpretes y Traductores”, Vertiente “Proyectos de Revitalización de las Lenguas Indígenas: Apoyo a Grupos Comunitarios Interesados en Implementar el Proyecto Nido de Lenguas”",Hombre,Hombre cisgénero,2025-08-01T00:00:00Z,1700,1700,Puebla,,
2025,2025-10-01T00:00:00Z,2025-12-31T00:00:00Z,Local,Programas de servicios,Programa para el Desarrollo Integral de los Pueblos Indígenas (E088),"A Participar en los Proyectos Nido de Lenguas, Paisaje Lingüístico y Promotores Lingüísticos para la Difusión y Conservación de las Lenguas Indígenas del Componente 4 ""Promoción de Acciones sobre Lenguas Indígenas, Derechos Lingüísticos, Formación de Intérpretes y Traductores”, Vertiente “Proyectos de Revitalización de las Lenguas Indígenas: Apoyo a Grupos Comunitarios Interesados en Implementar el Proyecto Nido de Lenguas”",https://transparencia.puebla.gob.mx/docs2024/adjuntos/43/1228_1768850261_01873105e3f2cb1f2f62596510cd6365.pdf,Dirección de la Academia de Lenguas Indígenas,Lucero Salas Pérez,,2025-12-31T00:00:00Z,El Instituto Poblano de los Pueblos Indígenas informa que respecto a la columna “Edad (en su caso)” se encuentra vacía ya que no se cuenta con la información.,Jeimy Areli,Vargas,Vatgas,"A Participar en los Proyectos Nido de Lenguas, Paisaje Lingüístico y Promotores Lingüísticos para la Difusión y Conservación de las Lenguas Indígenas del Componente 4 ""Promoción de Acciones sobre Lenguas Indígenas, Derechos Lingüísticos, Formación de Intérpretes y Traductores”, Vertiente “Proyectos de Revitalización de las Lenguas Indígenas: Apoyo a Grupos Comunitarios Interesados en Implementar el Proyecto Nido de Lenguas”",Mujer,Mujer cisgénero,2025-08-01T00:00:00Z,1700,1700,Puebla,,
2025,2025-10-01T00:00:00Z,2025-12-31T00:00:00Z,Local,Programas de servicios,Programa para el Desarrollo Integral de los Pueblos Indígenas (E088),"A Participar en los Proyectos Nido de Lenguas, Paisaje Lingüístico y Promotores Lingüísticos para la Difusión y Conservación de las Lenguas Indígenas del Componente 4 ""Promoción de Acciones sobre Lenguas Indígenas, Derechos Lingüísticos, Formación de Intérpretes y Traductores”, Vertiente “Proyectos de Revitalización de las Lenguas Indígenas: Apoyo a Grupos Comunitarios Interesados en Implementar el Proyecto Nido de Lenguas”",https://transparencia.puebla.gob.mx/docs2024/adjuntos/43/1228_1768850261_01873105e3f2cb1f2f62596510cd6365.pdf,Dirección de la Academia de Lenguas Indígenas,Lucero Salas Pérez,,2025-12-31T00:00:00Z,El Instituto Poblano de los Pueblos Indígenas informa que respecto a la columna “Edad (en su caso)” se encuentra vacía ya que no se cuenta con la información.,Saray Yareli,Pérez,Francico,"A Participar en los Proyectos Nido de Lenguas, Paisaje Lingüístico y Promotores Lingüísticos para la Difusión y Conservación de las Lenguas Indígenas del Componente 4 ""Promoción de Acciones sobre Lenguas Indígenas, Derechos Lingüísticos, Formación de Intérpretes y Traductores”, Vertiente “Proyectos de Revitalización de las Lenguas Indígenas: Apoyo a Grupos Comunitarios Interesados en Implementar el Proyecto Nido de Lenguas”",Mujer,Mujer cisgénero,2025-08-01T00:00:00Z,1700,1700,Puebla,,
2025,2025-10-01T00:00:00Z,2025-12-31T00:00:00Z,Local,Programas de servicios,Programa para el Desarrollo Integral de los Pueblos Indígenas (E088),"A Participar en los Proyectos Nido de Lenguas, Paisaje Lingüístico y Promotores Lingüísticos para la Difusión y Conservación de las Lenguas Indígenas del Componente 4 ""Promoción de Acciones sobre Lenguas Indígenas, Derechos Lingüísticos, Formación de Intérpretes y Traductores”, Vertiente “Proyectos de Revitalización de las Lenguas Indígenas: Apoyo a Grupos Comunitarios Interesados en Implementar el Proyecto Nido de Lenguas”",https://transparencia.puebla.gob.mx/docs2024/adjuntos/43/1228_1768850261_01873105e3f2cb1f2f62596510cd6365.pdf,Dirección de la Academia de Lenguas Indígenas,Lucero Salas Pérez,,2025-12-31T00:00:00Z,El Instituto Poblano de los Pueblos Indígenas informa que respecto a la columna “Edad (en su caso)” se encuentra vacía ya que no se cuenta con la información.,Cristian Mateo,Vargas,Hernández,"A Participar en los Proyectos Nido de Lenguas, Paisaje Lingüístico y Promotores Lingüísticos para la Difusión y Conservación de las Lenguas Indígenas del Componente 4 ""Promoción de Acciones sobre Lenguas Indígenas, Derechos Lingüísticos, Formación de Intérpretes y Traductores”, Vertiente “Proyectos de Revitalización de las Lenguas Indígenas: Apoyo a Grupos Comunitarios Interesados en Implementar el Proyecto Nido de Lenguas”",Hombre,Hombre cisgénero,2025-08-01T00:00:00Z,1700,1700,Puebla,,
2025,2025-10-01T00:00:00Z,2025-12-31T00:00:00Z,Local,Programas de servicios,Programa para el Desarrollo Integral de los Pueblos Indígenas (E088),"A Participar en los Proyectos Nido de Lenguas, Paisaje Lingüístico y Promotores Lingüísticos para la Difusión y Conservación de las Lenguas Indígenas del Componente 4 ""Promoción de Acciones sobre Lenguas Indígenas, Derechos Lingüísticos, Formación de Intérpretes y Traductores”, Vertiente “Proyectos de Revitalización de las Lenguas Indígenas: Apoyo a Grupos Comunitarios Interesados en Implementar el Proyecto Nido de Lenguas”",https://transparencia.puebla.gob.mx/docs2024/adjuntos/43/1228_1768850261_01873105e3f2cb1f2f62596510cd6365.pdf,Dirección de la Academia de Lenguas Indígenas,Lucero Salas Pérez,,2025-12-31T00:00:00Z,El Instituto Poblano de los Pueblos Indígenas informa que respecto a la columna “Edad (en su caso)” se encuentra vacía ya que no se cuenta con la información.,Iker Edgar,Vargas,Martínez,"A Participar en los Proyectos Nido de Lenguas, Paisaje Lingüístico y Promotores Lingüísticos para la Difusión y Conservación de las Lenguas Indígenas del Componente 4 ""Promoción de Acciones sobre Lenguas Indígenas, Derechos Lingüísticos, Formación de Intérpretes y Traductores”, Vertiente “Proyectos de Revitalización de las Lenguas Indígenas: Apoyo a Grupos Comunitarios Interesados en Implementar el Proyecto Nido de Lenguas”",Hombre,Hombre cisgénero,2025-08-01T00:00:00Z,1700,1700,Puebla,,
2025,2025-10-01T00:00:00Z,2025-12-31T00:00:00Z,Local,Programas de servicios,Programa para el Desarrollo Integral de los Pueblos Indígenas (E088),"A Participar en los Proyectos Nido de Lenguas, Paisaje Lingüístico y Promotores Lingüísticos para la Difusión y Conservación de las Lenguas Indígenas del Componente 4 ""Promoción de Acciones sobre Lenguas Indígenas, Derechos Lingüísticos, Formación de Intérpretes y Traductores”, Vertiente “Proyectos de Revitalización de las Lenguas Indígenas: Apoyo a Grupos Comunitarios Interesados en Implementar el Proyecto Nido de Lenguas”",https://transparencia.puebla.gob.mx/docs2024/adjuntos/43/1228_1768850261_01873105e3f2cb1f2f62596510cd6365.pdf,Dirección de la Academia de Lenguas Indígenas,Lucero Salas Pérez,,2025-12-31T00:00:00Z,El Instituto Poblano de los Pueblos Indígenas informa que respecto a la columna “Edad (en su caso)” se encuentra vacía ya que no se cuenta con la información.,Camila,Ávila,Jiménez,"A Participar en los Proyectos Nido de Lenguas, Paisaje Lingüístico y Promotores Lingüísticos para la Difusión y Conservación de las Lenguas Indígenas del Componente 4 ""Promoción de Acciones sobre Lenguas Indígenas, Derechos Lingüísticos, Formación de Intérpretes y Traductores”, Vertiente “Proyectos de Revitalización de las Lenguas Indígenas: Apoyo a Grupos Comunitarios Interesados en Implementar el Proyecto Nido de Lenguas”",Mujer,Mujer cisgénero,2025-08-01T00:00:00Z,1700,1700,Puebla,,
2025,2025-10-01T00:00:00Z,2025-12-31T00:00:00Z,Local,Programas de servicios,Programa para el Desarrollo Integral de los Pueblos Indígenas (E088),"A Participar en los Proyectos Nido de Lenguas, Paisaje Lingüístico y Promotores Lingüísticos para la Difusión y Conservación de las Lenguas Indígenas del Componente 4 ""Promoción de Acciones sobre Lenguas Indígenas, Derechos Lingüísticos, Formación de Intérpretes y Traductores”, Vertiente “Proyectos de Revitalización de las Lenguas Indígenas: Apoyo a Grupos Comunitarios Interesados en Implementar el Proyecto Nido de Lenguas”",https://transparencia.puebla.gob.mx/docs2024/adjuntos/43/1228_1768850261_01873105e3f2cb1f2f62596510cd6365.pdf,Dirección de la Academia de Lenguas Indígenas,Lucero Salas Pérez,,2025-12-31T00:00:00Z,El Instituto Poblano de los Pueblos Indígenas informa que respecto a la columna “Edad (en su caso)” se encuentra vacía ya que no se cuenta con la información.,José Sebastián,Morán,Aguilar,"A Participar en los Proyectos Nido de Lenguas, Paisaje Lingüístico y Promotores Lingüísticos para la Difusión y Conservación de las Lenguas Indígenas del Componente 4 ""Promoción de Acciones sobre Lenguas Indígenas, Derechos Lingüísticos, Formación de Intérpretes y Traductores”, Vertiente “Proyectos de Revitalización de las Lenguas Indígenas: Apoyo a Grupos Comunitarios Interesados en Implementar el Proyecto Nido de Lenguas”",Hombre,Hombre cisgénero,2025-08-01T00:00:00Z,1700,1700,Puebla,,
2025,2025-10-01T00:00:00Z,2025-12-31T00:00:00Z,Local,Programas de servicios,Programa para el Desarrollo Integral de los Pueblos Indígenas (E088),"A Participar en los Proyectos Nido de Lenguas, Paisaje Lingüístico y Promotores Lingüísticos para la Difusión y Conservación de las Lenguas Indígenas del Componente 4 ""Promoción de Acciones sobre Lenguas Indígenas, Derechos Lingüísticos, Formación de Intérpretes y Traductores”, Vertiente “Proyectos de Revitalización de las Lenguas Indígenas: Apoyo a Grupos Comunitarios Interesados en Implementar el Proyecto Nido de Lenguas”",https://transparencia.puebla.gob.mx/docs2024/adjuntos/43/1228_1768850261_01873105e3f2cb1f2f62596510cd6365.pdf,Dirección de la Academia de Lenguas Indígenas,Lucero Salas Pérez,,2025-12-31T00:00:00Z,El Instituto Poblano de los Pueblos Indígenas informa que respecto a la columna “Edad (en su caso)” se encuentra vacía ya que no se cuenta con la información.,Diego Roman,Vargas,Hernández,"A Participar en los Proyectos Nido de Lenguas, Paisaje Lingüístico y Promotores Lingüísticos para la Difusión y Conservación de las Lenguas Indígenas del Componente 4 ""Promoción de Acciones sobre Lenguas Indígenas, Derechos Lingüísticos, Formación de Intérpretes y Traductores”, Vertiente “Proyectos de Revitalización de las Lenguas Indígenas: Apoyo a Grupos Comunitarios Interesados en Implementar el Proyecto Nido de Lenguas”",Hombre,Hombre cisgénero,2025-08-01T00:00:00Z,1700,1700,Puebla,,
2025,2025-10-01T00:00:00Z,2025-12-31T00:00:00Z,Local,Programas de servicios,Programa para el Desarrollo Integral de los Pueblos Indígenas (E088),"A Participar en los Proyectos Nido de Lenguas, Paisaje Lingüístico y Promotores Lingüísticos para la Difusión y Conservación de las Lenguas Indígenas del Componente 4 ""Promoción de Acciones sobre Lenguas Indígenas, Derechos Lingüísticos, Formación de Intérpretes y Traductores”, Vertiente “Proyectos de Revitalización de las Lenguas Indígenas: Apoyo a Grupos Comunitarios Interesados en Implementar el Proyecto Nido de Lenguas”",https://transparencia.puebla.gob.mx/docs2024/adjuntos/43/1228_1768850261_01873105e3f2cb1f2f62596510cd6365.pdf,Dirección de la Academia de Lenguas Indígenas,Lucero Salas Pérez,,2025-12-31T00:00:00Z,El Instituto Poblano de los Pueblos Indígenas informa que respecto a la columna “Edad (en su caso)” se encuentra vacía ya que no se cuenta con la información.,Andrea Esperanza,Vargas,Vargas,"A Participar en los Proyectos Nido de Lenguas, Paisaje Lingüístico y Promotores Lingüísticos para la Difusión y Conservación de las Lenguas Indígenas del Componente 4 ""Promoción de Acciones sobre Lenguas Indígenas, Derechos Lingüísticos, Formación de Intérpretes y Traductores”, Vertiente “Proyectos de Revitalización de las Lenguas Indígenas: Apoyo a Grupos Comunitarios Interesados en Implementar el Proyecto Nido de Lenguas”",Mujer,Mujer cisgénero,2025-08-01T00:00:00Z,1700,1700,Puebla,,
2025,2025-10-01T00:00:00Z,2025-12-31T00:00:00Z,Local,Programas de servicios,Programa para el Desarrollo Integral de los Pueblos Indígenas (E088),"A Participar en los Proyectos Nido de Lenguas, Paisaje Lingüístico y Promotores Lingüísticos para la Difusión y Conservación de las Lenguas Indígenas del Componente 4 ""Promoción de Acciones sobre Lenguas Indígenas, Derechos Lingüísticos, Formación de Intérpretes y Traductores”, Vertiente “Proyectos de Revitalización de las Lenguas Indígenas: Apoyo a Grupos Comunitarios Interesados en Implementar el Proyecto Nido de Lenguas”",https://transparencia.puebla.gob.mx/docs2024/adjuntos/43/1228_1768850261_01873105e3f2cb1f2f62596510cd6365.pdf,Dirección de la Academia de Lenguas Indígenas,Lucero Salas Pérez,,2025-12-31T00:00:00Z,El Instituto Poblano de los Pueblos Indígenas informa que respecto a la columna “Edad (en su caso)” se encuentra vacía ya que no se cuenta con la información.,Ian Alexis,Vargas,Martínez,"A Participar en los Proyectos Nido de Lenguas, Paisaje Lingüístico y Promotores Lingüísticos para la Difusión y Conservación de las Lenguas Indígenas del Componente 4 ""Promoción de Acciones sobre Lenguas Indígenas, Derechos Lingüísticos, Formación de Intérpretes y Traductores”, Vertiente “Proyectos de Revitalización de las Lenguas Indígenas: Apoyo a Grupos Comunitarios Interesados en Implementar el Proyecto Nido de Lenguas”",Hombre,Hombre cisgénero,2025-08-01T00:00:00Z,1700,1700,Puebla,,
2025,2025-10-01T00:00:00Z,2025-12-31T00:00:00Z,Local,Programas de servicios,Programa para el Desarrollo Integral de los Pueblos Indígenas (E088),"A Participar en los Proyectos Nido de Lenguas, Paisaje Lingüístico y Promotores Lingüísticos para la Difusión y Conservación de las Lenguas Indígenas del Componente 4 ""Promoción de Acciones sobre Lenguas Indígenas, Derechos Lingüísticos, Formación de Intérpretes y Traductores”, Vertiente “Proyectos de Revitalización de las Lenguas Indígenas: Apoyo a Grupos Comunitarios Interesados en Implementar el Proyecto Nido de Lenguas”",https://transparencia.puebla.gob.mx/docs2024/adjuntos/43/1228_1768850261_01873105e3f2cb1f2f62596510cd6365.pdf,Dirección de la Academia de Lenguas Indígenas,Lucero Salas Pérez,,2025-12-31T00:00:00Z,El Instituto Poblano de los Pueblos Indígenas informa que respecto a la columna “Edad (en su caso)” se encuentra vacía ya que no se cuenta con la información.,Andrea Jaqueline,Cuautenco,Vargas,"A Participar en los Proyectos Nido de Lenguas, Paisaje Lingüístico y Promotores Lingüísticos para la Difusión y Conservación de las Lenguas Indígenas del Componente 4 ""Promoción de Acciones sobre Lenguas Indígenas, Derechos Lingüísticos, Formación de Intérpretes y Traductores”, Vertiente “Proyectos de Revitalización de las Lenguas Indígenas: Apoyo a Grupos Comunitarios Interesados en Implementar el Proyecto Nido de Lenguas”",Mujer,Mujer cisgénero,2025-08-01T00:00:00Z,1700,1700,Puebla,,
2025,2025-10-01T00:00:00Z,2025-12-31T00:00:00Z,Local,Programas de servicios,Programa para el Desarrollo Integral de los Pueblos Indígenas (E088),"A Participar en los Proyectos Nido de Lenguas, Paisaje Lingüístico y Promotores Lingüísticos para la Difusión y Conservación de las Lenguas Indígenas del Componente 4 ""Promoción de Acciones sobre Lenguas Indígenas, Derechos Lingüísticos, Formación de Intérpretes y Traductores”, Vertiente “Proyectos de Revitalización de las Lenguas Indígenas: Apoyo a Grupos Comunitarios Interesados en Implementar el Proyecto Nido de Lenguas”",https://transparencia.puebla.gob.mx/docs2024/adjuntos/43/1228_1768850261_01873105e3f2cb1f2f62596510cd6365.pdf,Dirección de la Academia de Lenguas Indígenas,Lucero Salas Pérez,,2025-12-31T00:00:00Z,El Instituto Poblano de los Pueblos Indígenas informa que respecto a la columna “Edad (en su caso)” se encuentra vacía ya que no se cuenta con la información.,Asuncióna,Núñez,Esteban,"A Participar en los Proyectos Nido de Lenguas, Paisaje Lingüístico y Promotores Lingüísticos para la Difusión y Conservación de las Lenguas Indígenas del Componente 4 ""Promoción de Acciones sobre Lenguas Indígenas, Derechos Lingüísticos, Formación de Intérpretes y Traductores”, Vertiente “Proyectos de Revitalización de las Lenguas Indígenas: Apoyo a Grupos Comunitarios Interesados en Implementar el Proyecto Nido de Lenguas”",Mujer,Mujer cisgénero,2025-08-01T00:00:00Z,10000,10000,Puebla,,
2025,2025-10-01T00:00:00Z,2025-12-31T00:00:00Z,Local,Programas de servicios,Programa para el Desarrollo Integral de los Pueblos Indígenas (E088),"A Participar en los Proyectos Nido de Lenguas, Paisaje Lingüístico y Promotores Lingüísticos para la Difusión y Conservación de las Lenguas Indígenas del Componente 4 ""Promoción de Acciones sobre Lenguas Indígenas, Derechos Lingüísticos, Formación de Intérpretes y Traductores”, Vertiente “Proyectos de Revitalización de las Lenguas Indígenas: Apoyo a Grupos Comunitarios Interesados en Implementar el Proyecto Nido de Lenguas”",https://transparencia.puebla.gob.mx/docs2024/adjuntos/43/1228_1768850261_01873105e3f2cb1f2f62596510cd6365.pdf,Dirección de la Academia de Lenguas Indígenas,Lucero Salas Pérez,,2025-12-31T00:00:00Z,El Instituto Poblano de los Pueblos Indígenas informa que respecto a la columna “Edad (en su caso)” se encuentra vacía ya que no se cuenta con la información.,Eduardo,Vázquez,Sainos,"A Participar en los Proyectos Nido de Lenguas, Paisaje Lingüístico y Promotores Lingüísticos para la Difusión y Conservación de las Lenguas Indígenas del Componente 4 ""Promoción de Acciones sobre Lenguas Indígenas, Derechos Lingüísticos, Formación de Intérpretes y Traductores”, Vertiente “Proyectos de Revitalización de las Lenguas Indígenas: Apoyo a Grupos Comunitarios Interesados en Implementar el Proyecto Nido de Lenguas”",Hombre,Hombre cisgénero,2025-08-01T00:00:00Z,10000,10000,Puebla,,
2025,2025-10-01T00:00:00Z,2025-12-31T00:00:00Z,Local,Programas de servicios,Programa para el Desarrollo Integral de los Pueblos Indígenas (E088),"A Participar en los Proyectos Nido de Lenguas, Paisaje Lingüístico y Promotores Lingüísticos para la Difusión y Conservación de las Lenguas Indígenas del Componente 4 ""Promoción de Acciones sobre Lenguas Indígenas, Derechos Lingüísticos, Formación de Intérpretes y Traductores”, Vertiente “Proyectos de Revitalización de las Lenguas Indígenas: Apoyo a Grupos Comunitarios Interesados en Implementar el Proyecto Nido de Lenguas”",https://transparencia.puebla.gob.mx/docs2024/adjuntos/43/1228_1768850261_01873105e3f2cb1f2f62596510cd6365.pdf,Dirección de la Academia de Lenguas Indígenas,Lucero Salas Pérez,,2025-12-31T00:00:00Z,El Instituto Poblano de los Pueblos Indígenas informa que respecto a la columna “Edad (en su caso)” se encuentra vacía ya que no se cuenta con la información.,Sofia,Pérez,Marcos,"A Participar en los Proyectos Nido de Lenguas, Paisaje Lingüístico y Promotores Lingüísticos para la Difusión y Conservación de las Lenguas Indígenas del Componente 4 ""Promoción de Acciones sobre Lenguas Indígenas, Derechos Lingüísticos, Formación de Intérpretes y Traductores”, Vertiente “Proyectos de Revitalización de las Lenguas Indígenas: Apoyo a Grupos Comunitarios Interesados en Implementar el Proyecto Nido de Lenguas”",Mujer,Mujer cisgénero,2025-08-01T00:00:00Z,0,0,Puebla,,
2025,2025-10-01T00:00:00Z,2025-12-31T00:00:00Z,Local,Programas de servicios,Programa para el Desarrollo Integral de los Pueblos Indígenas (E088),"A Participar en los Proyectos Nido de Lenguas, Paisaje Lingüístico y Promotores Lingüísticos para la Difusión y Conservación de las Lenguas Indígenas del Componente 4 ""Promoción de Acciones sobre Lenguas Indígenas, Derechos Lingüísticos, Formación de Intérpretes y Traductores”, Vertiente “Proyectos de Revitalización de las Lenguas Indígenas: Apoyo a Grupos Comunitarios Interesados en Implementar el Proyecto Nido de Lenguas”",https://transparencia.puebla.gob.mx/docs2024/adjuntos/43/1228_1768850261_01873105e3f2cb1f2f62596510cd6365.pdf,Dirección de la Academia de Lenguas Indígenas,Lucero Salas Pérez,,2025-12-31T00:00:00Z,El Instituto Poblano de los Pueblos Indígenas informa que respecto a la columna “Edad (en su caso)” se encuentra vacía ya que no se cuenta con la información.,Sofia,Vázquez,Pérez,"A Participar en los Proyectos Nido de Lenguas, Paisaje Lingüístico y Promotores Lingüísticos para la Difusión y Conservación de las Lenguas Indígenas del Componente 4 ""Promoción de Acciones sobre Lenguas Indígenas, Derechos Lingüísticos, Formación de Intérpretes y Traductores”, Vertiente “Proyectos de Revitalización de las Lenguas Indígenas: Apoyo a Grupos Comunitarios Interesados en Implementar el Proyecto Nido de Lenguas”",Mujer,Mujer cisgénero,2025-08-01T00:00:00Z,1700,1700,Puebla,,
2025,2025-10-01T00:00:00Z,2025-12-31T00:00:00Z,Local,Programas de servicios,Programa para el Desarrollo Integral de los Pueblos Indígenas (E088),"A Participar en los Proyectos Nido de Lenguas, Paisaje Lingüístico y Promotores Lingüísticos para la Difusión y Conservación de las Lenguas Indígenas del Componente 4 ""Promoción de Acciones sobre Lenguas Indígenas, Derechos Lingüísticos, Formación de Intérpretes y Traductores”, Vertiente “Proyectos de Revitalización de las Lenguas Indígenas: Apoyo a Grupos Comunitarios Interesados en Implementar el Proyecto Nido de Lenguas”",https://transparencia.puebla.gob.mx/docs2024/adjuntos/43/1228_1768850261_01873105e3f2cb1f2f62596510cd6365.pdf,Dirección de la Academia de Lenguas Indígenas,Lucero Salas Pérez,,2025-12-31T00:00:00Z,El Instituto Poblano de los Pueblos Indígenas informa que respecto a la columna “Edad (en su caso)” se encuentra vacía ya que no se cuenta con la información.,Eduardo,Vázquez,Pérez,"A Participar en los Proyectos Nido de Lenguas, Paisaje Lingüístico y Promotores Lingüísticos para la Difusión y Conservación de las Lenguas Indígenas del Componente 4 ""Promoción de Acciones sobre Lenguas Indígenas, Derechos Lingüísticos, Formación de Intérpretes y Traductores”, Vertiente “Proyectos de Revitalización de las Lenguas Indígenas: Apoyo a Grupos Comunitarios Interesados en Implementar el Proyecto Nido de Lenguas”",Hombre,Hombre cisgénero,2025-08-01T00:00:00Z,1700,1700,Puebla,,
2025,2025-10-01T00:00:00Z,2025-12-31T00:00:00Z,Local,Programas de servicios,Programa para el Desarrollo Integral de los Pueblos Indígenas (E088),"A Participar en los Proyectos Nido de Lenguas, Paisaje Lingüístico y Promotores Lingüísticos para la Difusión y Conservación de las Lenguas Indígenas del Componente 4 ""Promoción de Acciones sobre Lenguas Indígenas, Derechos Lingüísticos, Formación de Intérpretes y Traductores”, Vertiente “Proyectos de Revitalización de las Lenguas Indígenas: Apoyo a Grupos Comunitarios Interesados en Implementar el Proyecto Nido de Lenguas”",https://transparencia.puebla.gob.mx/docs2024/adjuntos/43/1228_1768850261_01873105e3f2cb1f2f62596510cd6365.pdf,Dirección de la Academia de Lenguas Indígenas,Lucero Salas Pérez,,2025-12-31T00:00:00Z,El Instituto Poblano de los Pueblos Indígenas informa que respecto a la columna “Edad (en su caso)” se encuentra vacía ya que no se cuenta con la información.,Mia Ailen,Juárez,Juárez,"A Participar en los Proyectos Nido de Lenguas, Paisaje Lingüístico y Promotores Lingüísticos para la Difusión y Conservación de las Lenguas Indígenas del Componente 4 ""Promoción de Acciones sobre Lenguas Indígenas, Derechos Lingüísticos, Formación de Intérpretes y Traductores”, Vertiente “Proyectos de Revitalización de las Lenguas Indígenas: Apoyo a Grupos Comunitarios Interesados en Implementar el Proyecto Nido de Lenguas”",Mujer,Mujer cisgénero,2025-08-01T00:00:00Z,1700,1700,Puebla,,
2025,2025-10-01T00:00:00Z,2025-12-31T00:00:00Z,Local,Programas de servicios,Programa para el Desarrollo Integral de los Pueblos Indígenas (E088),"A Participar en los Proyectos Nido de Lenguas, Paisaje Lingüístico y Promotores Lingüísticos para la Difusión y Conservación de las Lenguas Indígenas del Componente 4 ""Promoción de Acciones sobre Lenguas Indígenas, Derechos Lingüísticos, Formación de Intérpretes y Traductores”, Vertiente “Proyectos de Revitalización de las Lenguas Indígenas: Apoyo a Grupos Comunitarios Interesados en Implementar el Proyecto Nido de Lenguas”",https://transparencia.puebla.gob.mx/docs2024/adjuntos/43/1228_1768850261_01873105e3f2cb1f2f62596510cd6365.pdf,Dirección de la Academia de Lenguas Indígenas,Lucero Salas Pérez,,2025-12-31T00:00:00Z,El Instituto Poblano de los Pueblos Indígenas informa que respecto a la columna “Edad (en su caso)” se encuentra vacía ya que no se cuenta con la información.,Santiago Olaf,Juárez,Cantor,"A Participar en los Proyectos Nido de Lenguas, Paisaje Lingüístico y Promotores Lingüísticos para la Difusión y Conservación de las Lenguas Indígenas del Componente 4 ""Promoción de Acciones sobre Lenguas Indígenas, Derechos Lingüísticos, Formación de Intérpretes y Traductores”, Vertiente “Proyectos de Revitalización de las Lenguas Indígenas: Apoyo a Grupos Comunitarios Interesados en Implementar el Proyecto Nido de Lenguas”",Hombre,Hombre cisgénero,2025-08-01T00:00:00Z,1700,1700,Puebla,,
2025,2025-10-01T00:00:00Z,2025-12-31T00:00:00Z,Local,Programas de servicios,Programa para el Desarrollo Integral de los Pueblos Indígenas (E088),"A Participar en los Proyectos Nido de Lenguas, Paisaje Lingüístico y Promotores Lingüísticos para la Difusión y Conservación de las Lenguas Indígenas del Componente 4 ""Promoción de Acciones sobre Lenguas Indígenas, Derechos Lingüísticos, Formación de Intérpretes y Traductores”, Vertiente “Proyectos de Revitalización de las Lenguas Indígenas: Apoyo a Grupos Comunitarios Interesados en Implementar el Proyecto Nido de Lenguas”",https://transparencia.puebla.gob.mx/docs2024/adjuntos/43/1228_1768850261_01873105e3f2cb1f2f62596510cd6365.pdf,Dirección de la Academia de Lenguas Indígenas,Lucero Salas Pérez,,2025-12-31T00:00:00Z,El Instituto Poblano de los Pueblos Indígenas informa que respecto a la columna “Edad (en su caso)” se encuentra vacía ya que no se cuenta con la información.,Karla Lizbeth,Balderas,Melchor,"A Participar en los Proyectos Nido de Lenguas, Paisaje Lingüístico y Promotores Lingüísticos para la Difusión y Conservación de las Lenguas Indígenas del Componente 4 ""Promoción de Acciones sobre Lenguas Indígenas, Derechos Lingüísticos, Formación de Intérpretes y Traductores”, Vertiente “Proyectos de Revitalización de las Lenguas Indígenas: Apoyo a Grupos Comunitarios Interesados en Implementar el Proyecto Nido de Lenguas”",Mujer,Mujer cisgénero,2025-08-01T00:00:00Z,1700,1700,Puebla,,
2025,2025-10-01T00:00:00Z,2025-12-31T00:00:00Z,Local,Programas de servicios,Programa para el Desarrollo Integral de los Pueblos Indígenas (E088),"A Participar en los Proyectos Nido de Lenguas, Paisaje Lingüístico y Promotores Lingüísticos para la Difusión y Conservación de las Lenguas Indígenas del Componente 4 ""Promoción de Acciones sobre Lenguas Indígenas, Derechos Lingüísticos, Formación de Intérpretes y Traductores”, Vertiente “Proyectos de Revitalización de las Lenguas Indígenas: Apoyo a Grupos Comunitarios Interesados en Implementar el Proyecto Nido de Lenguas”",https://transparencia.puebla.gob.mx/docs2024/adjuntos/43/1228_1768850261_01873105e3f2cb1f2f62596510cd6365.pdf,Dirección de la Academia de Lenguas Indígenas,Lucero Salas Pérez,,2025-12-31T00:00:00Z,El Instituto Poblano de los Pueblos Indígenas informa que respecto a la columna “Edad (en su caso)” se encuentra vacía ya que no se cuenta con la información.,Cirenio,López,Simón,"A Participar en los Proyectos Nido de Lenguas, Paisaje Lingüístico y Promotores Lingüísticos para la Difusión y Conservación de las Lenguas Indígenas del Componente 4 ""Promoción de Acciones sobre Lenguas Indígenas, Derechos Lingüísticos, Formación de Intérpretes y Traductores”, Vertiente “Proyectos de Revitalización de las Lenguas Indígenas: Apoyo a Grupos Comunitarios Interesados en Implementar el Proyecto Nido de Lenguas”",Hombre,Hombre cisgénero,2025-08-01T00:00:00Z,10000,10000,Puebla,,
2025,2025-10-01T00:00:00Z,2025-12-31T00:00:00Z,Local,Programas de servicios,Programa para el Desarrollo Integral de los Pueblos Indígenas (E088),"A Participar en los Proyectos Nido de Lenguas, Paisaje Lingüístico y Promotores Lingüísticos para la Difusión y Conservación de las Lenguas Indígenas del Componente 4 ""Promoción de Acciones sobre Lenguas Indígenas, Derechos Lingüísticos, Formación de Intérpretes y Traductores”, Vertiente “Proyectos de Revitalización de las Lenguas Indígenas: Apoyo a Grupos Comunitarios Interesados en Implementar el Proyecto Nido de Lenguas”",https://transparencia.puebla.gob.mx/docs2024/adjuntos/43/1228_1768850261_01873105e3f2cb1f2f62596510cd6365.pdf,Dirección de la Academia de Lenguas Indígenas,Lucero Salas Pérez,,2025-12-31T00:00:00Z,El Instituto Poblano de los Pueblos Indígenas informa que respecto a la columna “Edad (en su caso)” se encuentra vacía ya que no se cuenta con la información.,María De Jesús,Juárez,Lima,"A Participar en los Proyectos Nido de Lenguas, Paisaje Lingüístico y Promotores Lingüísticos para la Difusión y Conservación de las Lenguas Indígenas del Componente 4 ""Promoción de Acciones sobre Lenguas Indígenas, Derechos Lingüísticos, Formación de Intérpretes y Traductores”, Vertiente “Proyectos de Revitalización de las Lenguas Indígenas: Apoyo a Grupos Comunitarios Interesados en Implementar el Proyecto Nido de Lenguas”",Mujer,Mujer cisgénero,2025-08-01T00:00:00Z,10000,10000,Puebla,,
2025,2025-10-01T00:00:00Z,2025-12-31T00:00:00Z,Local,Programas de servicios,Programa para el Desarrollo Integral de los Pueblos Indígenas (E088),"A Participar en los Proyectos Nido de Lenguas, Paisaje Lingüístico y Promotores Lingüísticos para la Difusión y Conservación de las Lenguas Indígenas del Componente 4 ""Promoción de Acciones sobre Lenguas Indígenas, Derechos Lingüísticos, Formación de Intérpretes y Traductores”, Vertiente “Proyectos de Revitalización de las Lenguas Indígenas: Apoyo a Grupos Comunitarios Interesados en Implementar el Proyecto Nido de Lenguas”",https://transparencia.puebla.gob.mx/docs2024/adjuntos/43/1228_1768850261_01873105e3f2cb1f2f62596510cd6365.pdf,Dirección de la Academia de Lenguas Indígenas,Lucero Salas Pérez,,2025-12-31T00:00:00Z,El Instituto Poblano de los Pueblos Indígenas informa que respecto a la columna “Edad (en su caso)” se encuentra vacía ya que no se cuenta con la información.,Anayeli Dolores,Ponce,Cano,"A Participar en los Proyectos Nido de Lenguas, Paisaje Lingüístico y Promotores Lingüísticos para la Difusión y Conservación de las Lenguas Indígenas del Componente 4 ""Promoción de Acciones sobre Lenguas Indígenas, Derechos Lingüísticos, Formación de Intérpretes y Traductores”, Vertiente “Proyectos de Revitalización de las Lenguas Indígenas: Apoyo a Grupos Comunitarios Interesados en Implementar el Proyecto Nido de Lenguas”",Mujer,Mujer cisgénero,2025-08-01T00:00:00Z,1700,1700,Puebla,,
2025,2025-10-01T00:00:00Z,2025-12-31T00:00:00Z,Local,Programas de servicios,Programa para el Desarrollo Integral de los Pueblos Indígenas (E088),"A Participar en los Proyectos Nido de Lenguas, Paisaje Lingüístico y Promotores Lingüísticos para la Difusión y Conservación de las Lenguas Indígenas del Componente 4 ""Promoción de Acciones sobre Lenguas Indígenas, Derechos Lingüísticos, Formación de Intérpretes y Traductores”, Vertiente “Proyectos de Revitalización de las Lenguas Indígenas: Apoyo a Grupos Comunitarios Interesados en Implementar el Proyecto Nido de Lenguas”",https://transparencia.puebla.gob.mx/docs2024/adjuntos/43/1228_1768850261_01873105e3f2cb1f2f62596510cd6365.pdf,Dirección de la Academia de Lenguas Indígenas,Lucero Salas Pérez,,2025-12-31T00:00:00Z,El Instituto Poblano de los Pueblos Indígenas informa que respecto a la columna “Edad (en su caso)” se encuentra vacía ya que no se cuenta con la información.,José Antonio,Gaona,Cano,"A Participar en los Proyectos Nido de Lenguas, Paisaje Lingüístico y Promotores Lingüísticos para la Difusión y Conservación de las Lenguas Indígenas del Componente 4 ""Promoción de Acciones sobre Lenguas Indígenas, Derechos Lingüísticos, Formación de Intérpretes y Traductores”, Vertiente “Proyectos de Revitalización de las Lenguas Indígenas: Apoyo a Grupos Comunitarios Interesados en Implementar el Proyecto Nido de Lenguas”",Hombre,Hombre cisgénero,2025-08-01T00:00:00Z,1700,1700,Puebla,,
2025,2025-10-01T00:00:00Z,2025-12-31T00:00:00Z,Local,Programas de servicios,Programa para el Desarrollo Integral de los Pueblos Indígenas (E088),"A Participar en los Proyectos Nido de Lenguas, Paisaje Lingüístico y Promotores Lingüísticos para la Difusión y Conservación de las Lenguas Indígenas del Componente 4 ""Promoción de Acciones sobre Lenguas Indígenas, Derechos Lingüísticos, Formación de Intérpretes y Traductores”, Vertiente “Proyectos de Revitalización de las Lenguas Indígenas: Apoyo a Grupos Comunitarios Interesados en Implementar el Proyecto Nido de Lenguas”",https://transparencia.puebla.gob.mx/docs2024/adjuntos/43/1228_1768850261_01873105e3f2cb1f2f62596510cd6365.pdf,Dirección de la Academia de Lenguas Indígenas,Lucero Salas Pérez,,2025-12-31T00:00:00Z,El Instituto Poblano de los Pueblos Indígenas informa que respecto a la columna “Edad (en su caso)” se encuentra vacía ya que no se cuenta con la información.,Antonio,Vázquez,Ponce,"A Participar en los Proyectos Nido de Lenguas, Paisaje Lingüístico y Promotores Lingüísticos para la Difusión y Conservación de las Lenguas Indígenas del Componente 4 ""Promoción de Acciones sobre Lenguas Indígenas, Derechos Lingüísticos, Formación de Intérpretes y Traductores”, Vertiente “Proyectos de Revitalización de las Lenguas Indígenas: Apoyo a Grupos Comunitarios Interesados en Implementar el Proyecto Nido de Lenguas”",Hombre,Hombre cisgénero,2025-08-01T00:00:00Z,1700,1700,Puebla,,
2025,2025-10-01T00:00:00Z,2025-12-31T00:00:00Z,Local,Programas de servicios,Programa para el Desarrollo Integral de los Pueblos Indígenas (E088),"A Participar en los Proyectos Nido de Lenguas, Paisaje Lingüístico y Promotores Lingüísticos para la Difusión y Conservación de las Lenguas Indígenas del Componente 4 ""Promoción de Acciones sobre Lenguas Indígenas, Derechos Lingüísticos, Formación de Intérpretes y Traductores”, Vertiente “Proyectos de Revitalización de las Lenguas Indígenas: Apoyo a Grupos Comunitarios Interesados en Implementar el Proyecto Nido de Lenguas”",https://transparencia.puebla.gob.mx/docs2024/adjuntos/43/1228_1768850261_01873105e3f2cb1f2f62596510cd6365.pdf,Dirección de la Academia de Lenguas Indígenas,Lucero Salas Pérez,,2025-12-31T00:00:00Z,El Instituto Poblano de los Pueblos Indígenas informa que respecto a la columna “Edad (en su caso)” se encuentra vacía ya que no se cuenta con la información.,Gisela Mariel,García,Simón,"A Participar en los Proyectos Nido de Lenguas, Paisaje Lingüístico y Promotores Lingüísticos para la Difusión y Conservación de las Lenguas Indígenas del Componente 4 ""Promoción de Acciones sobre Lenguas Indígenas, Derechos Lingüísticos, Formación de Intérpretes y Traductores”, Vertiente “Proyectos de Revitalización de las Lenguas Indígenas: Apoyo a Grupos Comunitarios Interesados en Implementar el Proyecto Nido de Lenguas”",Mujer,Mujer cisgénero,2025-08-01T00:00:00Z,1700,1700,Puebla,,
2025,2025-10-01T00:00:00Z,2025-12-31T00:00:00Z,Local,Programas de servicios,Programa para el Desarrollo Integral de los Pueblos Indígenas (E088),"A Participar en los Proyectos Nido de Lenguas, Paisaje Lingüístico y Promotores Lingüísticos para la Difusión y Conservación de las Lenguas Indígenas del Componente 4 ""Promoción de Acciones sobre Lenguas Indígenas, Derechos Lingüísticos, Formación de Intérpretes y Traductores”, Vertiente “Proyectos de Revitalización de las Lenguas Indígenas: Apoyo a Grupos Comunitarios Interesados en Implementar el Proyecto Nido de Lenguas”",https://transparencia.puebla.gob.mx/docs2024/adjuntos/43/1228_1768850261_01873105e3f2cb1f2f62596510cd6365.pdf,Dirección de la Academia de Lenguas Indígenas,Lucero Salas Pérez,,2025-12-31T00:00:00Z,El Instituto Poblano de los Pueblos Indígenas informa que respecto a la columna “Edad (en su caso)” se encuentra vacía ya que no se cuenta con la información.,Diego,De La Cruz,Lima,"A Participar en los Proyectos Nido de Lenguas, Paisaje Lingüístico y Promotores Lingüísticos para la Difusión y Conservación de las Lenguas Indígenas del Componente 4 ""Promoción de Acciones sobre Lenguas Indígenas, Derechos Lingüísticos, Formación de Intérpretes y Traductores”, Vertiente “Proyectos de Revitalización de las Lenguas Indígenas: Apoyo a Grupos Comunitarios Interesados en Implementar el Proyecto Nido de Lenguas”",Hombre,Hombre cisgénero,2025-08-01T00:00:00Z,1700,1700,Puebla,,
2025,2025-10-01T00:00:00Z,2025-12-31T00:00:00Z,Local,Programas de servicios,Programa para el Desarrollo Integral de los Pueblos Indígenas (E088),"A Participar en los Proyectos Nido de Lenguas, Paisaje Lingüístico y Promotores Lingüísticos para la Difusión y Conservación de las Lenguas Indígenas del Componente 4 ""Promoción de Acciones sobre Lenguas Indígenas, Derechos Lingüísticos, Formación de Intérpretes y Traductores”, Vertiente “Proyectos de Revitalización de las Lenguas Indígenas: Apoyo a Grupos Comunitarios Interesados en Implementar el Proyecto Nido de Lenguas”",https://transparencia.puebla.gob.mx/docs2024/adjuntos/43/1228_1768850261_01873105e3f2cb1f2f62596510cd6365.pdf,Dirección de la Academia de Lenguas Indígenas,Lucero Salas Pérez,,2025-12-31T00:00:00Z,El Instituto Poblano de los Pueblos Indígenas informa que respecto a la columna “Edad (en su caso)” se encuentra vacía ya que no se cuenta con la información.,Zhoemi,Lobato,Sánchez,"A Participar en los Proyectos Nido de Lenguas, Paisaje Lingüístico y Promotores Lingüísticos para la Difusión y Conservación de las Lenguas Indígenas del Componente 4 ""Promoción de Acciones sobre Lenguas Indígenas, Derechos Lingüísticos, Formación de Intérpretes y Traductores”, Vertiente “Proyectos de Revitalización de las Lenguas Indígenas: Apoyo a Grupos Comunitarios Interesados en Implementar el Proyecto Nido de Lenguas”",Mujer,Mujer cisgénero,2025-08-01T00:00:00Z,1700,1700,Puebla,,
2025,2025-10-01T00:00:00Z,2025-12-31T00:00:00Z,Local,Programas de servicios,Programa para el Desarrollo Integral de los Pueblos Indígenas (E088),"A Participar en los Proyectos Nido de Lenguas, Paisaje Lingüístico y Promotores Lingüísticos para la Difusión y Conservación de las Lenguas Indígenas del Componente 4 ""Promoción de Acciones sobre Lenguas Indígenas, Derechos Lingüísticos, Formación de Intérpretes y Traductores”, Vertiente “Proyectos de Revitalización de las Lenguas Indígenas: Apoyo a Grupos Comunitarios Interesados en Implementar el Proyecto Nido de Lenguas”",https://transparencia.puebla.gob.mx/docs2024/adjuntos/43/1228_1768850261_01873105e3f2cb1f2f62596510cd6365.pdf,Dirección de la Academia de Lenguas Indígenas,Lucero Salas Pérez,,2025-12-31T00:00:00Z,El Instituto Poblano de los Pueblos Indígenas informa que respecto a la columna “Edad (en su caso)” se encuentra vacía ya que no se cuenta con la información.,Oscar,Lobato,Gaona,"A Participar en los Proyectos Nido de Lenguas, Paisaje Lingüístico y Promotores Lingüísticos para la Difusión y Conservación de las Lenguas Indígenas del Componente 4 ""Promoción de Acciones sobre Lenguas Indígenas, Derechos Lingüísticos, Formación de Intérpretes y Traductores”, Vertiente “Proyectos de Revitalización de las Lenguas Indígenas: Apoyo a Grupos Comunitarios Interesados en Implementar el Proyecto Nido de Lenguas”",Hombre,Hombre cisgénero,2025-08-01T00:00:00Z,1700,1700,Puebla,,
2025,2025-10-01T00:00:00Z,2025-12-31T00:00:00Z,Local,Programas de servicios,Programa para el Desarrollo Integral de los Pueblos Indígenas (E088),"A Participar en los Proyectos Nido de Lenguas, Paisaje Lingüístico y Promotores Lingüísticos para la Difusión y Conservación de las Lenguas Indígenas del Componente 4 ""Promoción de Acciones sobre Lenguas Indígenas, Derechos Lingüísticos, Formación de Intérpretes y Traductores”, Vertiente “Proyectos de Revitalización de las Lenguas Indígenas: Apoyo a Grupos Comunitarios Interesados en Implementar el Proyecto Nido de Lenguas”",https://transparencia.puebla.gob.mx/docs2024/adjuntos/43/1228_1768850261_01873105e3f2cb1f2f62596510cd6365.pdf,Dirección de la Academia de Lenguas Indígenas,Lucero Salas Pérez,,2025-12-31T00:00:00Z,El Instituto Poblano de los Pueblos Indígenas informa que respecto a la columna “Edad (en su caso)” se encuentra vacía ya que no se cuenta con la información.,Erik Gael,Ponce,García,"A Participar en los Proyectos Nido de Lenguas, Paisaje Lingüístico y Promotores Lingüísticos para la Difusión y Conservación de las Lenguas Indígenas del Componente 4 ""Promoción de Acciones sobre Lenguas Indígenas, Derechos Lingüísticos, Formación de Intérpretes y Traductores”, Vertiente “Proyectos de Revitalización de las Lenguas Indígenas: Apoyo a Grupos Comunitarios Interesados en Implementar el Proyecto Nido de Lenguas”",Hombre,Hombre cisgénero,2025-08-01T00:00:00Z,1700,1700,Puebla,,
2025,2025-10-01T00:00:00Z,2025-12-31T00:00:00Z,Local,Programas de servicios,Programa para el Desarrollo Integral de los Pueblos Indígenas (E088),"A Participar en los Proyectos Nido de Lenguas, Paisaje Lingüístico y Promotores Lingüísticos para la Difusión y Conservación de las Lenguas Indígenas del Componente 4 ""Promoción de Acciones sobre Lenguas Indígenas, Derechos Lingüísticos, Formación de Intérpretes y Traductores”, Vertiente “Proyectos de Revitalización de las Lenguas Indígenas: Apoyo a Grupos Comunitarios Interesados en Implementar el Proyecto Nido de Lenguas”",https://transparencia.puebla.gob.mx/docs2024/adjuntos/43/1228_1768850261_01873105e3f2cb1f2f62596510cd6365.pdf,Dirección de la Academia de Lenguas Indígenas,Lucero Salas Pérez,,2025-12-31T00:00:00Z,El Instituto Poblano de los Pueblos Indígenas informa que respecto a la columna “Edad (en su caso)” se encuentra vacía ya que no se cuenta con la información.,Guillermo,Lima,Sánchez,"A Participar en los Proyectos Nido de Lenguas, Paisaje Lingüístico y Promotores Lingüísticos para la Difusión y Conservación de las Lenguas Indígenas del Componente 4 ""Promoción de Acciones sobre Lenguas Indígenas, Derechos Lingüísticos, Formación de Intérpretes y Traductores”, Vertiente “Proyectos de Revitalización de las Lenguas Indígenas: Apoyo a Grupos Comunitarios Interesados en Implementar el Proyecto Nido de Lenguas”",Hombre,Hombre cisgénero,2025-08-01T00:00:00Z,1700,1700,Puebla,,
2025,2025-10-01T00:00:00Z,2025-12-31T00:00:00Z,Local,Programas de servicios,Programa para el Desarrollo Integral de los Pueblos Indígenas (E088),"A Participar en los Proyectos Nido de Lenguas, Paisaje Lingüístico y Promotores Lingüísticos para la Difusión y Conservación de las Lenguas Indígenas del Componente 4 ""Promoción de Acciones sobre Lenguas Indígenas, Derechos Lingüísticos, Formación de Intérpretes y Traductores”, Vertiente “Proyectos de Revitalización de las Lenguas Indígenas: Apoyo a Grupos Comunitarios Interesados en Implementar el Proyecto Nido de Lenguas”",https://transparencia.puebla.gob.mx/docs2024/adjuntos/43/1228_1768850261_01873105e3f2cb1f2f62596510cd6365.pdf,Dirección de la Academia de Lenguas Indígenas,Lucero Salas Pérez,,2025-12-31T00:00:00Z,El Instituto Poblano de los Pueblos Indígenas informa que respecto a la columna “Edad (en su caso)” se encuentra vacía ya que no se cuenta con la información.,Luis Antonio,Hernández,Lima,"A Participar en los Proyectos Nido de Lenguas, Paisaje Lingüístico y Promotores Lingüísticos para la Difusión y Conservación de las Lenguas Indígenas del Componente 4 ""Promoción de Acciones sobre Lenguas Indígenas, Derechos Lingüísticos, Formación de Intérpretes y Traductores”, Vertiente “Proyectos de Revitalización de las Lenguas Indígenas: Apoyo a Grupos Comunitarios Interesados en Implementar el Proyecto Nido de Lenguas”",Hombre,Hombre cisgénero,2025-08-01T00:00:00Z,1700,1700,Puebla,,
2025,2025-10-01T00:00:00Z,2025-12-31T00:00:00Z,Local,Programas de servicios,Programa para el Desarrollo Integral de los Pueblos Indígenas (E088),"A Participar en los Proyectos Nido de Lenguas, Paisaje Lingüístico y Promotores Lingüísticos para la Difusión y Conservación de las Lenguas Indígenas del Componente 4 ""Promoción de Acciones sobre Lenguas Indígenas, Derechos Lingüísticos, Formación de Intérpretes y Traductores”, Vertiente “Proyectos de Revitalización de las Lenguas Indígenas: Apoyo a Grupos Comunitarios Interesados en Implementar el Proyecto Nido de Lenguas”",https://transparencia.puebla.gob.mx/docs2024/adjuntos/43/1228_1768850261_01873105e3f2cb1f2f62596510cd6365.pdf,Dirección de la Academia de Lenguas Indígenas,Lucero Salas Pérez,,2025-12-31T00:00:00Z,El Instituto Poblano de los Pueblos Indígenas informa que respecto a la columna “Edad (en su caso)” se encuentra vacía ya que no se cuenta con la información.,Silvia,Rivera,Marín,"A Participar en los Proyectos Nido de Lenguas, Paisaje Lingüístico y Promotores Lingüísticos para la Difusión y Conservación de las Lenguas Indígenas del Componente 4 ""Promoción de Acciones sobre Lenguas Indígenas, Derechos Lingüísticos, Formación de Intérpretes y Traductores”, Vertiente “Proyectos de Revitalización de las Lenguas Indígenas: Apoyo a Grupos Comunitarios Interesados en Implementar el Proyecto Nido de Lenguas”",Mujer,Mujer cisgénero,2025-08-01T00:00:00Z,10000,10000,Puebla,,
2025,2025-10-01T00:00:00Z,2025-12-31T00:00:00Z,Local,Programas de servicios,Programa para el Desarrollo Integral de los Pueblos Indígenas (E088),"A Participar en los Proyectos Nido de Lenguas, Paisaje Lingüístico y Promotores Lingüísticos para la Difusión y Conservación de las Lenguas Indígenas del Componente 4 ""Promoción de Acciones sobre Lenguas Indígenas, Derechos Lingüísticos, Formación de Intérpretes y Traductores”, Vertiente “Proyectos de Revitalización de las Lenguas Indígenas: Apoyo a Grupos Comunitarios Interesados en Implementar el Proyecto Nido de Lenguas”",https://transparencia.puebla.gob.mx/docs2024/adjuntos/43/1228_1768850261_01873105e3f2cb1f2f62596510cd6365.pdf,Dirección de la Academia de Lenguas Indígenas,Lucero Salas Pérez,,2025-12-31T00:00:00Z,El Instituto Poblano de los Pueblos Indígenas informa que respecto a la columna “Edad (en su caso)” se encuentra vacía ya que no se cuenta con la información.,Miguel Ángel,Moran,López,"A Participar en los Proyectos Nido de Lenguas, Paisaje Lingüístico y Promotores Lingüísticos para la Difusión y Conservación de las Lenguas Indígenas del Componente 4 ""Promoción de Acciones sobre Lenguas Indígenas, Derechos Lingüísticos, Formación de Intérpretes y Traductores”, Vertiente “Proyectos de Revitalización de las Lenguas Indígenas: Apoyo a Grupos Comunitarios Interesados en Implementar el Proyecto Nido de Lenguas”",Hombre,Hombre cisgénero,2025-08-01T00:00:00Z,10000,10000,Puebla,,
2025,2025-10-01T00:00:00Z,2025-12-31T00:00:00Z,Local,Programas de servicios,Programa para el Desarrollo Integral de los Pueblos Indígenas (E088),"A Participar en los Proyectos Nido de Lenguas, Paisaje Lingüístico y Promotores Lingüísticos para la Difusión y Conservación de las Lenguas Indígenas del Componente 4 ""Promoción de Acciones sobre Lenguas Indígenas, Derechos Lingüísticos, Formación de Intérpretes y Traductores”, Vertiente “Proyectos de Revitalización de las Lenguas Indígenas: Apoyo a Grupos Comunitarios Interesados en Implementar el Proyecto Nido de Lenguas”",https://transparencia.puebla.gob.mx/docs2024/adjuntos/43/1228_1768850261_01873105e3f2cb1f2f62596510cd6365.pdf,Dirección de la Academia de Lenguas Indígenas,Lucero Salas Pérez,,2025-12-31T00:00:00Z,El Instituto Poblano de los Pueblos Indígenas informa que respecto a la columna “Edad (en su caso)” se encuentra vacía ya que no se cuenta con la información.,Zoe Sarai,Aguilar,González,"A Participar en los Proyectos Nido de Lenguas, Paisaje Lingüístico y Promotores Lingüísticos para la Difusión y Conservación de las Lenguas Indígenas del Componente 4 ""Promoción de Acciones sobre Lenguas Indígenas, Derechos Lingüísticos, Formación de Intérpretes y Traductores”, Vertiente “Proyectos de Revitalización de las Lenguas Indígenas: Apoyo a Grupos Comunitarios Interesados en Implementar el Proyecto Nido de Lenguas”",Mujer,Mujer cisgénero,2025-08-01T00:00:00Z,1700,1700,Puebla,,
2025,2025-10-01T00:00:00Z,2025-12-31T00:00:00Z,Local,Programas de servicios,Programa para el Desarrollo Integral de los Pueblos Indígenas (E088),"A Participar en los Proyectos Nido de Lenguas, Paisaje Lingüístico y Promotores Lingüísticos para la Difusión y Conservación de las Lenguas Indígenas del Componente 4 ""Promoción de Acciones sobre Lenguas Indígenas, Derechos Lingüísticos, Formación de Intérpretes y Traductores”, Vertiente “Proyectos de Revitalización de las Lenguas Indígenas: Apoyo a Grupos Comunitarios Interesados en Implementar el Proyecto Nido de Lenguas”",https://transparencia.puebla.gob.mx/docs2024/adjuntos/43/1228_1768850261_01873105e3f2cb1f2f62596510cd6365.pdf,Dirección de la Academia de Lenguas Indígenas,Lucero Salas Pérez,,2025-12-31T00:00:00Z,El Instituto Poblano de los Pueblos Indígenas informa que respecto a la columna “Edad (en su caso)” se encuentra vacía ya que no se cuenta con la información.,Diego Emmanuel,Aguilar,Martínez,"A Participar en los Proyectos Nido de Lenguas, Paisaje Lingüístico y Promotores Lingüísticos para la Difusión y Conservación de las Lenguas Indígenas del Componente 4 ""Promoción de Acciones sobre Lenguas Indígenas, Derechos Lingüísticos, Formación de Intérpretes y Traductores”, Vertiente “Proyectos de Revitalización de las Lenguas Indígenas: Apoyo a Grupos Comunitarios Interesados en Implementar el Proyecto Nido de Lenguas”",Hombre,Hombre cisgénero,2025-08-01T00:00:00Z,1700,1700,Puebla,,
2025,2025-10-01T00:00:00Z,2025-12-31T00:00:00Z,Local,Programas de servicios,Programa para el Desarrollo Integral de los Pueblos Indígenas (E088),"A Participar en los Proyectos Nido de Lenguas, Paisaje Lingüístico y Promotores Lingüísticos para la Difusión y Conservación de las Lenguas Indígenas del Componente 4 ""Promoción de Acciones sobre Lenguas Indígenas, Derechos Lingüísticos, Formación de Intérpretes y Traductores”, Vertiente “Proyectos de Revitalización de las Lenguas Indígenas: Apoyo a Grupos Comunitarios Interesados en Implementar el Proyecto Nido de Lenguas”",https://transparencia.puebla.gob.mx/docs2024/adjuntos/43/1228_1768850261_01873105e3f2cb1f2f62596510cd6365.pdf,Dirección de la Academia de Lenguas Indígenas,Lucero Salas Pérez,,2025-12-31T00:00:00Z,El Instituto Poblano de los Pueblos Indígenas informa que respecto a la columna “Edad (en su caso)” se encuentra vacía ya que no se cuenta con la información.,Tania,Aguilar,Rodríguez,"A Participar en los Proyectos Nido de Lenguas, Paisaje Lingüístico y Promotores Lingüísticos para la Difusión y Conservación de las Lenguas Indígenas del Componente 4 ""Promoción de Acciones sobre Lenguas Indígenas, Derechos Lingüísticos, Formación de Intérpretes y Traductores”, Vertiente “Proyectos de Revitalización de las Lenguas Indígenas: Apoyo a Grupos Comunitarios Interesados en Implementar el Proyecto Nido de Lenguas”",Mujer,Mujer cisgénero,2025-08-01T00:00:00Z,1700,1700,Puebla,,
2025,2025-10-01T00:00:00Z,2025-12-31T00:00:00Z,Local,Programas de servicios,Programa para el Desarrollo Integral de los Pueblos Indígenas (E088),"A Participar en los Proyectos Nido de Lenguas, Paisaje Lingüístico y Promotores Lingüísticos para la Difusión y Conservación de las Lenguas Indígenas del Componente 4 ""Promoción de Acciones sobre Lenguas Indígenas, Derechos Lingüísticos, Formación de Intérpretes y Traductores”, Vertiente “Proyectos de Revitalización de las Lenguas Indígenas: Apoyo a Grupos Comunitarios Interesados en Implementar el Proyecto Nido de Lenguas”",https://transparencia.puebla.gob.mx/docs2024/adjuntos/43/1228_1768850261_01873105e3f2cb1f2f62596510cd6365.pdf,Dirección de la Academia de Lenguas Indígenas,Lucero Salas Pérez,,2025-12-31T00:00:00Z,El Instituto Poblano de los Pueblos Indígenas informa que respecto a la columna “Edad (en su caso)” se encuentra vacía ya que no se cuenta con la información.,Alberto Salvador,Arriaga,Rodríguez,"A Participar en los Proyectos Nido de Lenguas, Paisaje Lingüístico y Promotores Lingüísticos para la Difusión y Conservación de las Lenguas Indígenas del Componente 4 ""Promoción de Acciones sobre Lenguas Indígenas, Derechos Lingüísticos, Formación de Intérpretes y Traductores”, Vertiente “Proyectos de Revitalización de las Lenguas Indígenas: Apoyo a Grupos Comunitarios Interesados en Implementar el Proyecto Nido de Lenguas”",Hombre,Hombre cisgénero,2025-08-01T00:00:00Z,1700,1700,Puebla,,
2025,2025-10-01T00:00:00Z,2025-12-31T00:00:00Z,Local,Programas de servicios,Programa para el Desarrollo Integral de los Pueblos Indígenas (E088),"A Participar en los Proyectos Nido de Lenguas, Paisaje Lingüístico y Promotores Lingüísticos para la Difusión y Conservación de las Lenguas Indígenas del Componente 4 ""Promoción de Acciones sobre Lenguas Indígenas, Derechos Lingüísticos, Formación de Intérpretes y Traductores”, Vertiente “Proyectos de Revitalización de las Lenguas Indígenas: Apoyo a Grupos Comunitarios Interesados en Implementar el Proyecto Nido de Lenguas”",https://transparencia.puebla.gob.mx/docs2024/adjuntos/43/1228_1768850261_01873105e3f2cb1f2f62596510cd6365.pdf,Dirección de la Academia de Lenguas Indígenas,Lucero Salas Pérez,,2025-12-31T00:00:00Z,El Instituto Poblano de los Pueblos Indígenas informa que respecto a la columna “Edad (en su caso)” se encuentra vacía ya que no se cuenta con la información.,Kira Fernanda,Bretón,Escamilla,"A Participar en los Proyectos Nido de Lenguas, Paisaje Lingüístico y Promotores Lingüísticos para la Difusión y Conservación de las Lenguas Indígenas del Componente 4 ""Promoción de Acciones sobre Lenguas Indígenas, Derechos Lingüísticos, Formación de Intérpretes y Traductores”, Vertiente “Proyectos de Revitalización de las Lenguas Indígenas: Apoyo a Grupos Comunitarios Interesados en Implementar el Proyecto Nido de Lenguas”",Mujer,Mujer cisgénero,2025-08-01T00:00:00Z,1700,1700,Puebla,,
2025,2025-10-01T00:00:00Z,2025-12-31T00:00:00Z,Local,Programas de servicios,Programa para el Desarrollo Integral de los Pueblos Indígenas (E088),"A Participar en los Proyectos Nido de Lenguas, Paisaje Lingüístico y Promotores Lingüísticos para la Difusión y Conservación de las Lenguas Indígenas del Componente 4 ""Promoción de Acciones sobre Lenguas Indígenas, Derechos Lingüísticos, Formación de Intérpretes y Traductores”, Vertiente “Proyectos de Revitalización de las Lenguas Indígenas: Apoyo a Grupos Comunitarios Interesados en Implementar el Proyecto Nido de Lenguas”",https://transparencia.puebla.gob.mx/docs2024/adjuntos/43/1228_1768850261_01873105e3f2cb1f2f62596510cd6365.pdf,Dirección de la Academia de Lenguas Indígenas,Lucero Salas Pérez,,2025-12-31T00:00:00Z,El Instituto Poblano de los Pueblos Indígenas informa que respecto a la columna “Edad (en su caso)” se encuentra vacía ya que no se cuenta con la información.,Esmeralda,Castillo,Flores,"A Participar en los Proyectos Nido de Lenguas, Paisaje Lingüístico y Promotores Lingüísticos para la Difusión y Conservación de las Lenguas Indígenas del Componente 4 ""Promoción de Acciones sobre Lenguas Indígenas, Derechos Lingüísticos, Formación de Intérpretes y Traductores”, Vertiente “Proyectos de Revitalización de las Lenguas Indígenas: Apoyo a Grupos Comunitarios Interesados en Implementar el Proyecto Nido de Lenguas”",Mujer,Mujer cisgénero,2025-08-01T00:00:00Z,1700,1700,Puebla,,
2025,2025-10-01T00:00:00Z,2025-12-31T00:00:00Z,Local,Programas de servicios,Programa para el Desarrollo Integral de los Pueblos Indígenas (E088),"A Participar en los Proyectos Nido de Lenguas, Paisaje Lingüístico y Promotores Lingüísticos para la Difusión y Conservación de las Lenguas Indígenas del Componente 4 ""Promoción de Acciones sobre Lenguas Indígenas, Derechos Lingüísticos, Formación de Intérpretes y Traductores”, Vertiente “Proyectos de Revitalización de las Lenguas Indígenas: Apoyo a Grupos Comunitarios Interesados en Implementar el Proyecto Nido de Lenguas”",https://transparencia.puebla.gob.mx/docs2024/adjuntos/43/1228_1768850261_01873105e3f2cb1f2f62596510cd6365.pdf,Dirección de la Academia de Lenguas Indígenas,Lucero Salas Pérez,,2025-12-31T00:00:00Z,El Instituto Poblano de los Pueblos Indígenas informa que respecto a la columna “Edad (en su caso)” se encuentra vacía ya que no se cuenta con la información.,Jesús Daniel,Hernández,Gómez,"A Participar en los Proyectos Nido de Lenguas, Paisaje Lingüístico y Promotores Lingüísticos para la Difusión y Conservación de las Lenguas Indígenas del Componente 4 ""Promoción de Acciones sobre Lenguas Indígenas, Derechos Lingüísticos, Formación de Intérpretes y Traductores”, Vertiente “Proyectos de Revitalización de las Lenguas Indígenas: Apoyo a Grupos Comunitarios Interesados en Implementar el Proyecto Nido de Lenguas”",Hombre,Hombre cisgénero,2025-08-01T00:00:00Z,1700,1700,Puebla,,
2025,2025-10-01T00:00:00Z,2025-12-31T00:00:00Z,Local,Programas de servicios,Programa para el Desarrollo Integral de los Pueblos Indígenas (E088),"A Participar en los Proyectos Nido de Lenguas, Paisaje Lingüístico y Promotores Lingüísticos para la Difusión y Conservación de las Lenguas Indígenas del Componente 4 ""Promoción de Acciones sobre Lenguas Indígenas, Derechos Lingüísticos, Formación de Intérpretes y Traductores”, Vertiente “Proyectos de Revitalización de las Lenguas Indígenas: Apoyo a Grupos Comunitarios Interesados en Implementar el Proyecto Nido de Lenguas”",https://transparencia.puebla.gob.mx/docs2024/adjuntos/43/1228_1768850261_01873105e3f2cb1f2f62596510cd6365.pdf,Dirección de la Academia de Lenguas Indígenas,Lucero Salas Pérez,,2025-12-31T00:00:00Z,El Instituto Poblano de los Pueblos Indígenas informa que respecto a la columna “Edad (en su caso)” se encuentra vacía ya que no se cuenta con la información.,Adela Gabriela,Alba,Adán,"A Participar en los Proyectos Nido de Lenguas, Paisaje Lingüístico y Promotores Lingüísticos para la Difusión y Conservación de las Lenguas Indígenas del Componente 4 ""Promoción de Acciones sobre Lenguas Indígenas, Derechos Lingüísticos, Formación de Intérpretes y Traductores”, Vertiente “Proyectos de Revitalización de las Lenguas Indígenas: Apoyo a Grupos Comunitarios Interesados en Implementar el Proyecto Nido de Lenguas”",Mujer,Mujer cisgénero,2025-08-01T00:00:00Z,10000,10000,Puebla,,
2025,2025-10-01T00:00:00Z,2025-12-31T00:00:00Z,Local,Programas de servicios,Programa para el Desarrollo Integral de los Pueblos Indígenas (E088),"A Participar en los Proyectos Nido de Lenguas, Paisaje Lingüístico y Promotores Lingüísticos para la Difusión y Conservación de las Lenguas Indígenas del Componente 4 ""Promoción de Acciones sobre Lenguas Indígenas, Derechos Lingüísticos, Formación de Intérpretes y Traductores”, Vertiente “Proyectos de Revitalización de las Lenguas Indígenas: Apoyo a Grupos Comunitarios Interesados en Implementar el Proyecto Nido de Lenguas”",https://transparencia.puebla.gob.mx/docs2024/adjuntos/43/1228_1768850261_01873105e3f2cb1f2f62596510cd6365.pdf,Dirección de la Academia de Lenguas Indígenas,Lucero Salas Pérez,,2025-12-31T00:00:00Z,El Instituto Poblano de los Pueblos Indígenas informa que respecto a la columna “Edad (en su caso)” se encuentra vacía ya que no se cuenta con la información.,Rocío,Pioquinto,Martínez,"A Participar en los Proyectos Nido de Lenguas, Paisaje Lingüístico y Promotores Lingüísticos para la Difusión y Conservación de las Lenguas Indígenas del Componente 4 ""Promoción de Acciones sobre Lenguas Indígenas, Derechos Lingüísticos, Formación de Intérpretes y Traductores”, Vertiente “Proyectos de Revitalización de las Lenguas Indígenas: Apoyo a Grupos Comunitarios Interesados en Implementar el Proyecto Nido de Lenguas”",Mujer,Mujer cisgénero,2025-08-01T00:00:00Z,10000,10000,Puebla,,
2025,2025-10-01T00:00:00Z,2025-12-31T00:00:00Z,Local,Programas de servicios,Programa para el Desarrollo Integral de los Pueblos Indígenas (E088),"A Participar en los Proyectos Nido de Lenguas, Paisaje Lingüístico y Promotores Lingüísticos para la Difusión y Conservación de las Lenguas Indígenas del Componente 4 ""Promoción de Acciones sobre Lenguas Indígenas, Derechos Lingüísticos, Formación de Intérpretes y Traductores”, Vertiente “Proyectos de Revitalización de las Lenguas Indígenas: Apoyo a Grupos Comunitarios Interesados en Implementar el Proyecto Nido de Lenguas”",https://transparencia.puebla.gob.mx/docs2024/adjuntos/43/1228_1768850261_01873105e3f2cb1f2f62596510cd6365.pdf,Dirección de la Academia de Lenguas Indígenas,Lucero Salas Pérez,,2025-12-31T00:00:00Z,El Instituto Poblano de los Pueblos Indígenas informa que respecto a la columna “Edad (en su caso)” se encuentra vacía ya que no se cuenta con la información.,Luis Adrián,Hernández,Rivera,"A Participar en los Proyectos Nido de Lenguas, Paisaje Lingüístico y Promotores Lingüísticos para la Difusión y Conservación de las Lenguas Indígenas del Componente 4 ""Promoción de Acciones sobre Lenguas Indígenas, Derechos Lingüísticos, Formación de Intérpretes y Traductores”, Vertiente “Proyectos de Revitalización de las Lenguas Indígenas: Apoyo a Grupos Comunitarios Interesados en Implementar el Proyecto Nido de Lenguas”",Hombre,Hombre cisgénero,2025-08-01T00:00:00Z,1700,1700,Puebla,,
2025,2025-10-01T00:00:00Z,2025-12-31T00:00:00Z,Local,Programas de servicios,Programa para el Desarrollo Integral de los Pueblos Indígenas (E088),"A Participar en los Proyectos Nido de Lenguas, Paisaje Lingüístico y Promotores Lingüísticos para la Difusión y Conservación de las Lenguas Indígenas del Componente 4 ""Promoción de Acciones sobre Lenguas Indígenas, Derechos Lingüísticos, Formación de Intérpretes y Traductores”, Vertiente “Proyectos de Revitalización de las Lenguas Indígenas: Apoyo a Grupos Comunitarios Interesados en Implementar el Proyecto Nido de Lenguas”",https://transparencia.puebla.gob.mx/docs2024/adjuntos/43/1228_1768850261_01873105e3f2cb1f2f62596510cd6365.pdf,Dirección de la Academia de Lenguas Indígenas,Lucero Salas Pérez,,2025-12-31T00:00:00Z,El Instituto Poblano de los Pueblos Indígenas informa que respecto a la columna “Edad (en su caso)” se encuentra vacía ya que no se cuenta con la información.,Alan Uriel,Hernández,Rivera,"A Participar en los Proyectos Nido de Lenguas, Paisaje Lingüístico y Promotores Lingüísticos para la Difusión y Conservación de las Lenguas Indígenas del Componente 4 ""Promoción de Acciones sobre Lenguas Indígenas, Derechos Lingüísticos, Formación de Intérpretes y Traductores”, Vertiente “Proyectos de Revitalización de las Lenguas Indígenas: Apoyo a Grupos Comunitarios Interesados en Implementar el Proyecto Nido de Lenguas”",Hombre,Hombre cisgénero,2025-08-01T00:00:00Z,1700,1700,Puebla,,
2025,2025-10-01T00:00:00Z,2025-12-31T00:00:00Z,Local,Programas de servicios,Programa para el Desarrollo Integral de los Pueblos Indígenas (E088),"A Participar en los Proyectos Nido de Lenguas, Paisaje Lingüístico y Promotores Lingüísticos para la Difusión y Conservación de las Lenguas Indígenas del Componente 4 ""Promoción de Acciones sobre Lenguas Indígenas, Derechos Lingüísticos, Formación de Intérpretes y Traductores”, Vertiente “Proyectos de Revitalización de las Lenguas Indígenas: Apoyo a Grupos Comunitarios Interesados en Implementar el Proyecto Nido de Lenguas”",https://transparencia.puebla.gob.mx/docs2024/adjuntos/43/1228_1768850261_01873105e3f2cb1f2f62596510cd6365.pdf,Dirección de la Academia de Lenguas Indígenas,Lucero Salas Pérez,,2025-12-31T00:00:00Z,El Instituto Poblano de los Pueblos Indígenas informa que respecto a la columna “Edad (en su caso)” se encuentra vacía ya que no se cuenta con la información.,Ana Fernanda,Francisco,Colin,"A Participar en los Proyectos Nido de Lenguas, Paisaje Lingüístico y Promotores Lingüísticos para la Difusión y Conservación de las Lenguas Indígenas del Componente 4 ""Promoción de Acciones sobre Lenguas Indígenas, Derechos Lingüísticos, Formación de Intérpretes y Traductores”, Vertiente “Proyectos de Revitalización de las Lenguas Indígenas: Apoyo a Grupos Comunitarios Interesados en Implementar el Proyecto Nido de Lenguas”",Mujer,Mujer cisgénero,2025-08-01T00:00:00Z,1700,1700,Puebla,,
2025,2025-10-01T00:00:00Z,2025-12-31T00:00:00Z,Local,Programas de servicios,Programa para el Desarrollo Integral de los Pueblos Indígenas (E088),"A Participar en los Proyectos Nido de Lenguas, Paisaje Lingüístico y Promotores Lingüísticos para la Difusión y Conservación de las Lenguas Indígenas del Componente 4 ""Promoción de Acciones sobre Lenguas Indígenas, Derechos Lingüísticos, Formación de Intérpretes y Traductores”, Vertiente “Proyectos de Revitalización de las Lenguas Indígenas: Apoyo a Grupos Comunitarios Interesados en Implementar el Proyecto Nido de Lenguas”",https://transparencia.puebla.gob.mx/docs2024/adjuntos/43/1228_1768850261_01873105e3f2cb1f2f62596510cd6365.pdf,Dirección de la Academia de Lenguas Indígenas,Lucero Salas Pérez,,2025-12-31T00:00:00Z,El Instituto Poblano de los Pueblos Indígenas informa que respecto a la columna “Edad (en su caso)” se encuentra vacía ya que no se cuenta con la información.,Ximena,Ignacio,Arrioja,"A Participar en los Proyectos Nido de Lenguas, Paisaje Lingüístico y Promotores Lingüísticos para la Difusión y Conservación de las Lenguas Indígenas del Componente 4 ""Promoción de Acciones sobre Lenguas Indígenas, Derechos Lingüísticos, Formación de Intérpretes y Traductores”, Vertiente “Proyectos de Revitalización de las Lenguas Indígenas: Apoyo a Grupos Comunitarios Interesados en Implementar el Proyecto Nido de Lenguas”",Mujer,Mujer cisgénero,2025-08-01T00:00:00Z,1700,1700,Puebla,,
2025,2025-10-01T00:00:00Z,2025-12-31T00:00:00Z,Local,Programas de servicios,Programa para el Desarrollo Integral de los Pueblos Indígenas (E088),"A Participar en los Proyectos Nido de Lenguas, Paisaje Lingüístico y Promotores Lingüísticos para la Difusión y Conservación de las Lenguas Indígenas del Componente 4 ""Promoción de Acciones sobre Lenguas Indígenas, Derechos Lingüísticos, Formación de Intérpretes y Traductores”, Vertiente “Proyectos de Revitalización de las Lenguas Indígenas: Apoyo a Grupos Comunitarios Interesados en Implementar el Proyecto Nido de Lenguas”",https://transparencia.puebla.gob.mx/docs2024/adjuntos/43/1228_1768850261_01873105e3f2cb1f2f62596510cd6365.pdf,Dirección de la Academia de Lenguas Indígenas,Lucero Salas Pérez,,2025-12-31T00:00:00Z,El Instituto Poblano de los Pueblos Indígenas informa que respecto a la columna “Edad (en su caso)” se encuentra vacía ya que no se cuenta con la información.,Elías,Lozano,Martínez,"A Participar en los Proyectos Nido de Lenguas, Paisaje Lingüístico y Promotores Lingüísticos para la Difusión y Conservación de las Lenguas Indígenas del Componente 4 ""Promoción de Acciones sobre Lenguas Indígenas, Derechos Lingüísticos, Formación de Intérpretes y Traductores”, Vertiente “Proyectos de Revitalización de las Lenguas Indígenas: Apoyo a Grupos Comunitarios Interesados en Implementar el Proyecto Nido de Lenguas”",Hombre,Hombre cisgénero,2025-08-01T00:00:00Z,1700,1700,Puebla,,
2025,2025-10-01T00:00:00Z,2025-12-31T00:00:00Z,Local,Programas de servicios,Programa para el Desarrollo Integral de los Pueblos Indígenas (E088),"A Participar en los Proyectos Nido de Lenguas, Paisaje Lingüístico y Promotores Lingüísticos para la Difusión y Conservación de las Lenguas Indígenas del Componente 4 ""Promoción de Acciones sobre Lenguas Indígenas, Derechos Lingüísticos, Formación de Intérpretes y Traductores”, Vertiente “Proyectos de Revitalización de las Lenguas Indígenas: Apoyo a Grupos Comunitarios Interesados en Implementar el Proyecto Nido de Lenguas”",https://transparencia.puebla.gob.mx/docs2024/adjuntos/43/1228_1768850261_01873105e3f2cb1f2f62596510cd6365.pdf,Dirección de la Academia de Lenguas Indígenas,Lucero Salas Pérez,,2025-12-31T00:00:00Z,El Instituto Poblano de los Pueblos Indígenas informa que respecto a la columna “Edad (en su caso)” se encuentra vacía ya que no se cuenta con la información.,Owen Jesús,Velasco,Valencia,"A Participar en los Proyectos Nido de Lenguas, Paisaje Lingüístico y Promotores Lingüísticos para la Difusión y Conservación de las Lenguas Indígenas del Componente 4 ""Promoción de Acciones sobre Lenguas Indígenas, Derechos Lingüísticos, Formación de Intérpretes y Traductores”, Vertiente “Proyectos de Revitalización de las Lenguas Indígenas: Apoyo a Grupos Comunitarios Interesados en Implementar el Proyecto Nido de Lenguas”",Hombre,Hombre cisgénero,2025-08-01T00:00:00Z,1700,1700,Puebla,,
2025,2025-10-01T00:00:00Z,2025-12-31T00:00:00Z,Local,Programas de servicios,Programa para el Desarrollo Integral de los Pueblos Indígenas (E088),"A Participar en los Proyectos Nido de Lenguas, Paisaje Lingüístico y Promotores Lingüísticos para la Difusión y Conservación de las Lenguas Indígenas del Componente 4 ""Promoción de Acciones sobre Lenguas Indígenas, Derechos Lingüísticos, Formación de Intérpretes y Traductores”, Vertiente “Proyectos de Revitalización de las Lenguas Indígenas: Apoyo a Grupos Comunitarios Interesados en Implementar el Proyecto Nido de Lenguas”",https://transparencia.puebla.gob.mx/docs2024/adjuntos/43/1228_1768850261_01873105e3f2cb1f2f62596510cd6365.pdf,Dirección de la Academia de Lenguas Indígenas,Lucero Salas Pérez,,2025-12-31T00:00:00Z,El Instituto Poblano de los Pueblos Indígenas informa que respecto a la columna “Edad (en su caso)” se encuentra vacía ya que no se cuenta con la información.,Antonia,Rodríguez,Pérez,"A Participar en los Proyectos Nido de Lenguas, Paisaje Lingüístico y Promotores Lingüísticos para la Difusión y Conservación de las Lenguas Indígenas del Componente 4 ""Promoción de Acciones sobre Lenguas Indígenas, Derechos Lingüísticos, Formación de Intérpretes y Traductores”, Vertiente “Proyectos de Revitalización de las Lenguas Indígenas: Apoyo a Grupos Comunitarios Interesados en Implementar el Proyecto Nido de Lenguas”",Mujer,Mujer cisgénero,2025-08-01T00:00:00Z,10000,10000,Puebla,,
2025,2025-10-01T00:00:00Z,2025-12-31T00:00:00Z,Local,Programas de servicios,Programa para el Desarrollo Integral de los Pueblos Indígenas (E088),"A Participar en los Proyectos Nido de Lenguas, Paisaje Lingüístico y Promotores Lingüísticos para la Difusión y Conservación de las Lenguas Indígenas del Componente 4 ""Promoción de Acciones sobre Lenguas Indígenas, Derechos Lingüísticos, Formación de Intérpretes y Traductores”, Vertiente “Proyectos de Revitalización de las Lenguas Indígenas: Apoyo a Grupos Comunitarios Interesados en Implementar el Proyecto Nido de Lenguas”",https://transparencia.puebla.gob.mx/docs2024/adjuntos/43/1228_1768850261_01873105e3f2cb1f2f62596510cd6365.pdf,Dirección de la Academia de Lenguas Indígenas,Lucero Salas Pérez,,2025-12-31T00:00:00Z,El Instituto Poblano de los Pueblos Indígenas informa que respecto a la columna “Edad (en su caso)” se encuentra vacía ya que no se cuenta con la información.,Luz Yaneth,Esteban,Cruz,"A Participar en los Proyectos Nido de Lenguas, Paisaje Lingüístico y Promotores Lingüísticos para la Difusión y Conservación de las Lenguas Indígenas del Componente 4 ""Promoción de Acciones sobre Lenguas Indígenas, Derechos Lingüísticos, Formación de Intérpretes y Traductores”, Vertiente “Proyectos de Revitalización de las Lenguas Indígenas: Apoyo a Grupos Comunitarios Interesados en Implementar el Proyecto Nido de Lenguas”",Mujer,Mujer cisgénero,2025-08-01T00:00:00Z,10000,10000,Puebla,,
2025,2025-10-01T00:00:00Z,2025-12-31T00:00:00Z,Local,Programas de servicios,Programa para el Desarrollo Integral de los Pueblos Indígenas (E088),"A Participar en los Proyectos Nido de Lenguas, Paisaje Lingüístico y Promotores Lingüísticos para la Difusión y Conservación de las Lenguas Indígenas del Componente 4 ""Promoción de Acciones sobre Lenguas Indígenas, Derechos Lingüísticos, Formación de Intérpretes y Traductores”, Vertiente “Proyectos de Revitalización de las Lenguas Indígenas: Apoyo a Grupos Comunitarios Interesados en Implementar el Proyecto Nido de Lenguas”",https://transparencia.puebla.gob.mx/docs2024/adjuntos/43/1228_1768850261_01873105e3f2cb1f2f62596510cd6365.pdf,Dirección de la Academia de Lenguas Indígenas,Lucero Salas Pérez,,2025-12-31T00:00:00Z,El Instituto Poblano de los Pueblos Indígenas informa que respecto a la columna “Edad (en su caso)” se encuentra vacía ya que no se cuenta con la información.,Alonso,Gaona,Juárez,"A Participar en los Proyectos Nido de Lenguas, Paisaje Lingüístico y Promotores Lingüísticos para la Difusión y Conservación de las Lenguas Indígenas del Componente 4 ""Promoción de Acciones sobre Lenguas Indígenas, Derechos Lingüísticos, Formación de Intérpretes y Traductores”, Vertiente “Proyectos de Revitalización de las Lenguas Indígenas: Apoyo a Grupos Comunitarios Interesados en Implementar el Proyecto Nido de Lenguas”",Hombre,Hombre cisgénero,2025-08-01T00:00:00Z,1700,1700,Puebla,,
2025,2025-10-01T00:00:00Z,2025-12-31T00:00:00Z,Local,Programas de servicios,Programa para el Desarrollo Integral de los Pueblos Indígenas (E088),"A Participar en los Proyectos Nido de Lenguas, Paisaje Lingüístico y Promotores Lingüísticos para la Difusión y Conservación de las Lenguas Indígenas del Componente 4 ""Promoción de Acciones sobre Lenguas Indígenas, Derechos Lingüísticos, Formación de Intérpretes y Traductores”, Vertiente “Proyectos de Revitalización de las Lenguas Indígenas: Apoyo a Grupos Comunitarios Interesados en Implementar el Proyecto Nido de Lenguas”",https://transparencia.puebla.gob.mx/docs2024/adjuntos/43/1228_1768850261_01873105e3f2cb1f2f62596510cd6365.pdf,Dirección de la Academia de Lenguas Indígenas,Lucero Salas Pérez,,2025-12-31T00:00:00Z,El Instituto Poblano de los Pueblos Indígenas informa que respecto a la columna “Edad (en su caso)” se encuentra vacía ya que no se cuenta con la información.,Diego Efraín,Ramírez,Pérez,"A Participar en los Proyectos Nido de Lenguas, Paisaje Lingüístico y Promotores Lingüísticos para la Difusión y Conservación de las Lenguas Indígenas del Componente 4 ""Promoción de Acciones sobre Lenguas Indígenas, Derechos Lingüísticos, Formación de Intérpretes y Traductores”, Vertiente “Proyectos de Revitalización de las Lenguas Indígenas: Apoyo a Grupos Comunitarios Interesados en Implementar el Proyecto Nido de Lenguas”",Hombre,Hombre cisgénero,2025-08-01T00:00:00Z,1700,1700,Puebla,,
2025,2025-10-01T00:00:00Z,2025-12-31T00:00:00Z,Local,Programas de servicios,Programa para el Desarrollo Integral de los Pueblos Indígenas (E088),"A Participar en los Proyectos Nido de Lenguas, Paisaje Lingüístico y Promotores Lingüísticos para la Difusión y Conservación de las Lenguas Indígenas del Componente 4 ""Promoción de Acciones sobre Lenguas Indígenas, Derechos Lingüísticos, Formación de Intérpretes y Traductores”, Vertiente Procesos de Traducción en Lenguas Indígenas:  Proyectos de Revitalización Lingüística.",https://transparencia.puebla.gob.mx/docs2024/adjuntos/43/1228_1768850345_c97465f43721cd251453522e7a1db1fc.pdf,Dirección de la Academia de Lenguas Indígenas,Lucero Salas Pérez,,2025-12-31T00:00:00Z,El Instituto Poblano de los Pueblos Indígenas informa que respecto a la columna “Edad (en su caso)” se encuentra vacía ya que no se cuenta con la información.,Cecilia,Antonio,Pérez,"A Participar en los Proyectos Nido de Lenguas, Paisaje Lingüístico y Promotores Lingüísticos para la Difusión y Conservación de las Lenguas Indígenas del Componente 4 ""Promoción de Acciones sobre Lenguas Indígenas, Derechos Lingüísticos, Formación de Intérpretes y Traductores”, Vertiente Procesos de Traducción en Lenguas Indígenas:  Proyectos de Revitalización Lingüística.",Mujer,Mujer cisgénero,2025-08-01T00:00:00Z,12000,12000,Puebla,24,
2025,2025-10-01T00:00:00Z,2025-12-31T00:00:00Z,Local,Programas de servicios,Programa para el Desarrollo Integral de los Pueblos Indígenas (E088),"A Participar en los Proyectos Nido de Lenguas, Paisaje Lingüístico y Promotores Lingüísticos para la Difusión y Conservación de las Lenguas Indígenas del Componente 4 ""Promoción de Acciones sobre Lenguas Indígenas, Derechos Lingüísticos, Formación de Intérpretes y Traductores”, Vertiente Procesos de Traducción en Lenguas Indígenas:  Proyectos de Revitalización Lingüística.",https://transparencia.puebla.gob.mx/docs2024/adjuntos/43/1228_1768850345_c97465f43721cd251453522e7a1db1fc.pdf,Dirección de la Academia de Lenguas Indígenas,Lucero Salas Pérez,,2025-12-31T00:00:00Z,El Instituto Poblano de los Pueblos Indígenas informa que respecto a la columna “Edad (en su caso)” se encuentra vacía ya que no se cuenta con la información.,Efrén Antonio,Palomo,Huaxin,"A Participar en los Proyectos Nido de Lenguas, Paisaje Lingüístico y Promotores Lingüísticos para la Difusión y Conservación de las Lenguas Indígenas del Componente 4 ""Promoción de Acciones sobre Lenguas Indígenas, Derechos Lingüísticos, Formación de Intérpretes y Traductores”, Vertiente Procesos de Traducción en Lenguas Indígenas:  Proyectos de Revitalización Lingüística.",Hombre,Hombre cisgénero,2025-08-01T00:00:00Z,12000,12000,Puebla,25,
2025,2025-10-01T00:00:00Z,2025-12-31T00:00:00Z,Local,Programas de servicios,Programa para el Desarrollo Integral de los Pueblos Indígenas (E088),"A Participar en los Proyectos Nido de Lenguas, Paisaje Lingüístico y Promotores Lingüísticos para la Difusión y Conservación de las Lenguas Indígenas del Componente 4 ""Promoción de Acciones sobre Lenguas Indígenas, Derechos Lingüísticos, Formación de Intérpretes y Traductores”, Vertiente Procesos de Traducción en Lenguas Indígenas:  Proyectos de Revitalización Lingüística.",https://transparencia.puebla.gob.mx/docs2024/adjuntos/43/1228_1768850345_c97465f43721cd251453522e7a1db1fc.pdf,Dirección de la Academia de Lenguas Indígenas,Lucero Salas Pérez,,2025-12-31T00:00:00Z,El Instituto Poblano de los Pueblos Indígenas informa que respecto a la columna “Edad (en su caso)” se encuentra vacía ya que no se cuenta con la información.,Emilio,Nicolás,Rodríguez,"A Participar en los Proyectos Nido de Lenguas, Paisaje Lingüístico y Promotores Lingüísticos para la Difusión y Conservación de las Lenguas Indígenas del Componente 4 ""Promoción de Acciones sobre Lenguas Indígenas, Derechos Lingüísticos, Formación de Intérpretes y Traductores”, Vertiente Procesos de Traducción en Lenguas Indígenas:  Proyectos de Revitalización Lingüística.",Hombre,Hombre cisgénero,2025-08-01T00:00:00Z,12000,12000,Puebla,36,
2025,2025-10-01T00:00:00Z,2025-12-31T00:00:00Z,Local,Programas de servicios,Programa para el Desarrollo Integral de los Pueblos Indígenas (E088),"A Participar en los Proyectos Nido de Lenguas, Paisaje Lingüístico y Promotores Lingüísticos para la Difusión y Conservación de las Lenguas Indígenas del Componente 4 ""Promoción de Acciones sobre Lenguas Indígenas, Derechos Lingüísticos, Formación de Intérpretes y Traductores”, Vertiente Procesos de Traducción en Lenguas Indígenas:  Proyectos de Revitalización Lingüística.",https://transparencia.puebla.gob.mx/docs2024/adjuntos/43/1228_1768850345_c97465f43721cd251453522e7a1db1fc.pdf,Dirección de la Academia de Lenguas Indígenas,Lucero Salas Pérez,,2025-12-31T00:00:00Z,El Instituto Poblano de los Pueblos Indígenas informa que respecto a la columna “Edad (en su caso)” se encuentra vacía ya que no se cuenta con la información.,Agustín,Clemente,Martínez,"A Participar en los Proyectos Nido de Lenguas, Paisaje Lingüístico y Promotores Lingüísticos para la Difusión y Conservación de las Lenguas Indígenas del Componente 4 ""Promoción de Acciones sobre Lenguas Indígenas, Derechos Lingüísticos, Formación de Intérpretes y Traductores”, Vertiente Procesos de Traducción en Lenguas Indígenas:  Proyectos de Revitalización Lingüística.",Hombre,Hombre cisgénero,2025-08-01T00:00:00Z,12000,12000,Puebla,58,
2025,2025-10-01T00:00:00Z,2025-12-31T00:00:00Z,Local,Programas de servicios,Programa para el Desarrollo Integral de los Pueblos Indígenas (E088),"A Participar en los Proyectos Nido de Lenguas, Paisaje Lingüístico y Promotores Lingüísticos para la Difusión y Conservación de las Lenguas Indígenas del Componente 4 ""Promoción de Acciones sobre Lenguas Indígenas, Derechos Lingüísticos, Formación de Intérpretes y Traductores”, Vertiente Procesos de Traducción en Lenguas Indígenas:  Proyectos de Revitalización Lingüística.",https://transparencia.puebla.gob.mx/docs2024/adjuntos/43/1228_1768850345_c97465f43721cd251453522e7a1db1fc.pdf,Dirección de la Academia de Lenguas Indígenas,Lucero Salas Pérez,,2025-12-31T00:00:00Z,El Instituto Poblano de los Pueblos Indígenas informa que respecto a la columna “Edad (en su caso)” se encuentra vacía ya que no se cuenta con la información.,José Luis,Patoni,Nieves,"A Participar en los Proyectos Nido de Lenguas, Paisaje Lingüístico y Promotores Lingüísticos para la Difusión y Conservación de las Lenguas Indígenas del Componente 4 ""Promoción de Acciones sobre Lenguas Indígenas, Derechos Lingüísticos, Formación de Intérpretes y Traductores”, Vertiente Procesos de Traducción en Lenguas Indígenas:  Proyectos de Revitalización Lingüística.",Hombre,Hombre cisgénero,2025-08-01T00:00:00Z,12000,12000,Puebla,32,
2025,2025-10-01T00:00:00Z,2025-12-31T00:00:00Z,Local,Programas de servicios,Programa para el Desarrollo Integral de los Pueblos Indígenas (E088),"A Participar en los Proyectos Nido de Lenguas, Paisaje Lingüístico y Promotores Lingüísticos para la Difusión y Conservación de las Lenguas Indígenas del Componente 4 ""Promoción de Acciones sobre Lenguas Indígenas, Derechos Lingüísticos, Formación de Intérpretes y Traductores”, Vertiente Procesos de Traducción en Lenguas Indígenas:  Proyectos de Revitalización Lingüística.",https://transparencia.puebla.gob.mx/docs2024/adjuntos/43/1228_1768850345_c97465f43721cd251453522e7a1db1fc.pdf,Dirección de la Academia de Lenguas Indígenas,Lucero Salas Pérez,,2025-12-31T00:00:00Z,El Instituto Poblano de los Pueblos Indígenas informa que respecto a la columna “Edad (en su caso)” se encuentra vacía ya que no se cuenta con la información.,Isidoro,Toribio,Santos,"A Participar en los Proyectos Nido de Lenguas, Paisaje Lingüístico y Promotores Lingüísticos para la Difusión y Conservación de las Lenguas Indígenas del Componente 4 ""Promoción de Acciones sobre Lenguas Indígenas, Derechos Lingüísticos, Formación de Intérpretes y Traductores”, Vertiente Procesos de Traducción en Lenguas Indígenas:  Proyectos de Revitalización Lingüística.",Hombre,Hombre cisgénero,2025-08-01T00:00:00Z,12000,12000,Puebla,39,
2025,2025-10-01T00:00:00Z,2025-12-31T00:00:00Z,Local,Programas de servicios,Programa para el Desarrollo Integral de los Pueblos Indígenas (E088),"A Participar en los Proyectos Nido de Lenguas, Paisaje Lingüístico y Promotores Lingüísticos para la Difusión y Conservación de las Lenguas Indígenas del Componente 4 ""Promoción de Acciones sobre Lenguas Indígenas, Derechos Lingüísticos, Formación de Intérpretes y Traductores”, Vertiente Procesos de Traducción en Lenguas Indígenas:  Proyectos de Revitalización Lingüística.",https://transparencia.puebla.gob.mx/docs2024/adjuntos/43/1228_1768850345_c97465f43721cd251453522e7a1db1fc.pdf,Dirección de la Academia de Lenguas Indígenas,Lucero Salas Pérez,,2025-12-31T00:00:00Z,El Instituto Poblano de los Pueblos Indígenas informa que respecto a la columna “Edad (en su caso)” se encuentra vacía ya que no se cuenta con la información.,Jesús,Gaspar,González,"A Participar en los Proyectos Nido de Lenguas, Paisaje Lingüístico y Promotores Lingüísticos para la Difusión y Conservación de las Lenguas Indígenas del Componente 4 ""Promoción de Acciones sobre Lenguas Indígenas, Derechos Lingüísticos, Formación de Intérpretes y Traductores”, Vertiente Procesos de Traducción en Lenguas Indígenas:  Proyectos de Revitalización Lingüística.",Hombre,Hombre cisgénero,2025-08-01T00:00:00Z,12000,12000,Puebla,25,
2025,2025-10-01T00:00:00Z,2025-12-31T00:00:00Z,Local,Programas de servicios,Programa para el Desarrollo Integral de los Pueblos Indígenas (E088),"A Participar en los Proyectos Nido de Lenguas, Paisaje Lingüístico y Promotores Lingüísticos para la Difusión y Conservación de las Lenguas Indígenas del Componente 4 ""Promoción de Acciones sobre Lenguas Indígenas, Derechos Lingüísticos, Formación de Intérpretes y Traductores”, Vertiente Procesos de Traducción en Lenguas Indígenas:  Proyectos de Revitalización Lingüística.",https://transparencia.puebla.gob.mx/docs2024/adjuntos/43/1228_1768850345_c97465f43721cd251453522e7a1db1fc.pdf,Dirección de la Academia de Lenguas Indígenas,Lucero Salas Pérez,,2025-12-31T00:00:00Z,El Instituto Poblano de los Pueblos Indígenas informa que respecto a la columna “Edad (en su caso)” se encuentra vacía ya que no se cuenta con la información.,Fortunato,Vargas,Oropeza,"A Participar en los Proyectos Nido de Lenguas, Paisaje Lingüístico y Promotores Lingüísticos para la Difusión y Conservación de las Lenguas Indígenas del Componente 4 ""Promoción de Acciones sobre Lenguas Indígenas, Derechos Lingüísticos, Formación de Intérpretes y Traductores”, Vertiente Procesos de Traducción en Lenguas Indígenas:  Proyectos de Revitalización Lingüística.",Hombre,Hombre cisgénero,2025-08-01T00:00:00Z,12000,12000,Puebla,47,
2025,2025-10-01T00:00:00Z,2025-12-31T00:00:00Z,Local,Programas de servicios,Programa para el Desarrollo Integral de los Pueblos Indígenas (E088),"A Participar en los Proyectos Nido de Lenguas, Paisaje Lingüístico y Promotores Lingüísticos para la Difusión y Conservación de las Lenguas Indígenas del Componente 4 ""Promoción de Acciones sobre Lenguas Indígenas, Derechos Lingüísticos, Formación de Intérpretes y Traductores”, Vertiente Procesos de Traducción en Lenguas Indígenas:  Proyectos de Revitalización Lingüística.",https://transparencia.puebla.gob.mx/docs2024/adjuntos/43/1228_1768850345_c97465f43721cd251453522e7a1db1fc.pdf,Dirección de la Academia de Lenguas Indígenas,Lucero Salas Pérez,,2025-12-31T00:00:00Z,El Instituto Poblano de los Pueblos Indígenas informa que respecto a la columna “Edad (en su caso)” se encuentra vacía ya que no se cuenta con la información.,Raquel,González,Blanco,"A Participar en los Proyectos Nido de Lenguas, Paisaje Lingüístico y Promotores Lingüísticos para la Difusión y Conservación de las Lenguas Indígenas del Componente 4 ""Promoción de Acciones sobre Lenguas Indígenas, Derechos Lingüísticos, Formación de Intérpretes y Traductores”, Vertiente Procesos de Traducción en Lenguas Indígenas:  Proyectos de Revitalización Lingüística.",Mujer,Mujer cisgénero,2025-08-01T00:00:00Z,12000,12000,Puebla,37,
2025,2025-10-01T00:00:00Z,2025-12-31T00:00:00Z,Local,Programas de servicios,Programa para el Desarrollo Integral de los Pueblos Indígenas (E088),"A Participar en los Proyectos Nido de Lenguas, Paisaje Lingüístico y Promotores Lingüísticos para la Difusión y Conservación de las Lenguas Indígenas del Componente 4 ""Promoción de Acciones sobre Lenguas Indígenas, Derechos Lingüísticos, Formación de Intérpretes y Traductores”, Vertiente Procesos de Traducción en Lenguas Indígenas:  Proyectos de Revitalización Lingüística.",https://transparencia.puebla.gob.mx/docs2024/adjuntos/43/1228_1768850345_c97465f43721cd251453522e7a1db1fc.pdf,Dirección de la Academia de Lenguas Indígenas,Lucero Salas Pérez,,2025-12-31T00:00:00Z,El Instituto Poblano de los Pueblos Indígenas informa que respecto a la columna “Edad (en su caso)” se encuentra vacía ya que no se cuenta con la información.,José Luis,Martínez,Ramírez,"A Participar en los Proyectos Nido de Lenguas, Paisaje Lingüístico y Promotores Lingüísticos para la Difusión y Conservación de las Lenguas Indígenas del Componente 4 ""Promoción de Acciones sobre Lenguas Indígenas, Derechos Lingüísticos, Formación de Intérpretes y Traductores”, Vertiente Procesos de Traducción en Lenguas Indígenas:  Proyectos de Revitalización Lingüística.",Hombre,Hombre cisgénero,2025-08-01T00:00:00Z,12000,12000,Puebla,35,
2025,2025-10-01T00:00:00Z,2025-12-31T00:00:00Z,Local,Programas de servicios,Programa para el Desarrollo Integral de los Pueblos Indígenas (E088),"A Participar en los Proyectos Nido de Lenguas, Paisaje Lingüístico y Promotores Lingüísticos para la Difusión y Conservación de las Lenguas Indígenas del Componente 4 ""Promoción de Acciones sobre Lenguas Indígenas, Derechos Lingüísticos, Formación de Intérpretes y Traductores”, Vertiente Procesos de Traducción en Lenguas Indígenas:  Proyectos de Revitalización Lingüística.",https://transparencia.puebla.gob.mx/docs2024/adjuntos/43/1228_1768850345_c97465f43721cd251453522e7a1db1fc.pdf,Dirección de la Academia de Lenguas Indígenas,Lucero Salas Pérez,,2025-12-31T00:00:00Z,El Instituto Poblano de los Pueblos Indígenas informa que respecto a la columna “Edad (en su caso)” se encuentra vacía ya que no se cuenta con la información.,Diana Laura,Rivera,Castro,"A Participar en los Proyectos Nido de Lenguas, Paisaje Lingüístico y Promotores Lingüísticos para la Difusión y Conservación de las Lenguas Indígenas del Componente 4 ""Promoción de Acciones sobre Lenguas Indígenas, Derechos Lingüísticos, Formación de Intérpretes y Traductores”, Vertiente Procesos de Traducción en Lenguas Indígenas:  Proyectos de Revitalización Lingüística.",Mujer,Mujer cisgénero,2025-08-01T00:00:00Z,12000,12000,Puebla,29,
2025,2025-10-01T00:00:00Z,2025-12-31T00:00:00Z,Local,Programas de servicios,Programa para el Desarrollo Integral de los Pueblos Indígenas (E088),"A Participar en los Proyectos Nido de Lenguas, Paisaje Lingüístico y Promotores Lingüísticos para la Difusión y Conservación de las Lenguas Indígenas del Componente 4 ""Promoción de Acciones sobre Lenguas Indígenas, Derechos Lingüísticos, Formación de Intérpretes y Traductores”, Vertiente Procesos de Traducción en Lenguas Indígenas:  Proyectos de Revitalización Lingüística.",https://transparencia.puebla.gob.mx/docs2024/adjuntos/43/1228_1768850345_c97465f43721cd251453522e7a1db1fc.pdf,Dirección de la Academia de Lenguas Indígenas,Lucero Salas Pérez,,2025-12-31T00:00:00Z,El Instituto Poblano de los Pueblos Indígenas informa que respecto a la columna “Edad (en su caso)” se encuentra vacía ya que no se cuenta con la información.,Eric,Carrera,Martínez,"A Participar en los Proyectos Nido de Lenguas, Paisaje Lingüístico y Promotores Lingüísticos para la Difusión y Conservación de las Lenguas Indígenas del Componente 4 ""Promoción de Acciones sobre Lenguas Indígenas, Derechos Lingüísticos, Formación de Intérpretes y Traductores”, Vertiente Procesos de Traducción en Lenguas Indígenas:  Proyectos de Revitalización Lingüística.",Hombre,Hombre cisgénero,2025-08-01T00:00:00Z,12000,12000,Puebla,30,
2025,2025-10-01T00:00:00Z,2025-12-31T00:00:00Z,Local,Programas de servicios,Programa para el Desarrollo Integral de los Pueblos Indígenas (E088),"A Participar en los Proyectos Nido de Lenguas, Paisaje Lingüístico y Promotores Lingüísticos para la Difusión y Conservación de las Lenguas Indígenas del Componente 4 ""Promoción de Acciones sobre Lenguas Indígenas, Derechos Lingüísticos, Formación de Intérpretes y Traductores”, Vertiente Procesos de Traducción en Lenguas Indígenas:  Proyectos de Revitalización Lingüística.",https://transparencia.puebla.gob.mx/docs2024/adjuntos/43/1228_1768850345_c97465f43721cd251453522e7a1db1fc.pdf,Dirección de la Academia de Lenguas Indígenas,Lucero Salas Pérez,,2025-12-31T00:00:00Z,El Instituto Poblano de los Pueblos Indígenas informa que respecto a la columna “Edad (en su caso)” se encuentra vacía ya que no se cuenta con la información.,Roberto,Reséndiz,Nochebuena,"A Participar en los Proyectos Nido de Lenguas, Paisaje Lingüístico y Promotores Lingüísticos para la Difusión y Conservación de las Lenguas Indígenas del Componente 4 ""Promoción de Acciones sobre Lenguas Indígenas, Derechos Lingüísticos, Formación de Intérpretes y Traductores”, Vertiente Procesos de Traducción en Lenguas Indígenas:  Proyectos de Revitalización Lingüística.",Hombre,Hombre cisgénero,2025-09-29T00:00:00Z,12000,12000,Puebla,36,
2025,2025-10-01T00:00:00Z,2025-12-31T00:00:00Z,Local,Programas de servicios,Programa para el Desarrollo Integral de los Pueblos Indígenas (E088),"A Participar en los Proyectos Nido de Lenguas, Paisaje Lingüístico y Promotores Lingüísticos para la Difusión y Conservación de las Lenguas Indígenas del Componente 4 ""Promoción de Acciones sobre Lenguas Indígenas, Derechos Lingüísticos, Formación de Intérpretes y Traductores”, Vertiente Procesos de Traducción en Lenguas Indígenas:  Proyectos de Revitalización Lingüística.",https://transparencia.puebla.gob.mx/docs2024/adjuntos/43/1228_1768850345_c97465f43721cd251453522e7a1db1fc.pdf,Dirección de la Academia de Lenguas Indígenas,Lucero Salas Pérez,,2025-12-31T00:00:00Z,El Instituto Poblano de los Pueblos Indígenas informa que respecto a la columna “Edad (en su caso)” se encuentra vacía ya que no se cuenta con la información.,Alberto,Reséndiz,Nochebuena,"A Participar en los Proyectos Nido de Lenguas, Paisaje Lingüístico y Promotores Lingüísticos para la Difusión y Conservación de las Lenguas Indígenas del Componente 4 ""Promoción de Acciones sobre Lenguas Indígenas, Derechos Lingüísticos, Formación de Intérpretes y Traductores”, Vertiente Procesos de Traducción en Lenguas Indígenas:  Proyectos de Revitalización Lingüística.",Hombre,Hombre cisgénero,2025-09-29T00:00:00Z,12000,12000,Puebla,35,
2025,2025-10-01T00:00:00Z,2025-12-31T00:00:00Z,Local,Programas de servicios,Programa para el Desarrollo Integral de los Pueblos Indígenas (E088),"A Participar en los Proyectos Nido de Lenguas, Paisaje Lingüístico y Promotores Lingüísticos para la Difusión y Conservación de las Lenguas Indígenas del Componente 4 ""Promoción de Acciones sobre Lenguas Indígenas, Derechos Lingüísticos, Formación de Intérpretes y Traductores”, Vertiente Procesos de Traducción en Lenguas Indígenas:  Proyectos de Revitalización Lingüística.",https://transparencia.puebla.gob.mx/docs2024/adjuntos/43/1228_1768850345_c97465f43721cd251453522e7a1db1fc.pdf,Dirección de la Academia de Lenguas Indígenas,Lucero Salas Pérez,,2025-12-31T00:00:00Z,El Instituto Poblano de los Pueblos Indígenas informa que respecto a la columna “Edad (en su caso)” se encuentra vacía ya que no se cuenta con la información.,Wilver,Mendoza,Lara,"A Participar en los Proyectos Nido de Lenguas, Paisaje Lingüístico y Promotores Lingüísticos para la Difusión y Conservación de las Lenguas Indígenas del Componente 4 ""Promoción de Acciones sobre Lenguas Indígenas, Derechos Lingüísticos, Formación de Intérpretes y Traductores”, Vertiente Procesos de Traducción en Lenguas Indígenas:  Proyectos de Revitalización Lingüística.",Hombre,Hombre cisgénero,2025-08-01T00:00:00Z,12000,12000,Puebla,29,
2025,2025-10-01T00:00:00Z,2025-12-31T00:00:00Z,Local,Programas de servicios,Programa para el Desarrollo Integral de los Pueblos Indígenas (E088),"A Participar en los Proyectos Nido de Lenguas, Paisaje Lingüístico y Promotores Lingüísticos para la Difusión y Conservación de las Lenguas Indígenas del Componente 4 ""Promoción de Acciones sobre Lenguas Indígenas, Derechos Lingüísticos, Formación de Intérpretes y Traductores”, Vertiente Procesos de Traducción en Lenguas Indígenas:  Proyectos de Revitalización Lingüística.",https://transparencia.puebla.gob.mx/docs2024/adjuntos/43/1228_1768850345_c97465f43721cd251453522e7a1db1fc.pdf,Dirección de la Academia de Lenguas Indígenas,Lucero Salas Pérez,,2025-12-31T00:00:00Z,El Instituto Poblano de los Pueblos Indígenas informa que respecto a la columna “Edad (en su caso)” se encuentra vacía ya que no se cuenta con la información.,Brayan Andrés,Mendoza,Lara,"A Participar en los Proyectos Nido de Lenguas, Paisaje Lingüístico y Promotores Lingüísticos para la Difusión y Conservación de las Lenguas Indígenas del Componente 4 ""Promoción de Acciones sobre Lenguas Indígenas, Derechos Lingüísticos, Formación de Intérpretes y Traductores”, Vertiente Procesos de Traducción en Lenguas Indígenas:  Proyectos de Revitalización Lingüística.",Hombre,Hombre cisgénero,2025-08-01T00:00:00Z,12000,12000,Puebla,27,
2025,2025-10-01T00:00:00Z,2025-12-31T00:00:00Z,Local,Programas de servicios,Programa para el Desarrollo Integral de los Pueblos Indígenas (E088),"A Participar en los Proyectos Nido de Lenguas, Paisaje Lingüístico y Promotores Lingüísticos para la Difusión y Conservación de las Lenguas Indígenas del Componente 4 ""Promoción de Acciones sobre Lenguas Indígenas, Derechos Lingüísticos, Formación de Intérpretes y Traductores”, Vertiente Procesos de Traducción en Lenguas Indígenas:  Proyectos de Revitalización Lingüística.",https://transparencia.puebla.gob.mx/docs2024/adjuntos/43/1228_1768850345_c97465f43721cd251453522e7a1db1fc.pdf,Dirección de la Academia de Lenguas Indígenas,Lucero Salas Pérez,,2025-12-31T00:00:00Z,El Instituto Poblano de los Pueblos Indígenas informa que respecto a la columna “Edad (en su caso)” se encuentra vacía ya que no se cuenta con la información.,David,Morales,Macuitl,"A Participar en los Proyectos Nido de Lenguas, Paisaje Lingüístico y Promotores Lingüísticos para la Difusión y Conservación de las Lenguas Indígenas del Componente 4 ""Promoción de Acciones sobre Lenguas Indígenas, Derechos Lingüísticos, Formación de Intérpretes y Traductores”, Vertiente Procesos de Traducción en Lenguas Indígenas:  Proyectos de Revitalización Lingüística.",Hombre,Hombre cisgénero,2025-08-01T00:00:00Z,12000,12000,Puebla,42,
2025,2025-10-01T00:00:00Z,2025-12-31T00:00:00Z,Local,Programas de servicios,Programa para el Desarrollo Integral de los Pueblos Indígenas (E088),"A Participar en los Proyectos Nido de Lenguas, Paisaje Lingüístico y Promotores Lingüísticos para la Difusión y Conservación de las Lenguas Indígenas del Componente 4 ""Promoción de Acciones sobre Lenguas Indígenas, Derechos Lingüísticos, Formación de Intérpretes y Traductores”, Vertiente Procesos de Traducción en Lenguas Indígenas:  Proyectos de Revitalización Lingüística.",https://transparencia.puebla.gob.mx/docs2024/adjuntos/43/1228_1768850345_c97465f43721cd251453522e7a1db1fc.pdf,Dirección de la Academia de Lenguas Indígenas,Lucero Salas Pérez,,2025-12-31T00:00:00Z,El Instituto Poblano de los Pueblos Indígenas informa que respecto a la columna “Edad (en su caso)” se encuentra vacía ya que no se cuenta con la información.,Yareli Nayeli,Itzcoatl,Coatl,"A Participar en los Proyectos Nido de Lenguas, Paisaje Lingüístico y Promotores Lingüísticos para la Difusión y Conservación de las Lenguas Indígenas del Componente 4 ""Promoción de Acciones sobre Lenguas Indígenas, Derechos Lingüísticos, Formación de Intérpretes y Traductores”, Vertiente Procesos de Traducción en Lenguas Indígenas:  Proyectos de Revitalización Lingüística.",Mujer,Mujer cisgénero,2025-08-01T00:00:00Z,12000,12000,Puebla,28,
2025,2025-10-01T00:00:00Z,2025-12-31T00:00:00Z,Local,Programas de servicios,Programa para el Desarrollo Integral de los Pueblos Indígenas (E088),"A Participar en los Proyectos Nido de Lenguas, Paisaje Lingüístico y Promotores Lingüísticos para la Difusión y Conservación de las Lenguas Indígenas del Componente 4 ""Promoción de Acciones sobre Lenguas Indígenas, Derechos Lingüísticos, Formación de Intérpretes y Traductores”, Vertiente Procesos de Traducción en Lenguas Indígenas:  Proyectos de Revitalización Lingüística.",https://transparencia.puebla.gob.mx/docs2024/adjuntos/43/1228_1768850345_c97465f43721cd251453522e7a1db1fc.pdf,Dirección de la Academia de Lenguas Indígenas,Lucero Salas Pérez,,2025-12-31T00:00:00Z,El Instituto Poblano de los Pueblos Indígenas informa que respecto a la columna “Edad (en su caso)” se encuentra vacía ya que no se cuenta con la información.,Mateo,Francisco,Aparicio,"A Participar en los Proyectos Nido de Lenguas, Paisaje Lingüístico y Promotores Lingüísticos para la Difusión y Conservación de las Lenguas Indígenas del Componente 4 ""Promoción de Acciones sobre Lenguas Indígenas, Derechos Lingüísticos, Formación de Intérpretes y Traductores”, Vertiente Procesos de Traducción en Lenguas Indígenas:  Proyectos de Revitalización Lingüística.",Hombre,Hombre cisgénero,2025-08-01T00:00:00Z,12000,12000,Puebla,32,
2025,2025-10-01T00:00:00Z,2025-12-31T00:00:00Z,Local,Programas de servicios,Programa para el Desarrollo Integral de los Pueblos Indígenas (E088),"A Participar en los Proyectos Nido de Lenguas, Paisaje Lingüístico y Promotores Lingüísticos para la Difusión y Conservación de las Lenguas Indígenas del Componente 4 ""Promoción de Acciones sobre Lenguas Indígenas, Derechos Lingüísticos, Formación de Intérpretes y Traductores”, Vertiente Procesos de Traducción en Lenguas Indígenas:  Proyectos de Revitalización Lingüística.",https://transparencia.puebla.gob.mx/docs2024/adjuntos/43/1228_1768850345_c97465f43721cd251453522e7a1db1fc.pdf,Dirección de la Academia de Lenguas Indígenas,Lucero Salas Pérez,,2025-12-31T00:00:00Z,El Instituto Poblano de los Pueblos Indígenas informa que respecto a la columna “Edad (en su caso)” se encuentra vacía ya que no se cuenta con la información.,María Isabel,Sotero,Cabrera,"A Participar en los Proyectos Nido de Lenguas, Paisaje Lingüístico y Promotores Lingüísticos para la Difusión y Conservación de las Lenguas Indígenas del Componente 4 ""Promoción de Acciones sobre Lenguas Indígenas, Derechos Lingüísticos, Formación de Intérpretes y Traductores”, Vertiente Procesos de Traducción en Lenguas Indígenas:  Proyectos de Revitalización Lingüística.",Mujer,Mujer cisgénero,2025-08-01T00:00:00Z,12000,12000,Puebla,47,
2025,2025-10-01T00:00:00Z,2025-12-31T00:00:00Z,Local,Programas de servicios,Programa para el Desarrollo Integral de los Pueblos Indígenas (E088),"A Participar en el Componente de Mecanismos de Representación, Articulación Territorial a la Agenda Pública de los Pueblos y Comunidades Indígenas y Afromexicanos: Apoyo Para la Planeación y Ejecución de un Programa de Capacitación para el Fortalecimiento a Órganos de Representación y Participación Indígena.",,Dirección de Oficinas de Representación,Reyes Gama Mateos,,2025-12-31T00:00:00Z,"El Instituto Poblano de los Pueblos Indígenas informa que respecto a la columna “Hipervínculo a la información estadística, en su caso. La información debe publicarse con perspectiva de género, es decir, desagregando la información por sexo.” se encuentra vacía ya que no se generó la información durante el periodo reportado.",Sayuri Vianey,Morales,Pérez,"A Participar en el Componente de Mecanismos de Representación, Articulación Territorial a la Agenda Pública de los Pueblos y Comunidades Indígenas y Afromexicanos: Apoyo Para la Planeación y Ejecución de un Programa de Capacitación para el Fortalecimiento a Órganos de Representación y Participación Indígena.",Mujer,Mujer cisgénero,2025-08-15T00:00:00Z,60000,60000,Puebla,24,
2025,2025-10-01T00:00:00Z,2025-12-31T00:00:00Z,Local,Programas de servicios,Programa para el Desarrollo Integral de los Pueblos Indígenas (E088),"A Participar en el Componente de Mecanismos de Representación, Articulación Territorial a la Agenda Pública de los Pueblos y Comunidades Indígenas y Afromexicanos: Apoyo Para la Planeación y Ejecución de un Programa de Capacitación para el Fortalecimiento a Órganos de Representación y Participación Indígena.",,Dirección de Oficinas de Representación,Reyes Gama Mateos,,2025-12-31T00:00:00Z,"El Instituto Poblano de los Pueblos Indígenas informa que respecto a la columna “Hipervínculo a la información estadística, en su caso. La información debe publicarse con perspectiva de género, es decir, desagregando la información por sexo.” se encuentra vacía ya que no se generó la información durante el periodo reportado.",Prudencio,Dorantes,Juan,"A Participar en el Componente de Mecanismos de Representación, Articulación Territorial a la Agenda Pública de los Pueblos y Comunidades Indígenas y Afromexicanos: Apoyo Para la Planeación y Ejecución de un Programa de Capacitación para el Fortalecimiento a Órganos de Representación y Participación Indígena.",Hombre,Hombre cisgénero,2025-08-15T00:00:00Z,60000,60000,Puebla,33,
2025,2025-10-01T00:00:00Z,2025-12-31T00:00:00Z,Local,Programas de servicios,Programa para el Desarrollo Integral de los Pueblos Indígenas (E088),"A Participar en el Componente de Mecanismos de Representación, Articulación Territorial a la Agenda Pública de los Pueblos y Comunidades Indígenas y Afromexicanos: Apoyo Para la Planeación y Ejecución de un Programa de Capacitación para el Fortalecimiento a Órganos de Representación y Participación Indígena.",,Dirección de Oficinas de Representación,Reyes Gama Mateos,,2025-12-31T00:00:00Z,"El Instituto Poblano de los Pueblos Indígenas informa que respecto a la columna “Hipervínculo a la información estadística, en su caso. La información debe publicarse con perspectiva de género, es decir, desagregando la información por sexo.” se encuentra vacía ya que no se generó la información durante el periodo reportado.",Ismael Emiliano,Carrera,Rodríguez,"A Participar en el Componente de Mecanismos de Representación, Articulación Territorial a la Agenda Pública de los Pueblos y Comunidades Indígenas y Afromexicanos: Apoyo Para la Planeación y Ejecución de un Programa de Capacitación para el Fortalecimiento a Órganos de Representación y Participación Indígena.",Hombre,Hombre cisgénero,2025-08-15T00:00:00Z,60000,60000,Puebla,35,
2025,2025-10-01T00:00:00Z,2025-12-31T00:00:00Z,Local,Programas de servicios,Programa para el Desarrollo Integral de los Pueblos Indígenas (E088),"A Participar en el Componente de Mecanismos de Representación, Articulación Territorial a la Agenda Pública de los Pueblos y Comunidades Indígenas y Afromexicanos: Apoyo Para la Planeación y Ejecución de un Programa de Capacitación para el Fortalecimiento a Órganos de Representación y Participación Indígena.",,Dirección de Oficinas de Representación,Reyes Gama Mateos,,2025-12-31T00:00:00Z,"El Instituto Poblano de los Pueblos Indígenas informa que respecto a la columna “Hipervínculo a la información estadística, en su caso. La información debe publicarse con perspectiva de género, es decir, desagregando la información por sexo.” se encuentra vacía ya que no se generó la información durante el periodo reportado.",Fernando,Millán,Castro,"A Participar en el Componente de Mecanismos de Representación, Articulación Territorial a la Agenda Pública de los Pueblos y Comunidades Indígenas y Afromexicanos: Apoyo Para la Planeación y Ejecución de un Programa de Capacitación para el Fortalecimiento a Órganos de Representación y Participación Indígena.",Hombre,Hombre cisgénero,2025-11-04T00:00:00Z,60000,60000,Puebla,20,
2025,2025-10-01T00:00:00Z,2025-12-31T00:00:00Z,Local,Programas de servicios,Programa para el Desarrollo Integral de los Pueblos Indígenas (E088),"A Participar en el Componente de Mecanismos de Representación, Articulación Territorial a la Agenda Pública de los Pueblos y Comunidades Indígenas y Afromexicanos: Apoyo Para la Planeación y Ejecución de un Programa de Capacitación para el Fortalecimiento a Órganos de Representación y Participación Indígena.",,Dirección de Oficinas de Representación,Reyes Gama Mateos,,2025-12-31T00:00:00Z,"El Instituto Poblano de los Pueblos Indígenas informa que respecto a la columna “Hipervínculo a la información estadística, en su caso. La información debe publicarse con perspectiva de género, es decir, desagregando la información por sexo.” se encuentra vacía ya que no se generó la información durante el periodo reportado.",María Del Carmen,Cruz,González,"A Participar en el Componente de Mecanismos de Representación, Articulación Territorial a la Agenda Pública de los Pueblos y Comunidades Indígenas y Afromexicanos: Apoyo Para la Planeación y Ejecución de un Programa de Capacitación para el Fortalecimiento a Órganos de Representación y Participación Indígena.",Mujer,Mujer cisgénero,2025-08-15T00:00:00Z,60000,60000,Puebla,38,
2025,2025-10-01T00:00:00Z,2025-12-31T00:00:00Z,Local,Programas de servicios,Programa para el Desarrollo Integral de los Pueblos Indígenas (E088),"A Participar en el Componente de Mecanismos de Representación, Articulación Territorial a la Agenda Pública de los Pueblos y Comunidades Indígenas y Afromexicanos: Apoyo Para la Planeación y Ejecución de un Programa de Capacitación para el Fortalecimiento a Órganos de Representación y Participación Indígena.",,Dirección de Oficinas de Representación,Reyes Gama Mateos,,2025-12-31T00:00:00Z,"El Instituto Poblano de los Pueblos Indígenas informa que respecto a la columna “Hipervínculo a la información estadística, en su caso. La información debe publicarse con perspectiva de género, es decir, desagregando la información por sexo.” se encuentra vacía ya que no se generó la información durante el periodo reportado.",Yara Arlett,Vázquez,González,"A Participar en el Componente de Mecanismos de Representación, Articulación Territorial a la Agenda Pública de los Pueblos y Comunidades Indígenas y Afromexicanos: Apoyo Para la Planeación y Ejecución de un Programa de Capacitación para el Fortalecimiento a Órganos de Representación y Participación Indígena.",Mujer,Mujer cisgénero,2025-11-04T00:00:00Z,60000,60000,Puebla,29,
2025,2025-10-01T00:00:00Z,2025-12-31T00:00:00Z,Local,Programas de servicios,Programa para el Desarrollo Integral de los Pueblos Indígenas (E088),"A Participar en el Componente de Mecanismos de Representación, Articulación Territorial a la Agenda Pública de los Pueblos y Comunidades Indígenas y Afromexicanos: Apoyo Para la Planeación y Ejecución de un Programa de Capacitación para el Fortalecimiento a Órganos de Representación y Participación Indígena.",,Dirección de Oficinas de Representación,Reyes Gama Mateos,,2025-12-31T00:00:00Z,"El Instituto Poblano de los Pueblos Indígenas informa que respecto a la columna “Hipervínculo a la información estadística, en su caso. La información debe publicarse con perspectiva de género, es decir, desagregando la información por sexo.” se encuentra vacía ya que no se generó la información durante el periodo reportado.",Carlos Alberto,Enciso,Cardoso,"A Participar en el Componente de Mecanismos de Representación, Articulación Territorial a la Agenda Pública de los Pueblos y Comunidades Indígenas y Afromexicanos: Apoyo Para la Planeación y Ejecución de un Programa de Capacitación para el Fortalecimiento a Órganos de Representación y Participación Indígena.",Hombre,Hombre cisgénero,2025-11-04T00:00:00Z,60000,60000,Puebla,54,
2025,2025-10-01T00:00:00Z,2025-12-31T00:00:00Z,Local,Programas de servicios,Programa para el Desarrollo Integral de los Pueblos Indígenas (E088),"A Participar en el Componente de Mecanismos de Representación, Articulación Territorial a la Agenda Pública de los Pueblos y Comunidades Indígenas y Afromexicanos: Apoyo Para la Planeación y Ejecución de un Programa de Capacitación para el Fortalecimiento a Órganos de Representación y Participación Indígena.",,Dirección de Oficinas de Representación,Reyes Gama Mateos,,2025-12-31T00:00:00Z,"El Instituto Poblano de los Pueblos Indígenas informa que respecto a la columna “Hipervínculo a la información estadística, en su caso. La información debe publicarse con perspectiva de género, es decir, desagregando la información por sexo.” se encuentra vacía ya que no se generó la información durante el periodo reportado.",Marco Antonio,López,Cruz,"A Participar en el Componente de Mecanismos de Representación, Articulación Territorial a la Agenda Pública de los Pueblos y Comunidades Indígenas y Afromexicanos: Apoyo Para la Planeación y Ejecución de un Programa de Capacitación para el Fortalecimiento a Órganos de Representación y Participación Indígena.",Hombre,Hombre cisgénero,2025-11-04T00:00:00Z,60000,60000,Puebla,38,
2025,2025-10-01T00:00:00Z,2025-12-31T00:00:00Z,Local,Programas de servicios,Programa para el Desarrollo Integral de los Pueblos Indígenas (E088),"A Participar en el Componente de Mecanismos de Representación, Articulación Territorial a la Agenda Pública de los Pueblos y Comunidades Indígenas y Afromexicanos: Apoyo Para la Planeación y Ejecución de un Programa de Capacitación para el Fortalecimiento a Órganos de Representación y Participación Indígena.",,Dirección de Oficinas de Representación,Reyes Gama Mateos,,2025-12-31T00:00:00Z,"El Instituto Poblano de los Pueblos Indígenas informa que respecto a la columna “Hipervínculo a la información estadística, en su caso. La información debe publicarse con perspectiva de género, es decir, desagregando la información por sexo.” se encuentra vacía ya que no se generó la información durante el periodo reportado.",Julia,Moran,Ahuat,"A Participar en el Componente de Mecanismos de Representación, Articulación Territorial a la Agenda Pública de los Pueblos y Comunidades Indígenas y Afromexicanos: Apoyo Para la Planeación y Ejecución de un Programa de Capacitación para el Fortalecimiento a Órganos de Representación y Participación Indígena.",Mujer,Mujer cisgénero,2025-08-15T00:00:00Z,60000,60000,Puebla,37,
2025,2025-10-01T00:00:00Z,2025-12-31T00:00:00Z,Local,Programas de servicios,Programa para el Desarrollo Integral de los Pueblos Indígenas (E088),"A Participar en el Componente de Mecanismos de Representación, Articulación Territorial a la Agenda Pública de los Pueblos y Comunidades Indígenas y Afromexicanos: Apoyo Para la Planeación y Ejecución de un Programa de Capacitación para el Fortalecimiento a Órganos de Representación y Participación Indígena.",,Dirección de Oficinas de Representación,Reyes Gama Mateos,,2025-12-31T00:00:00Z,"El Instituto Poblano de los Pueblos Indígenas informa que respecto a la columna “Hipervínculo a la información estadística, en su caso. La información debe publicarse con perspectiva de género, es decir, desagregando la información por sexo.” se encuentra vacía ya que no se generó la información durante el periodo reportado.",Isaura,Olivares,López,"A Participar en el Componente de Mecanismos de Representación, Articulación Territorial a la Agenda Pública de los Pueblos y Comunidades Indígenas y Afromexicanos: Apoyo Para la Planeación y Ejecución de un Programa de Capacitación para el Fortalecimiento a Órganos de Representación y Participación Indígena.",Mujer,Mujer cisgénero,2025-08-15T00:00:00Z,60000,60000,Puebla,41,
2025,2025-10-01T00:00:00Z,2025-12-31T00:00:00Z,Local,Programas de servicios,Programa para el Desarrollo Integral de los Pueblos Indígenas (E088),"A Participar en el Componente de Mecanismos de Representación, Articulación Territorial a la Agenda Pública de los Pueblos y Comunidades Indígenas y Afromexicanos: Apoyo Para la Planeación y Ejecución de un Programa de Capacitación para el Fortalecimiento a Órganos de Representación y Participación Indígena.",,Dirección de Oficinas de Representación,Reyes Gama Mateos,,2025-12-31T00:00:00Z,"El Instituto Poblano de los Pueblos Indígenas informa que respecto a la columna “Hipervínculo a la información estadística, en su caso. La información debe publicarse con perspectiva de género, es decir, desagregando la información por sexo.” se encuentra vacía ya que no se generó la información durante el periodo reportado.",Alondra,Muñoz,Muñoz,"A Participar en el Componente de Mecanismos de Representación, Articulación Territorial a la Agenda Pública de los Pueblos y Comunidades Indígenas y Afromexicanos: Apoyo Para la Planeación y Ejecución de un Programa de Capacitación para el Fortalecimiento a Órganos de Representación y Participación Indígena.",Mujer,Mujer cisgénero,2025-08-15T00:00:00Z,60000,60000,Puebla,19,
2025,2025-10-01T00:00:00Z,2025-12-31T00:00:00Z,Local,Programas de servicios,Programa para el Desarrollo Integral de los Pueblos Indígenas (E088),"A Participar en el Componente de Mecanismos de Representación, Articulación Territorial a la Agenda Pública de los Pueblos y Comunidades Indígenas y Afromexicanos: Apoyo Para la Planeación y Ejecución de un Programa de Capacitación para el Fortalecimiento a Órganos de Representación y Participación Indígena.",,Dirección de Oficinas de Representación,Reyes Gama Mateos,,2025-12-31T00:00:00Z,"El Instituto Poblano de los Pueblos Indígenas informa que respecto a la columna “Hipervínculo a la información estadística, en su caso. La información debe publicarse con perspectiva de género, es decir, desagregando la información por sexo.” se encuentra vacía ya que no se generó la información durante el periodo reportado.",Marilú,López,Nava,"A Participar en el Componente de Mecanismos de Representación, Articulación Territorial a la Agenda Pública de los Pueblos y Comunidades Indígenas y Afromexicanos: Apoyo Para la Planeación y Ejecución de un Programa de Capacitación para el Fortalecimiento a Órganos de Representación y Participación Indígena.",Mujer,Mujer cisgénero,2025-08-15T00:00:00Z,60000,60000,Puebla,30,
2025,2025-10-01T00:00:00Z,2025-12-31T00:00:00Z,Local,Programas de servicios,Programa para el Desarrollo Integral de los Pueblos Indígenas (E088),"A Participar en el Componente de Mecanismos de Representación, Articulación Territorial a la Agenda Pública de los Pueblos y Comunidades Indígenas y Afromexicanos: Apoyo Para la Planeación y Ejecución de un Programa de Capacitación para el Fortalecimiento a Órganos de Representación y Participación Indígena.",,Dirección de Oficinas de Representación,Reyes Gama Mateos,,2025-12-31T00:00:00Z,"El Instituto Poblano de los Pueblos Indígenas informa que respecto a la columna “Hipervínculo a la información estadística, en su caso. La información debe publicarse con perspectiva de género, es decir, desagregando la información por sexo.” se encuentra vacía ya que no se generó la información durante el periodo reportado.",Iliana,Moreno,Letechipia,"A Participar en el Componente de Mecanismos de Representación, Articulación Territorial a la Agenda Pública de los Pueblos y Comunidades Indígenas y Afromexicanos: Apoyo Para la Planeación y Ejecución de un Programa de Capacitación para el Fortalecimiento a Órganos de Representación y Participación Indígena.",Mujer,Mujer cisgénero,2025-08-15T00:00:00Z,60000,60000,Puebla,36,
2025,2025-10-01T00:00:00Z,2025-12-31T00:00:00Z,Local,Programas de servicios,Programa para el Desarrollo Integral de los Pueblos Indígenas (E088),"A Participar en el Componente de Mecanismos de Representación, Articulación Territorial a la Agenda Pública de los Pueblos y Comunidades Indígenas y Afromexicanos: Apoyo Para la Planeación y Ejecución de un Programa de Capacitación para el Fortalecimiento a Órganos de Representación y Participación Indígena.",,Dirección de Oficinas de Representación,Reyes Gama Mateos,,2025-12-31T00:00:00Z,"El Instituto Poblano de los Pueblos Indígenas informa que respecto a la columna “Hipervínculo a la información estadística, en su caso. La información debe publicarse con perspectiva de género, es decir, desagregando la información por sexo.” se encuentra vacía ya que no se generó la información durante el periodo reportado.",Thadey,Sillero,Juárez,"A Participar en el Componente de Mecanismos de Representación, Articulación Territorial a la Agenda Pública de los Pueblos y Comunidades Indígenas y Afromexicanos: Apoyo Para la Planeación y Ejecución de un Programa de Capacitación para el Fortalecimiento a Órganos de Representación y Participación Indígena.",Hombre,Hombre cisgénero,2025-11-04T00:00:00Z,60000,60000,Puebla,37,
2025,2025-10-01T00:00:00Z,2025-12-31T00:00:00Z,Local,Programas de servicios,Programa para el Desarrollo Integral de los Pueblos Indígenas (E088),"A Participar en el Componente de Mecanismos de Representación, Articulación Territorial a la Agenda Pública de los Pueblos y Comunidades Indígenas y Afromexicanos: Apoyo Para la Planeación y Ejecución de un Programa de Capacitación para el Fortalecimiento a Órganos de Representación y Participación Indígena.",,Dirección de Oficinas de Representación,Reyes Gama Mateos,,2025-12-31T00:00:00Z,"El Instituto Poblano de los Pueblos Indígenas informa que respecto a la columna “Hipervínculo a la información estadística, en su caso. La información debe publicarse con perspectiva de género, es decir, desagregando la información por sexo.” se encuentra vacía ya que no se generó la información durante el periodo reportado.",Enrique,Reyes,Valdivia,"A Participar en el Componente de Mecanismos de Representación, Articulación Territorial a la Agenda Pública de los Pueblos y Comunidades Indígenas y Afromexicanos: Apoyo Para la Planeación y Ejecución de un Programa de Capacitación para el Fortalecimiento a Órganos de Representación y Participación Indígena.",Hombre,Hombre cisgénero,2025-11-04T00:00:00Z,60000,60000,Puebla,34,
2025,2025-10-01T00:00:00Z,2025-12-31T00:00:00Z,Local,Programas de servicios,Programa para el Desarrollo Integral de los Pueblos Indígenas (E088),"A Participar en el Componente de Mecanismos de Representación, Articulación Territorial a la Agenda Pública de los Pueblos y Comunidades Indígenas y Afromexicanos: Apoyo Para la Planeación y Ejecución de un Programa de Capacitación para el Fortalecimiento a Órganos de Representación y Participación Indígena.",,Dirección de Oficinas de Representación,Reyes Gama Mateos,,2025-12-31T00:00:00Z,"El Instituto Poblano de los Pueblos Indígenas informa que respecto a la columna “Hipervínculo a la información estadística, en su caso. La información debe publicarse con perspectiva de género, es decir, desagregando la información por sexo.” se encuentra vacía ya que no se generó la información durante el periodo reportado.",María Del Carmen,Juárez,Bejarano,"A Participar en el Componente de Mecanismos de Representación, Articulación Territorial a la Agenda Pública de los Pueblos y Comunidades Indígenas y Afromexicanos: Apoyo Para la Planeación y Ejecución de un Programa de Capacitación para el Fortalecimiento a Órganos de Representación y Participación Indígena.",Mujer,Hombre cisgénero,2025-08-15T00:00:00Z,60000,60000,Puebla,60,
2025,2025-10-01T00:00:00Z,2025-12-31T00:00:00Z,Local,Programas de servicios,Programa para el Desarrollo Integral de los Pueblos Indígenas (E088),"A Participar en el Componente de Mecanismos de Representación, Articulación Territorial a la Agenda Pública de los Pueblos y Comunidades Indígenas y Afromexicanos: Apoyo Para la Planeación y Ejecución de un Programa de Capacitación para el Fortalecimiento a Órganos de Representación y Participación Indígena.",,Dirección de Oficinas de Representación,Reyes Gama Mateos,,2025-12-31T00:00:00Z,"El Instituto Poblano de los Pueblos Indígenas informa que respecto a la columna “Hipervínculo a la información estadística, en su caso. La información debe publicarse con perspectiva de género, es decir, desagregando la información por sexo.” se encuentra vacía ya que no se generó la información durante el periodo reportado.",Erasto,Vázquez,Pérez,"A Participar en el Componente de Mecanismos de Representación, Articulación Territorial a la Agenda Pública de los Pueblos y Comunidades Indígenas y Afromexicanos: Apoyo Para la Planeación y Ejecución de un Programa de Capacitación para el Fortalecimiento a Órganos de Representación y Participación Indígena.",Hombre,Hombre cisgénero,2025-11-04T00:00:00Z,60000,60000,Puebla,60,
2025,2025-10-01T00:00:00Z,2025-12-31T00:00:00Z,Local,Programas de servicios,Programa para el Desarrollo Integral de los Pueblos Indígenas (E088),"A Participar en el Componente de Mecanismos de Representación, Articulación Territorial a la Agenda Pública de los Pueblos y Comunidades Indígenas y Afromexicanos: Apoyo Para la Planeación y Ejecución de un Programa de Capacitación para el Fortalecimiento a Órganos de Representación y Participación Indígena.",,Dirección de Oficinas de Representación,Reyes Gama Mateos,,2025-12-31T00:00:00Z,"El Instituto Poblano de los Pueblos Indígenas informa que respecto a la columna “Hipervínculo a la información estadística, en su caso. La información debe publicarse con perspectiva de género, es decir, desagregando la información por sexo.” se encuentra vacía ya que no se generó la información durante el periodo reportado.",Ofelia,Hernández,Reyes,"A Participar en el Componente de Mecanismos de Representación, Articulación Territorial a la Agenda Pública de los Pueblos y Comunidades Indígenas y Afromexicanos: Apoyo Para la Planeación y Ejecución de un Programa de Capacitación para el Fortalecimiento a Órganos de Representación y Participación Indígena.",Mujer,Mujer cisgénero,2025-11-04T00:00:00Z,60000,60000,Puebla,29,
2025,2025-10-01T00:00:00Z,2025-12-31T00:00:00Z,Local,Programas de servicios,Programa para el Desarrollo Integral de los Pueblos Indígenas (E088),"A Participar en el Componente de Mecanismos de Representación, Articulación Territorial a la Agenda Pública de los Pueblos y Comunidades Indígenas y Afromexicanos: Apoyo Para la Planeación y Ejecución de un Programa de Capacitación para el Fortalecimiento a Órganos de Representación y Participación Indígena.",,Dirección de Oficinas de Representación,Reyes Gama Mateos,,2025-12-31T00:00:00Z,"El Instituto Poblano de los Pueblos Indígenas informa que respecto a la columna “Hipervínculo a la información estadística, en su caso. La información debe publicarse con perspectiva de género, es decir, desagregando la información por sexo.” se encuentra vacía ya que no se generó la información durante el periodo reportado.",María De Los Ángeles,Ponciano,García,"A Participar en el Componente de Mecanismos de Representación, Articulación Territorial a la Agenda Pública de los Pueblos y Comunidades Indígenas y Afromexicanos: Apoyo Para la Planeación y Ejecución de un Programa de Capacitación para el Fortalecimiento a Órganos de Representación y Participación Indígena.",Mujer,Mujer cisgénero,2025-08-15T00:00:00Z,60000,60000,Puebla,39,
2025,2025-10-01T00:00:00Z,2025-12-31T00:00:00Z,Local,Programas de servicios,Programa para el Desarrollo Integral de los Pueblos Indígenas (E088),"A Participar en el Componente de Mecanismos de Representación, Articulación Territorial a la Agenda Pública de los Pueblos y Comunidades Indígenas y Afromexicanos: Apoyo Para la Planeación y Ejecución de un Programa de Capacitación para el Fortalecimiento a Órganos de Representación y Participación Indígena.",,Dirección de Oficinas de Representación,Reyes Gama Mateos,,2025-12-31T00:00:00Z,"El Instituto Poblano de los Pueblos Indígenas informa que respecto a la columna “Hipervínculo a la información estadística, en su caso. La información debe publicarse con perspectiva de género, es decir, desagregando la información por sexo.” se encuentra vacía ya que no se generó la información durante el periodo reportado.",Ofelia,Bravo,Alejo,"A Participar en el Componente de Mecanismos de Representación, Articulación Territorial a la Agenda Pública de los Pueblos y Comunidades Indígenas y Afromexicanos: Apoyo Para la Planeación y Ejecución de un Programa de Capacitación para el Fortalecimiento a Órganos de Representación y Participación Indígena.",Mujer,Mujer cisgénero,2025-08-15T00:00:00Z,60000,60000,Puebla,58,
2025,2025-10-01T00:00:00Z,2025-12-31T00:00:00Z,Local,Programas de servicios,Programa para el Desarrollo Integral de los Pueblos Indígenas (E088),"A Participar en el Componente de Mecanismos de Representación, Articulación Territorial a la Agenda Pública de los Pueblos y Comunidades Indígenas y Afromexicanos: Apoyo Para la Planeación y Ejecución de un Programa de Capacitación para el Fortalecimiento a Órganos de Representación y Participación Indígena.",,Dirección de Oficinas de Representación,Reyes Gama Mateos,,2025-12-31T00:00:00Z,"El Instituto Poblano de los Pueblos Indígenas informa que respecto a la columna “Hipervínculo a la información estadística, en su caso. La información debe publicarse con perspectiva de género, es decir, desagregando la información por sexo.” se encuentra vacía ya que no se generó la información durante el periodo reportado.",Cristina,Sánchez,Pérez,"A Participar en el Componente de Mecanismos de Representación, Articulación Territorial a la Agenda Pública de los Pueblos y Comunidades Indígenas y Afromexicanos: Apoyo Para la Planeación y Ejecución de un Programa de Capacitación para el Fortalecimiento a Órganos de Representación y Participación Indígena.",Hombre,Hombre cisgénero,2025-08-15T00:00:00Z,60000,60000,Puebla,45,
2025,2025-10-01T00:00:00Z,2025-12-31T00:00:00Z,Local,Programas de servicios,Programa para el Desarrollo Integral de los Pueblos Indígenas (E088),"A Participar en el Componente de Mecanismos de Representación, Articulación Territorial a la Agenda Pública de los Pueblos y Comunidades Indígenas y Afromexicanos: Apoyo Para la Planeación y Ejecución de un Programa de Capacitación para el Fortalecimiento a Órganos de Representación y Participación Indígena.",,Dirección de Oficinas de Representación,Reyes Gama Mateos,,2025-12-31T00:00:00Z,"El Instituto Poblano de los Pueblos Indígenas informa que respecto a la columna “Hipervínculo a la información estadística, en su caso. La información debe publicarse con perspectiva de género, es decir, desagregando la información por sexo.” se encuentra vacía ya que no se generó la información durante el periodo reportado.",José,Rosas,Teapila,"A Participar en el Componente de Mecanismos de Representación, Articulación Territorial a la Agenda Pública de los Pueblos y Comunidades Indígenas y Afromexicanos: Apoyo Para la Planeación y Ejecución de un Programa de Capacitación para el Fortalecimiento a Órganos de Representación y Participación Indígena.",Hombre,Hombre cisgénero,2025-08-15T00:00:00Z,60000,60000,Puebla,40,
2025,2025-10-01T00:00:00Z,2025-12-31T00:00:00Z,Local,Programas de servicios,Programa para el Desarrollo Integral de los Pueblos Indígenas (E088),"A Participar en el Componente de Mecanismos de Representación, Articulación Territorial a la Agenda Pública de los Pueblos y Comunidades Indígenas y Afromexicanos: Apoyo Para la Planeación y Ejecución de un Programa de Capacitación para el Fortalecimiento a Órganos de Representación y Participación Indígena.",,Dirección de Oficinas de Representación,Reyes Gama Mateos,,2025-12-31T00:00:00Z,"El Instituto Poblano de los Pueblos Indígenas informa que respecto a la columna “Hipervínculo a la información estadística, en su caso. La información debe publicarse con perspectiva de género, es decir, desagregando la información por sexo.” se encuentra vacía ya que no se generó la información durante el periodo reportado.",Marcos,Aguilar,Hernández,"A Participar en el Componente de Mecanismos de Representación, Articulación Territorial a la Agenda Pública de los Pueblos y Comunidades Indígenas y Afromexicanos: Apoyo Para la Planeación y Ejecución de un Programa de Capacitación para el Fortalecimiento a Órganos de Representación y Participación Indígena.",Hombre,Hombre cisgénero,2025-08-15T00:00:00Z,60000,60000,Puebla,32,
2025,2025-10-01T00:00:00Z,2025-12-31T00:00:00Z,Local,Programas de servicios,Programa para el Desarrollo Integral de los Pueblos Indígenas (E088),"A Participar en el Componente de Mecanismos de Representación, Articulación Territorial a la Agenda Pública de los Pueblos y Comunidades Indígenas y Afromexicanos: Apoyo Para la Planeación y Ejecución de un Programa de Capacitación para el Fortalecimiento a Órganos de Representación y Participación Indígena.",,Dirección de Oficinas de Representación,Reyes Gama Mateos,,2025-12-31T00:00:00Z,"El Instituto Poblano de los Pueblos Indígenas informa que respecto a la columna “Hipervínculo a la información estadística, en su caso. La información debe publicarse con perspectiva de género, es decir, desagregando la información por sexo.” se encuentra vacía ya que no se generó la información durante el periodo reportado.",Leonardo,Lima,Gaona,"A Participar en el Componente de Mecanismos de Representación, Articulación Territorial a la Agenda Pública de los Pueblos y Comunidades Indígenas y Afromexicanos: Apoyo Para la Planeación y Ejecución de un Programa de Capacitación para el Fortalecimiento a Órganos de Representación y Participación Indígena.",Hombre,Hombre cisgénero,2025-08-15T00:00:00Z,60000,60000,Puebla,21,
2025,2025-10-01T00:00:00Z,2025-12-31T00:00:00Z,Local,Programas de servicios,Programa para el Desarrollo Integral de los Pueblos Indígenas (E088),"A Participar en el Componente de Mecanismos de Representación, Articulación Territorial a la Agenda Pública de los Pueblos y Comunidades Indígenas y Afromexicanos: Apoyo Para la Planeación y Ejecución de un Programa de Capacitación para el Fortalecimiento a Órganos de Representación y Participación Indígena.",,Dirección de Oficinas de Representación,Reyes Gama Mateos,,2025-12-31T00:00:00Z,"El Instituto Poblano de los Pueblos Indígenas informa que respecto a la columna “Hipervínculo a la información estadística, en su caso. La información debe publicarse con perspectiva de género, es decir, desagregando la información por sexo.” se encuentra vacía ya que no se generó la información durante el periodo reportado.",Adriana,Vargas,Pineda,"A Participar en el Componente de Mecanismos de Representación, Articulación Territorial a la Agenda Pública de los Pueblos y Comunidades Indígenas y Afromexicanos: Apoyo Para la Planeación y Ejecución de un Programa de Capacitación para el Fortalecimiento a Órganos de Representación y Participación Indígena.",Mujer,Mujer cisgénero,2025-11-04T00:00:00Z,60000,60000,Puebla,43,
2025,2025-10-01T00:00:00Z,2025-12-31T00:00:00Z,Local,Programas de servicios,Programa para el Desarrollo Integral de los Pueblos Indígenas (E088),"A Participar en el Componente de Mecanismos de Representación, Articulación Territorial a la Agenda Pública de los Pueblos y Comunidades Indígenas y Afromexicanos: Apoyo Para la Planeación y Ejecución de un Programa de Capacitación para el Fortalecimiento a Órganos de Representación y Participación Indígena.",,Dirección de Oficinas de Representación,Reyes Gama Mateos,,2025-12-31T00:00:00Z,"El Instituto Poblano de los Pueblos Indígenas informa que respecto a la columna “Hipervínculo a la información estadística, en su caso. La información debe publicarse con perspectiva de género, es decir, desagregando la información por sexo.” se encuentra vacía ya que no se generó la información durante el periodo reportado.",Aurora Del Rocío,Zapata,Calero,"A Participar en el Componente de Mecanismos de Representación, Articulación Territorial a la Agenda Pública de los Pueblos y Comunidades Indígenas y Afromexicanos: Apoyo Para la Planeación y Ejecución de un Programa de Capacitación para el Fortalecimiento a Órganos de Representación y Participación Indígena.",Mujer,Mujer cisgénero,2025-11-04T00:00:00Z,60000,60000,Puebla,37,
2025,2025-10-01T00:00:00Z,2025-12-31T00:00:00Z,Local,Programas de servicios,Programa para el Desarrollo Integral de los Pueblos Indígenas (E088),"A Participar en el Componente de Mecanismos de Representación, Articulación Territorial a la Agenda Pública de los Pueblos y Comunidades Indígenas y Afromexicanos: Apoyo Para la Planeación y Ejecución de un Programa de Capacitación para el Fortalecimiento a Órganos de Representación y Participación Indígena.",,Dirección de Oficinas de Representación,Reyes Gama Mateos,,2025-12-31T00:00:00Z,"El Instituto Poblano de los Pueblos Indígenas informa que respecto a la columna “Hipervínculo a la información estadística, en su caso. La información debe publicarse con perspectiva de género, es decir, desagregando la información por sexo.” se encuentra vacía ya que no se generó la información durante el periodo reportado.",Dulce María,Hernández,García,"A Participar en el Componente de Mecanismos de Representación, Articulación Territorial a la Agenda Pública de los Pueblos y Comunidades Indígenas y Afromexicanos: Apoyo Para la Planeación y Ejecución de un Programa de Capacitación para el Fortalecimiento a Órganos de Representación y Participación Indígena.",Mujer,Mujer cisgénero,2025-11-04T00:00:00Z,60000,60000,Puebla,24,
2025,2025-10-01T00:00:00Z,2025-12-31T00:00:00Z,Local,Programas de servicios,Programa para el Desarrollo Integral de los Pueblos Indígenas (E088),"A Participar en el Componente de Mecanismos de Representación, Articulación Territorial a la Agenda Pública de los Pueblos y Comunidades Indígenas y Afromexicanos: Apoyo Para la Planeación y Ejecución de un Programa de Capacitación para el Fortalecimiento a Órganos de Representación y Participación Indígena.",,Dirección de Oficinas de Representación,Reyes Gama Mateos,,2025-12-31T00:00:00Z,"El Instituto Poblano de los Pueblos Indígenas informa que respecto a la columna “Hipervínculo a la información estadística, en su caso. La información debe publicarse con perspectiva de género, es decir, desagregando la información por sexo.” se encuentra vacía ya que no se generó la información durante el periodo reportado.",María Del Rocío,Martínez,Salazar,"A Participar en el Componente de Mecanismos de Representación, Articulación Territorial a la Agenda Pública de los Pueblos y Comunidades Indígenas y Afromexicanos: Apoyo Para la Planeación y Ejecución de un Programa de Capacitación para el Fortalecimiento a Órganos de Representación y Participación Indígena.",Mujer,Mujer cisgénero,2025-08-15T00:00:00Z,60000,60000,Puebla,36,
2025,2025-10-01T00:00:00Z,2025-12-31T00:00:00Z,Local,Programas de servicios,Programa para el Desarrollo Integral de los Pueblos Indígenas (E088),"A Participar en el Componente de Mecanismos de Representación, Articulación Territorial a la Agenda Pública de los Pueblos y Comunidades Indígenas y Afromexicanos: Apoyo Para la Planeación y Ejecución de un Programa de Capacitación para el Fortalecimiento a Órganos de Representación y Participación Indígena.",,Dirección de Oficinas de Representación,Reyes Gama Mateos,,2025-12-31T00:00:00Z,"El Instituto Poblano de los Pueblos Indígenas informa que respecto a la columna “Hipervínculo a la información estadística, en su caso. La información debe publicarse con perspectiva de género, es decir, desagregando la información por sexo.” se encuentra vacía ya que no se generó la información durante el periodo reportado.",Gaudencio,Santos,Trinidad,"A Participar en el Componente de Mecanismos de Representación, Articulación Territorial a la Agenda Pública de los Pueblos y Comunidades Indígenas y Afromexicanos: Apoyo Para la Planeación y Ejecución de un Programa de Capacitación para el Fortalecimiento a Órganos de Representación y Participación Indígena.",Hombre,Hombre cisgénero,2025-08-15T00:00:00Z,60000,60000,Puebla,27,
2025,2025-10-01T00:00:00Z,2025-12-31T00:00:00Z,Local,Programas de servicios,Programa para el Desarrollo Integral de los Pueblos Indígenas (E088),"A Participar en el Componente de Mecanismos de Representación, Articulación Territorial a la Agenda Pública de los Pueblos y Comunidades Indígenas y Afromexicanos: Apoyo Para la Planeación y Ejecución de un Programa de Capacitación para el Fortalecimiento a Órganos de Representación y Participación Indígena.",,Dirección de Oficinas de Representación,Reyes Gama Mateos,,2025-12-31T00:00:00Z,"El Instituto Poblano de los Pueblos Indígenas informa que respecto a la columna “Hipervínculo a la información estadística, en su caso. La información debe publicarse con perspectiva de género, es decir, desagregando la información por sexo.” se encuentra vacía ya que no se generó la información durante el periodo reportado.",Juanita Manuela,González,Luna,"A Participar en el Componente de Mecanismos de Representación, Articulación Territorial a la Agenda Pública de los Pueblos y Comunidades Indígenas y Afromexicanos: Apoyo Para la Planeación y Ejecución de un Programa de Capacitación para el Fortalecimiento a Órganos de Representación y Participación Indígena.",Mujer,Mujer cisgénero,2025-08-15T00:00:00Z,60000,60000,Puebla,24,
